Workbook

Sheet Parameters
B2: Version | C2: GROUP2019.11.7
B3: Analysis Mode | C3: 3D
B4: Units | C4: SI | D4: (Enter EN for English Units, or SI for Standard International Units)
B5: Use KIPS | C5: 0 | D5: (For English Units, enter 1 to define KIPS as units of force, or 0 for LBS )

Sheet Load-Cases
H1: Number of load cases | J1: 6
G2: General Data | M2: Analysis Options
A4: N | B4: Load Case Name | C4: Load Type | D4: Scale Factor | E4: Run Analysis | F4: Cyclic Load | G4: Number Cycles | H4: Print | I4: Print | J4: Specify | K4: Foundation | L4: Incremental | M4: Distributed | N4: Soil | O4: Iterations | P4: Iterations | Q4: Tolerance | R4: Alternative | S4: Tolerance | T4: Tolerance | U4: Tolerance | V4: Initial | W4: Variable | Y4: Number
H5: Options | I5: Increments | J5: Displacements | K5: Stiffness | L5: Analysis | M5: Loads | N5: Movement | O5: Pile Group | P5: Pile | Q5: Pile Group | R5: Tol. Criteria | S5: Displacement | T5: Rotation | U5: Pile | V5: Step Inc. | W5: Step Inc. | X5: Axial Load | Y5: Processors
S6: =IF(Parameters!$C$4="EN","(in)",IF(Parameters!$C$4="SI","(m)","Unknown")) | U6: =IF(Parameters!$C$4="EN","(in)",IF(Parameters!$C$4="SI","(m)","Unknown"))
A7: 1 | B7: ASD1 M3 WPD 2C +Icap | C7: 0 | D7: 1 | E7: 0 | F7: 1 | G7: 10 | H7: 2 | I7: 10 | J7: 0 | K7: 0 | L7: 0 | M7: 0 | N7: 0 | O7: 250 | P7: 250 | Q7: 0.001 | R7: 0 | S7: 0.0001 | T7: 1e-06 | U7: 0.0001 | V7: 1 | W7: 1 | X7: 0 | Y7: 0
A8: 2 | B8: ASD3 M3 WPD 2C +Icap | C8: 0 | D8: 1 | E8: 0 | F8: 0 | G8: 10 | H8: 2 | I8: 10 | J8: 0 | K8: 0 | L8: 0 | M8: 0 | N8: 0 | O8: 250 | P8: 250 | Q8: 0.001 | R8: 0 | S8: 0.0001 | T8: 1e-06 | U8: 0.0001 | V8: 1 | W8: 1 | X8: 0 | Y8: 0
A9: 3 | B9: ASD4 M3 WPD 2C +Icap | C9: 0 | D9: 1 | E9: 0 | F9: 0 | G9: 10 | H9: 2 | I9: 10 | J9: 0 | K9: 0 | L9: 0 | M9: 0 | N9: 0 | O9: 250 | P9: 250 | Q9: 0.001 | R9: 0 | S9: 0.0001 | T9: 1e-06 | U9: 0.0001 | V9: 1 | W9: 1 | X9: 0 | Y9: 0
A10: 4 | B10: LRFD1 M3 WPD 2C +Icap | C10: 0 | D10: 1 | E10: 0 | F10: 1 | G10: 10 | H10: 2 | I10: 10 | J10: 0 | K10: 0 | L10: 0 | M10: 0 | N10: 0 | O10: 250 | P10: 250 | Q10: 0.001 | R10: 0 | S10: 0.0001 | T10: 1e-06 | U10: 0.0001 | V10: 1 | W10: 1 | X10: 0 | Y10: 0
A11: 5 | B11: LRFD3 M3 WPD 2C +Icap | C11: 0 | D11: 1 | E11: 0 | F11: 0 | G11: 10 | H11: 2 | I11: 10 | J11: 0 | K11: 0 | L11: 0 | M11: 0 | N11: 0 | O11: 250 | P11: 250 | Q11: 0.001 | R11: 0 | S11: 0.0001 | T11: 1e-06 | U11: 0.0001 | V11: 1 | W11: 1 | X11: 0 | Y11: 0
A12: 6 | B12: LRFD4 M3 WPD 2C +Icap | C12: 0 | D12: 1 | E12: 0 | F12: 0 | G12: 10 | H12: 2 | I12: 10 | J12: 0 | K12: 0 | L12: 0 | M12: 0 | N12: 0 | O12: 250 | P12: 250 | Q12: 0.001 | R12: 0 | S12: 0.0001 | T12: 1e-06 | U12: 0.0001 | V12: 1 | W12: 1 | X12: 0 | Y12: 0

Sheet Conc.Loads-3D
F2: Concentrated Loads
A4: Load Case | B4: N | C4: FX | D4: FY | E4: MZ | F4: FZ | G4: MY | H4: MX | I4: Coord. X | J4: Coord. Y | K4: Coord. Z
C5: =IF(Parameters!$C$4="EN",IF(Parameters!$C$5=0,"(lb)","(kips)"),IF(Parameters!$C$4="SI","(kN)","Unknown")) | D5: =IF(Parameters!$C$4="EN",IF(Parameters!$C$5=0,"(lb)","(kips)"),IF(Parameters!$C$4="SI","(kN)","Unknown")) | E5: =IF(Parameters!$C$4="EN",IF(Parameters!$C$5=0,"(lb-in)","(kips-in)"),IF(Parameters!$C$4="SI","(kN-m)","Unknown")) | F5: =IF(Parameters!$C$4="EN",IF(Parameters!$C$5=0,"(lb)","(kips)"),IF(Parameters!$C$4="SI","(kN)","Unknown")) | G5: =IF(Parameters!$C$4="EN",IF(Parameters!$C$5=0,"(lb-in)","(kips-in)"),IF(Parameters!$C$4="SI","(kN-m)","Unknown")) | H5: =IF(Parameters!$C$4="EN",IF(Parameters!$C$5=0,"(lb-in)","(kips-in)"),IF(Parameters!$C$4="SI","(kN-m)","Unknown")) | I5: =IF(Parameters!$C$4="EN","(ft)",IF(Parameters!$C$4="SI","(m)","Unknown")) | J5: =IF(Parameters!$C$4="EN","(ft)",IF(Parameters!$C$4="SI","(m)","Unknown")) | K5: =IF(Parameters!$C$4="EN","(ft)",IF(Parameters!$C$4="SI","(m)","Unknown"))
A7: 1 | B7: 1 | C7: 9615.1915 | D7: 0 | E7: 5951.7519 | F7: 0 | G7: 3712.1611 | H7: 0 | I7: -1.5 | J7: -5 | K7: -4.75
A8: 1 | B8: 2 | C8: 9615.1915 | D8: 0 | E8: 5951.7519 | F8: 0 | G8: -3712.1611 | H8: 0 | I8: -1.5 | J8: -5 | K8: 4.75
A9: 1 | B9: 3 | C9: 9615.1915 | D9: 0 | E9: -5951.7519 | F9: 0 | G9: 3712.1611 | H9: 0 | I9: -1.5 | J9: 5 | K9: -4.75
A10: 1 | B10: 4 | C10: 9615.1915 | D10: 0 | E10: -5951.7519 | F10: 0 | G10: -3712.1611 | H10: 0 | I10: -1.5 | J10: 5 | K10: 4.75
A11: 1 | B11: 5 | C11: 8212.5 | D11: 0 | E11: 0 | F11: 0 | G11: 0 | H11: 0 | I11: -0.75 | J11: 0 | K11: 0
A13: 2 | B13: 1 | C13: 10769.014 | D13: 169.925 | E13: 6530.0224 | F13: -50.9775 | G13: 4116.8385 | H13: 0 | I13: -1.5 | J13: -5 | K13: -4.75
A14: 2 | B14: 2 | C14: 10769.014 | D14: 169.925 | E14: 6530.0224 | F14: -50.9775 | G14: -4198.4023 | H14: 0 | I14: -1.5 | J14: -5 | K14: 4.75
A15: 2 | B15: 3 | C15: 10769.015 | D15: 169.925 | E15: -6801.9017 | F15: -50.9775 | G15: 4116.8385 | H15: 0 | I15: -1.5 | J15: 5 | K15: -4.75
A16: 2 | B16: 4 | C16: 10769.015 | D16: 169.925 | E16: -6801.9017 | F16: -50.9775 | G16: -4198.4023 | H16: 0 | I16: -1.5 | J16: 5 | K16: 4.75
A17: 2 | B17: 5 | C17: 9520.3406 | D17: 2615.6813 | E17: 0 | F17: -784.70437 | G17: 0 | H17: 0 | I17: -0.75 | J17: 0 | K17: 0
A19: 3 | B19: 1 | C19: 10769.015 | D19: 50.9775 | E19: 6625.1802 | F19: -169.925 | G19: 4021.6808 | H19: 0 | I19: -1.5 | J19: -5 | K19: -4.75
A20: 3 | B20: 2 | C20: 10769.014 | D20: 50.9775 | E20: 6625.1802 | F20: -169.925 | G20: -4293.56 | H20: 0 | I20: -1.5 | J20: -5 | K20: 4.75
... A41: 6 | B41: 5 | C41: 11723.344 | D41: 1121.0062 | E41: 0 | F41: -3736.6875 | G41: 0 | H41: 0 | I41: -0.75 | J41: 0 | K41: 0

Sheet Spec.Disp.-3D
J2: Specified Displacement or Concentrated Loads
A4: Load Case | B4: X TYPE | C4: DISP. X | D4: FORCE X | E4: Y TYPE | F4: DISP. Y | G4: FORCE Y | H4: RZ TYPE | I4: ROT. RZ | J4: MOMENT MZ | K4: Z TYPE | L4: DISP. Z | M4: FORCE Z | N4: RY TYPE | O4: ROT. RY | P4: MOMENT MY | Q4: RX TYPE | R4: ROT. RX | S4: MOMENT MX | T4: Coord. X | U4: Coord. Y | V4: Coord. Z
C5: =IF(Parameters!$C$4="EN","(in)",IF(Parameters!$C$4="SI","(m)","Unknown")) | D5: =IF(Parameters!$C$4="EN",IF(Parameters!$C$5=0,"(lb)","(kips)"),IF(Parameters!$C$4="SI","(kN)","Unknown")) | F5: =IF(Parameters!$C$4="EN","(in)",IF(Parameters!$C$4="SI","(m)","Unknown")) | G5: =IF(Parameters!$C$4="EN",IF(Parameters!$C$5=0,"(lb)","(kips)"),IF(Parameters!$C$4="SI","(kN)","Unknown")) | I5: (rad) | J5: =IF(Parameters!$C$4="EN",IF(Parameters!$C$5=0,"(lb-in)","(kips-in)"),IF(Parameters!$C$4="SI","(kN-m)","Unknown")) | L5: =IF(Parameters!$C$4="EN","(in)",IF(Parameters!$C$4="SI","(m)","Unknown")) | M5: =IF(Parameters!$C$4="EN",IF(Parameters!$C$5=0,"(lb)","(kips)"),IF(Parameters!$C$4="SI","(kN)","Unknown")) | O5: (rad) | P5: =IF(Parameters!$C$4="EN",IF(Parameters!$C$5=0,"(lb-in)","(kips-in)"),IF(Parameters!$C$4="SI","(kN-m)","Unknown")) | R5: (rad) | S5: =IF(Parameters!$C$4="EN",IF(Parameters!$C$5=0,"(lb-in)","(kips-in)"),IF(Parameters!$C$4="SI","(kN-m)","Unknown")) | T5: =IF(Parameters!$C$4="EN","(ft)",IF(Parameters!$C$4="SI","(m)","Unknown")) | U5: =IF(Parameters!$C$4="EN","(ft)",IF(Parameters!$C$4="SI","(m)","Unknown")) | V5: =IF(Parameters!$C$4="EN","(ft)",IF(Parameters!$C$4="SI","(m)","Unknown"))

Sheet Stiffness
B2: NonLinear Option | G2: Equivalent Elastic Option
A4: Load Case | B4: Compute | C4: Diagonal | D4: Axial | E4: Load or | F4: Scale | G4: Target | H4: Target | I4: Target | J4: Tolerance | K4: Max. | L4: Number | M4: Factor 1 | N4: Factor 2 | O4: Factor 3 | P4: Factor 4 | Q4: Factor 5 | R4: Factor 6 | S4: Factor 7 | T4: Factor 8 | U4: Factor 9 | V4: Factor 10
B5: Stiffness | C5: Stiffness | D5: Force | E5: Deflection | F5: Only DOF | G5: DOF | H5: Disp. | I5: Rotat. | K5: Iter. | L5: Points
H6: =IF(Parameters!$C$4="EN","(in)",IF(Parameters!$C$4="SI","(m)","Unknown")) | I6: (rad)

Sheet Incremental
G2: Incremental/Pushover Analysis
A4: Load Case | B4: Incremental | C4: Number | D4: Constant | E4: Constant | F4: Constant | G4: Constant | H4: Constant | I4: Constant | J4: Constant | K4: Factor 1 | L4: Factor 2 | M4: Factor 3 | N4: Factor 4 | O4: Factor 5 | P4: Factor 6 | Q4: Factor 7 | R4: Factor 8 | S4: Factor 9 | T4: Factor 10 | U4: Factor 11 | V4: Factor 12 | W4: Factor 13 | X4: Factor 14 | Y4: Factor 15 | Z4: Factor 16 | AA4: Factor 17 | AB4: Factor 18 | AC4: Factor 19 | AD4: Factor 20 | AE4: Factor 21 | AF4: Factor 22 | AG4: Factor 23 | AH4: Factor 24 | AI4: Factor 25
B5: Analysis | C5: Points | D5: Ux/Fx | E5: Uy/Fy | F5: Rz/Mz | G5: Uz/Fz | H5: Ry/My | I5: Rx/Mx | J5: DL

Sheet Dist.Load-3D
H2: Distributed Loads
A4: Load Case | B4: N | C4: Direction | D4: Pile Number | E4: End Pile | F4: Pile Incr. | G4: Dist. Load Y | H4: Factor Y | I4: Dist. Load Z | J4: Factor Z
G5: Set | I5: Set

Sheet Soil Move.-3D
H2: Soil Movement
A4: Load Case | B4: N | C4: Direction | D4: Pile Number | E4: End Pile | F4: Pile Incr. | G4: Soil Move. Y | H4: Factor Y | I4: Soil Move. Z | J4: Factor Z
G5: Set | I5: Set

Sheet Load-Comb
H1: Number of load combs.
F2: General Data | M2: Analysis Options
A4: N | B4: Load Combination Name | C4: Run Analysis | D4: Cyclic Load | E4: Number Cycles | F4: Print | G4: Print | H4: Res. Factor | I4: Res. Factor | J4: Iterations | K4: Iterations | L4: Tolerance | M4: Alternative | N4: Tolerance | O4: Tolerance | P4: Tolerance | Q4: Initial | R4: Minimum | S4: Variable | T4: Number
F5: Options | G5: Increments | H5: Bending | I5: Shear | J5: Pile Group | K5: Pile | L5: Pile Group | M5: Tol. Criteria | N5: Displacement | O5: Rotation | P5: Pile | Q5: Step Inc. | R5: Step Inc. | S5: Axial Load | T5: Processors
N6: =IF(Parameters!$C$4="EN","(in)",IF(Parameters!$C$4="SI","(m)","Unknown")) | P6: =IF(Parameters!$C$4="EN","(in)",IF(Parameters!$C$4="SI","(m)","Unknown"))

Sheet Comb-Factors
C2: Load factors
A4: Load Comb. | B4: N | C4: Load Case | D4: Load
C5: Index | D5: Factor

Sheet Comments
B2: Note | C2: Comment
B3: i | C3: Follow template to enter loading data
B4: ii | C4: Excel template will not check consistency of data
B5: iii | C5: Program may crash if loading data is not consistent
B6: iv | C6: Do not leave a blank line (except at the end) for Load-Cases and Load-Comb pages
B7: v | C7: Leave a blank line to separate data for load cases in pages:
C8: Conc.Loads, Spec.Disp, Stiffness and Dist.Load
B9: vi | C9: Leave a blank line to separate data for load combinations in page Comb-Factors
B10: vii | C10: Leave at least two blank lines to indicate end of data in pages:
C11: Conc.Loads, Spec.Disp, Stiffness, Incremental, Dist.Load and Comb-Factors
B12: viii | C12: Data in some pages is optional, please see template example
B13: ix | C13: Data in all pages start in Row 7
B15: x | C15: Rev_Reaction.xlsx (sheet w SIDL), transformasi: FX=FZrig, FY=-FXrig, FZ=FYrig, MZ=MYrig, MY=-MXrig, MX=MZrig(=0).
B16: xi | C16: Model full 2 cellar: Coord.Y = X_midas-50 (3241/3233 -> -5 m; 3226/3234 -> +5 m), Coord.Z = -4,75 (3241,3226) / +4,75 (3233,3234); beban N=5 = pile cap utuh di (-0,75;0;0).
B17: xii | C17: Pile cap 25x12x1,2 m, bukaan 2x(3,75x3,5) m, gamma 25 kN/m3: W utuh = 8212.50 kN. PGA cap = 0.455 g (0,7 x 0,65 reduksi likuefaksi). E=kh*W; ASD H=0,7E; LRFD H=E; tegak lurus 30%. Vertikal: ASD1/2=W; LRFD1=1,4W; LRFD2=1,2W; gempa=faktor*W+0,5H.
B18: xiii | C18: M3 (likuefaksi): hanya permanen (1) dan gempa (3,4); lateral spreading tidak ditinjau; p-multiplier/Sr diatur di model GROUP.
