Workbook

Sheet Input
A1: ANALISIS DAYA DUKUNG & PENURUNAN TANAH DASAR - TIMBUNAN WELLPAD
A2: Geotechnical Investigation & DED Geothermal Wellpad - PSPE Bora Pulu (PT EDC Panas Bumi Indonesia)
A3: Sel kuning = input. Semua sheet BH dan Ringkasan dihitung dari sheet ini.
A5: A. BEBAN
A6: Tinggi timbunan | F6: Hf | G6: 2 | H6: m | I6: arahan desain: timbunan 2 m di semua area
A7: Berat isi material timbunan (dipadatkan) | F7: γf | G7: 18 | H7: kN/m³ | I7: asumsi timbunan pilihan dipadatkan
A8: Beban merata di atas timbunan | F8: qs | G8: 100 | H8: kPa | I8: arahan desain: 100 kPa di semua area
A9: Tekanan total pada tanah dasar | F9: q | G9: =G6*G7+G8 | H9: kPa | I9: q = Hf·γf + qs
A10: Lebar area pembebanan | F10: B | G10: 40 | H10: m | I10: ASUMSI ukuran platform/area beban - sesuaikan
A11: Panjang area pembebanan | F11: L | G11: 60 | H11: m | I11: ASUMSI - sesuaikan (L ≥ B)
A13: B. KRITERIA
A14: Faktor keamanan daya dukung | F14: SF | G14: 3 | H14: - | I14: SNI 8460:2017 (daya dukung fondasi dangkal)
A15: Kedalaman tinjauan kekuatan tanah daya dukung | F15: Hb | G15: 5 | H15: m | I15: rata-rata parameter kuat geser 0 - Hb (sama dengan template)
A16: Batas penurunan total (informasi) | F16: S izin | G16: 100 | H16: mm | I16: ASUMSI untuk platform timbunan - sesuaikan
A18: C. KORELASI PARAMETER (dari N-SPT bila tidak ada uji lab)
A19: Kuat geser undrained lempung/lanau: cu = k·N | F19: k | G19: 5 | H19: kPa/N | I19: Stroud (1974), k ≈ 4,4-6; sama dengan PBCP & template
A20: Koreksi energi N60 = CE·N | F20: CE | G20: 1.083 | H20: - | I20: sama dengan analisis likuefaksi (ER 65%)
A21: Modulus pasir: Es = k·N60 | F21: k | G21: 1000 | H21: kPa | I21: Kulhawy & Mayne (1990): E/pa = 10·N60 (pasir berlanau); sama dgn E50 = 1000N template
A22: Modulus undrained lempung/lanau: Eu = k·cu | F22: k | G22: 500 | H22: - | I22: Bowles (1996), Eu = 500-1500 cu (konservatif)
A23: Rasio Cr / Cc | F23: - | G23: 0.2 | H23: - | I23: Cr ≈ 0,1-0,2 Cc (Das 2019)
A24: Rasio su / σ'p | F24: - | G24: 0.22 | H24: - | I24: Mesri (1975): σ'p = cu / 0,22
A25: Faktor waktu Tv untuk U = 90% | F25: Tv | G25: 0.848 | H25: - | I25: Terzaghi
A26: Poisson ratio pasir (drained) | F26: ν | G26: 0.3 | H26: - | I26: lanau/lempung undrained ν = 0,5
A27: Batas kedalaman pengaruh penurunan: Δσz/σ'v0 ≥ | F27: - | G27: 0.1 | H27: - | I27: lapisan dengan Δσz < 10% σ'v0 diabaikan (Das 2019)
A29: D. MATERIAL PENGGANTI (REPLACEMENT)
A30: Berat isi material pengganti (granular dipadatkan) | F30: γr | G30: 19 | H30: kN/m³ | I30: sirtu/selected fill dipadatkan
A31: Sudut geser material pengganti | F31: φ'r | G31: 35 | H31: ° | I31: granular dipadatkan
A32: Kedalaman penggantian Dr diisi per borehole (sheet BH, sel G8).
A34: Cc = 0,009(LL-10) (Terzaghi & Peck 1967); φ' pasir = 27,1 + 0,3N60 - 0,00054N60² (Wolff 1989); φ' lanau/lempung: sin φ' = 0,8 - 0,094 ln PI (Terzaghi, Peck & Mesri 1996), dibatasi 20-30°.
A35: Cv dari LL (NAVFAC DM-7.1, Fig. 5-7, contoh tak terganggu) - tabel di sheet Korelasi. Tidak ada uji konsolidasi (oedometer) pada penyelidikan ini.

Sheet Ringkasan
A1: RINGKASAN DAYA DUKUNG & PENURUNAN TANAH DASAR
A2: =" Beban: timbunan "&TEXT(Input!G6,"0.0")&" m + beban merata "&TEXT(Input!G8,"0")&" kPa → q = "&TEXT(Input!G9,"0")&" kPa; area "&TEXT(Input!G10,"0")&" × "&TEXT(Input!G11,"0")&" m"
A4: Borehole | B4: Area | C4: Lanau/lempung 0-Hb (m) | D4: cu (kPa) | E4: φ' (°) | F4: qall tanpa perbaikan (kPa) | G4: FS tanpa perbaikan | H4: Kontrol | I4: Dr replacement (m) | J4: qall desain (kPa) | K4: FS desain | L4: Kontrol desain | M4: H timbunan izin desain (m) | N4: qa pasir S=25 mm (kPa) | O4: Si elastis (mm) | P4: Si pasir B&B (mm) | Q4: Sc (mm) | R4: t90 (tahun) | S4: S total (mm)
A5: BH-01 | B5: Wellpad D | C5: ='BH-01'!$G$59 | D5: ='BH-01'!$G$60 | E5: ='BH-01'!$G$61 | F5: ='BH-01'!$G$70 | G5: ='BH-01'!$G$73 | H5: ='BH-01'!$G$72 | I5: ='BH-01'!$G$8 | J5: ='BH-01'!$G$88 | K5: ='BH-01'!$G$91 | L5: ='BH-01'!$G$90 | M5: ='BH-01'!$G$92 | N5: ='BH-01'!$G$96 | O5: ='BH-01'!$G$101 | P5: ='BH-01'!$G$110 | Q5: ='BH-01'!$G$115 | R5: ='BH-01'!$G$116 | S5: ='BH-01'!$G$119
A6: BH-02 | B6: Wellpad A | C6: ='BH-02'!$G$59 | D6: ='BH-02'!$G$60 | E6: ='BH-02'!$G$61 | F6: ='BH-02'!$G$70 | G6: ='BH-02'!$G$73 | H6: ='BH-02'!$G$72 | I6: ='BH-02'!$G$8 | J6: ='BH-02'!$G$88 | K6: ='BH-02'!$G$91 | L6: ='BH-02'!$G$90 | M6: ='BH-02'!$G$92 | N6: ='BH-02'!$G$96 | O6: ='BH-02'!$G$101 | P6: ='BH-02'!$G$110 | Q6: ='BH-02'!$G$115 | R6: ='BH-02'!$G$116 | S6: ='BH-02'!$G$119
A7: BH-03 | B7: Log Yard | C7: ='BH-03'!$G$59 | D7: ='BH-03'!$G$60 | E7: ='BH-03'!$G$61 | F7: ='BH-03'!$G$70 | G7: ='BH-03'!$G$73 | H7: ='BH-03'!$G$72 | I7: ='BH-03'!$G$8 | J7: ='BH-03'!$G$88 | K7: ='BH-03'!$G$91 | L7: ='BH-03'!$G$90 | M7: ='BH-03'!$G$92 | N7: ='BH-03'!$G$96 | O7: ='BH-03'!$G$101 | P7: ='BH-03'!$G$110 | Q7: ='BH-03'!$G$115 | R7: ='BH-03'!$G$116 | S7: ='BH-03'!$G$119
A8: BH-04 | B8: Wellpad D | C8: ='BH-04'!$G$59 | D8: ='BH-04'!$G$60 | E8: ='BH-04'!$G$61 | F8: ='BH-04'!$G$70 | G8: ='BH-04'!$G$73 | H8: ='BH-04'!$G$72 | I8: ='BH-04'!$G$8 | J8: ='BH-04'!$G$88 | K8: ='BH-04'!$G$91 | L8: ='BH-04'!$G$90 | M8: ='BH-04'!$G$92 | N8: ='BH-04'!$G$96 | O8: ='BH-04'!$G$101 | P8: ='BH-04'!$G$110 | Q8: ='BH-04'!$G$115 | R8: ='BH-04'!$G$116 | S8: ='BH-04'!$G$119
A9: BH-05 | B9: Wellpad A | C9: ='BH-05'!$G$59 | D9: ='BH-05'!$G$60 | E9: ='BH-05'!$G$61 | F9: ='BH-05'!$G$70 | G9: ='BH-05'!$G$73 | H9: ='BH-05'!$G$72 | I9: ='BH-05'!$G$8 | J9: ='BH-05'!$G$88 | K9: ='BH-05'!$G$91 | L9: ='BH-05'!$G$90 | M9: ='BH-05'!$G$92 | N9: ='BH-05'!$G$96 | O9: ='BH-05'!$G$101 | P9: ='BH-05'!$G$110 | Q9: ='BH-05'!$G$115 | R9: ='BH-05'!$G$116 | S9: ='BH-05'!$G$119
A11: CATATAN
A12: 1. Daya dukung: undrained (cu·Nc) bila ada lanau/lempung dalam 0 - Hb; drained (Vesic) untuk pasir. Pada area beban lebar (B besar) suku Nγ membuat qu drained sangat besar -
A13: artinya keruntuhan geser tidak menentukan; yang menentukan adalah penurunan.
A14: 2. Cara analisis tanah pasiran: (a) daya dukung drained dengan φ' dari N-SPT; (b) qa berbasis penurunan 25 mm (Meyerhof/Bowles); (c) penurunan segera dengan
A15: teori elastis berlapis (E dari N-SPT, batas atas konservatif karena E dianggap konstan) dan Burland & Burbidge (empiris, lebih realistis untuk pasir);
A16: (d) pasir tidak mengalami konsolidasi primer; (e) pasir jenuh lepas: tambahkan penurunan pasca-likuefaksi pada kondisi gempa.
A17: 3. Ukuran area beban B×L di sheet Input adalah ASUMSI (40 × 60 m). Penurunan sangat dipengaruhi ukuran area: untuk B = L = 10 m, Si turun ±50-75%.
A18: 4. Penurunan pasca-likuefaksi saat gempa (laporan likuefaksi Tabel 5.4): BH-01 289, BH-02 383, BH-03 227, BH-04 159, BH-05 100 mm - ditinjau terpisah.
A19: 5. BH-01 kedalaman 1,5 m: data SPT = lempung N5, laporan likuefaksi/lab = pasir SP N12. Dipakai data SPT (konservatif).

Sheet Korelasi
A1: TABEL KORELASI Cv - LL (NAVFAC DM-7.1)
A4: LL (%) | B4: Cv (cm²/s) | C4: log10 Cv
A5: 30 | B5: 0.003 | C5: =LOG10(B5)
A6: 40 | B6: 0.0015 | C6: =LOG10(B6)
A7: 50 | B7: 0.0007 | C7: =LOG10(B7)
A8: 60 | B8: 0.0004 | C8: =LOG10(B8)
A9: 80 | B9: 0.0002 | C9: =LOG10(B9)
A10: 100 | B10: 0.00012 | C10: =LOG10(B10)
A11: 120 | B11: 8e-05 | C11: =LOG10(B11)

Sheet BH-01
A1: ANALISIS DAYA DUKUNG, PENURUNAN SEGERA & KONSOLIDASI - BH-01 (Wellpad D)
A2: PSPE Bora Pulu - timbunan + beban merata (lihat sheet Input)
A4: 1. PARAMETER BOREHOLE
A5: Muka air tanah (GWL) | G5: 9 | H5: m | I5: GWL analisis likuefaksi (Report BP-00-GEO-RPT-003)
A6: Berat isi di atas GWL | G6: 17.8 | H6: kN/m³ | I6: Report Tabel 5.1 (hasil lab)
A7: Berat isi di bawah GWL | G7: 19.2 | H7: kN/m³ | I7: Report Tabel 5.1 (hasil lab)
A8: Kedalaman penggantian tanah (replacement) - kondisi desain | G8: 3 | H8: m | I8: 0 = tanpa perbaikan; tanah 0 - Dr diganti material granular (sheet Input bagian D)
A10: 2. TABEL TANAH & PERHITUNGAN PER LAPISAN (sublapisan = interval SPT 1,5 m)
A11: No | B11: Atas | C11: Bawah | D11: Tebal h | E11: Tengah z | F11: Jenis | G11: N-SPT | H11: γ | I11: σv bawah | J11: σ'v0 tengah | K11: LL | L11: PL | M11: PI | N11: e0 | O11: cu | P11: φ' | Q11: E | R11: ν | S11: m=B/2z | T11: n=L/2z | U11: I Bouss. | V11: Δσz pusat | W11: F1 (bawah) | X11: F2 (bawah) | Y11: faktor aktif | Z11: Si | AA11: Cc | AB11: Cr | AC11: σ'p | AD11: Sc | AE11: Cv | AF11: t90 | AG11: Δ 0-Hb | AH11: Δ 0-Hb sisa | AI11: Δ 0-zI | AJ11: Ket.
B12: m | C12: m | D12: m | E12: m | H12: kN/m³ | I12: kPa | J12: kPa | K12: % | L12: % | M12: % | N12: - | O12: kPa | P12: ° | Q12: kPa | R12: - | S12: - | T12: - | U12: - | V12: kPa | W12: - | X12: - | Y12: - | Z12: mm | AA12: - | AB12: - | AC12: kPa | AD12: mm | AE12: cm²/s | AF12: tahun | AG12: m | AH12: m | AI12: m
A13: 1 | B13: 0 | C13: 1.5 | D13: =C13-B13 | E13: =(B13+C13)/2 | F13: Clay | G13: 5 | H13: =IF(E13>$G$5,$G$7,$G$6) | I13: =H13*D13 | J13: =I13-H13*D13/2-10*MAX(E13-$G$5,0) | K13: 29.665 | L13: 19.806 | M13: =IF(K13="","",K13-L13) | N13: 0.681 | O13: =IF(F13="Sand",0,Input!$G$19*G13) | P13: =IF(F13="Sand",27.1+0.3*MIN(Input!$G$20*G13,60)-0.00054*MIN(Input!$G$20*G13,60)^2,MIN(MAX(DEGREES(ASIN(0.8-0.094*LN(MAX(IF(M13="",10,M13),5)))),20),30)) | Q13: =IF(F13="Sand",Input!$G$21*Input!$G$20*G13,Input!$G$22*O13) | R13: =IF(F13="Sand",Input!$G$26,0.5) | S13: =Input!$G$10/2/E13 | T13: =Input!$G$11/2/E13 | U13: =1/(4*PI())*(2*S13*T13*SQRT(S13^2+T13^2+1)/(S13^2+T13^2+1+S13^2*T13^2)*(S13^2+T13^2+2)/(S13^2+T13^2+1)+ATAN2(S13^2+T13^2+1-S13^2*T13^2,2*S13*T13*SQRT(S13^2+T13^2+1))) | V13: =4*Input!$G$9*U13 | W13: =((Input!$G$11/Input!$G$10)*LN((1+SQRT((Input!$G$11/Input!$G$10)^2+1))*SQRT((Input!$G$11/Input!$G$10)^2+(C13/(Input!$G$10/2))^2)/((Input!$G$11/Input!$G$10)*(1+SQRT((Input!$G$11/Input!$G$10)^2+(C13/(Input!$G$10/2))^2+1))))+LN(((Input!$G$11/Input!$G$10)+SQRT((Input!$G$11/Input!$G$10)^2+1))*SQRT(1+(C13/(Input!$G$10/2))^2)/((Input!$G$11/Input!$G$10)+SQRT((Input!$G$11/Input!$G$10)^2+(C13/(Input!$G$10/2))^2+1))))/PI() | X13: =(C13/(Input!$G$10/2))/(2*PI())*ATAN((Input!$G$11/Input!$G$10)/((C13/(Input!$G$10/2))*SQRT((Input!$G$11/Input!$G$10)^2+(C13/(Input!$G$10/2))^2+1))) | Y13: =MAX(0,C13-MAX(B13,$G$8))/D13*IF(V13>=Input!$G$27*J13,1,0) | Z13: =4*Input!$G$9*(Input!$G$10/2)*(1-R13^2)/Q13*((W13-0)+(1-2*R13)/(1-R13)*(X13-0))*1000*Y13 | AA13: =IF(F13="Sand",0,0.009*(K13-10)) | AB13: =AA13*Input!$G$23 | AC13: =IF(F13="Sand",0,MAX(O13/Input!$G$24,J13)) | AD13: =IF(F13="Sand",0,1000*D13/(1+N13)*IF(J13+V13<=AC13,AB13*LOG10((J13+V13)/J13),AB13*LOG10(AC13/J13)+AA13*LOG10((J13+V13)/AC13)))*Y13 | AE13: =IF(F13="Sand",0,10^(INDEX(Korelasi!$C$5:$C$11,MIN(MATCH(MIN(MAX(K13,30),120),Korelasi!$A$5:$A$11,1),6))+(MIN(MAX(K13,30),120)-INDEX(Korelasi!$A$5:$A$11,MIN(MATCH(MIN(MAX(K13,30),120),Korelasi!$A$5:$A$11,1),6)))/(INDEX(Korelasi!$A$5:$A$11,MIN(MATCH(MIN(MAX(K13,30),120),Korelasi!$A$5:$A$11,1),6)+1)-INDEX(Korelasi!$A$5:$A$11,MIN(MATCH(MIN(MAX(K13,30),120),Korelasi!$A$5:$A$11,1),6)))*(INDEX(Korelasi!$C$5:$C$11,MIN(MATCH(MIN(MAX(K13,30),120),Korelasi!$A$5:$A$11,1),6)+1)-INDEX(Korelasi!$C$5:$C$11,MIN(MATCH(MIN(MAX(K13,30),120),Korelasi!$A$5:$A$11,1),6))))) | AF13: =IF(OR(F13="Sand",Y13=0),0,Input!$G$25*(D13/2)^2/(AE13*1E-4*31536000)) | AG13: =MAX(0,MIN(C13,Input!$G$15)-B13) | AH13: =MAX(0,MIN(C13,Input!$G$15)-MAX(B13,$G$8)) | AI13: =MAX(0,MIN(C13,$G$106)-B13) | AJ13: 0-1,5 m tidak di-SPT: N lapisan berikut; LL/PL/e0 = rata-rata BH
A14: 2 | B14: 1.5 | C14: 3 | D14: =C14-B14 | E14: =(B14+C14)/2 | F14: Clay | G14: 5 | H14: =IF(E14>$G$5,$G$7,$G$6) | I14: =I13+H14*D14 | J14: =I14-H14*D14/2-10*MAX(E14-$G$5,0) | K14: 29.665 | L14: 19.806 | M14: =IF(K14="","",K14-L14) | N14: 0.952 | O14: =IF(F14="Sand",0,Input!$G$19*G14) | P14: =IF(F14="Sand",27.1+0.3*MIN(Input!$G$20*G14,60)-0.00054*MIN(Input!$G$20*G14,60)^2,MIN(MAX(DEGREES(ASIN(0.8-0.094*LN(MAX(IF(M14="",10,M14),5)))),20),30)) | Q14: =IF(F14="Sand",Input!$G$21*Input!$G$20*G14,Input!$G$22*O14) | R14: =IF(F14="Sand",Input!$G$26,0.5) | S14: =Input!$G$10/2/E14 | T14: =Input!$G$11/2/E14 | U14: =1/(4*PI())*(2*S14*T14*SQRT(S14^2+T14^2+1)/(S14^2+T14^2+1+S14^2*T14^2)*(S14^2+T14^2+2)/(S14^2+T14^2+1)+ATAN2(S14^2+T14^2+1-S14^2*T14^2,2*S14*T14*SQRT(S14^2+T14^2+1))) | V14: =4*Input!$G$9*U14 | W14: =((Input!$G$11/Input!$G$10)*LN((1+SQRT((Input!$G$11/Input!$G$10)^2+1))*SQRT((Input!$G$11/Input!$G$10)^2+(C14/(Input!$G$10/2))^2)/((Input!$G$11/Input!$G$10)*(1+SQRT((Input!$G$11/Input!$G$10)^2+(C14/(Input!$G$10/2))^2+1))))+LN(((Input!$G$11/Input!$G$10)+SQRT((Input!$G$11/Input!$G$10)^2+1))*SQRT(1+(C14/(Input!$G$10/2))^2)/((Input!$G$11/Input!$G$10)+SQRT((Input!$G$11/Input!$G$10)^2+(C14/(Input!$G$10/2))^2+1))))/PI() | X14: =(C14/(Input!$G$10/2))/(2*PI())*ATAN((Input!$G$11/Input!$G$10)/((C14/(Input!$G$10/2))*SQRT((Input!$G$11/Input!$G$10)^2+(C14/(Input!$G$10/2))^2+1))) | Y14: =MAX(0,C14-MAX(B14,$G$8))/D14*IF(V14>=Input!$G$27*J14,1,0) | Z14: =4*Input!$G$9*(Input!$G$10/2)*(1-R14^2)/Q14*((W14-W13)+(1-2*R14)/(1-R14)*(X14-X13))*1000*Y14 | AA14: =IF(F14="Sand",0,0.009*(K14-10)) | AB14: =AA14*Input!$G$23 | AC14: =IF(F14="Sand",0,MAX(O14/Input!$G$24,J14)) | AD14: =IF(F14="Sand",0,1000*D14/(1+N14)*IF(J14+V14<=AC14,AB14*LOG10((J14+V14)/J14),AB14*LOG10(AC14/J14)+AA14*LOG10((J14+V14)/AC14)))*Y14 | AE14: =IF(F14="Sand",0,10^(INDEX(Korelasi!$C$5:$C$11,MIN(MATCH(MIN(MAX(K14,30),120),Korelasi!$A$5:$A$11,1),6))+(MIN(MAX(K14,30),120)-INDEX(Korelasi!$A$5:$A$11,MIN(MATCH(MIN(MAX(K14,30),120),Korelasi!$A$5:$A$11,1),6)))/(INDEX(Korelasi!$A$5:$A$11,MIN(MATCH(MIN(MAX(K14,30),120),Korelasi!$A$5:$A$11,1),6)+1)-INDEX(Korelasi!$A$5:$A$11,MIN(MATCH(MIN(MAX(K14,30),120),Korelasi!$A$5:$A$11,1),6)))*(INDEX(Korelasi!$C$5:$C$11,MIN(MATCH(MIN(MAX(K14,30),120),Korelasi!$A$5:$A$11,1),6)+1)-INDEX(Korelasi!$C$5:$C$11,MIN(MATCH(MIN(MAX(K14,30),120),Korelasi!$A$5:$A$11,1),6))))) | AF14: =IF(OR(F14="Sand",Y14=0),0,Input!$G$25*(D14/2)^2/(AE14*1E-4*31536000)) | AG14: =MAX(0,MIN(C14,Input!$G$15)-B14) | AH14: =MAX(0,MIN(C14,Input!$G$15)-MAX(B14,$G$8)) | AI14: =MAX(0,MIN(C14,$G$106)-B14) | AJ14: LL/PL/e0 = rata-rata BH
A15: 3 | B15: 3 | C15: 5.5 | D15: =C15-B15 | E15: =(B15+C15)/2 | F15: Sand | G15: 18 | H15: =IF(E15>$G$5,$G$7,$G$6) | I15: =I14+H15*D15 | J15: =I15-H15*D15/2-10*MAX(E15-$G$5,0) | M15: =IF(K15="","",K15-L15) | N15: 0.759 | O15: =IF(F15="Sand",0,Input!$G$19*G15) | P15: =IF(F15="Sand",27.1+0.3*MIN(Input!$G$20*G15,60)-0.00054*MIN(Input!$G$20*G15,60)^2,MIN(MAX(DEGREES(ASIN(0.8-0.094*LN(MAX(IF(M15="",10,M15),5)))),20),30)) | Q15: =IF(F15="Sand",Input!$G$21*Input!$G$20*G15,Input!$G$22*O15) | R15: =IF(F15="Sand",Input!$G$26,0.5) | S15: =Input!$G$10/2/E15 | T15: =Input!$G$11/2/E15 | U15: =1/(4*PI())*(2*S15*T15*SQRT(S15^2+T15^2+1)/(S15^2+T15^2+1+S15^2*T15^2)*(S15^2+T15^2+2)/(S15^2+T15^2+1)+ATAN2(S15^2+T15^2+1-S15^2*T15^2,2*S15*T15*SQRT(S15^2+T15^2+1))) | V15: =4*Input!$G$9*U15 | W15: =((Input!$G$11/Input!$G$10)*LN((1+SQRT((Input!$G$11/Input!$G$10)^2+1))*SQRT((Input!$G$11/Input!$G$10)^2+(C15/(Input!$G$10/2))^2)/((Input!$G$11/Input!$G$10)*(1+SQRT((Input!$G$11/Input!$G$10)^2+(C15/(Input!$G$10/2))^2+1))))+LN(((Input!$G$11/Input!$G$10)+SQRT((Input!$G$11/Input!$G$10)^2+1))*SQRT(1+(C15/(Input!$G$10/2))^2)/((Input!$G$11/Input!$G$10)+SQRT((Input!$G$11/Input!$G$10)^2+(C15/(Input!$G$10/2))^2+1))))/PI() | X15: =(C15/(Input!$G$10/2))/(2*PI())*ATAN((Input!$G$11/Input!$G$10)/((C15/(Input!$G$10/2))*SQRT((Input!$G$11/Input!$G$10)^2+(C15/(Input!$G$10/2))^2+1))) | Y15: =MAX(0,C15-MAX(B15,$G$8))/D15*IF(V15>=Input!$G$27*J15,1,0) | Z15: =4*Input!$G$9*(Input!$G$10/2)*(1-R15^2)/Q15*((W15-W14)+(1-2*R15)/(1-R15)*(X15-X14))*1000*Y15 | AA15: =IF(F15="Sand",0,0.009*(K15-10)) | AB15: =AA15*Input!$G$23 | AC15: =IF(F15="Sand",0,MAX(O15/Input!$G$24,J15)) | AD15: =IF(F15="Sand",0,1000*D15/(1+N15)*IF(J15+V15<=AC15,AB15*LOG10((J15+V15)/J15),AB15*LOG10(AC15/J15)+AA15*LOG10((J15+V15)/AC15)))*Y15 | AE15: =IF(F15="Sand",0,10^(INDEX(Korelasi!$C$5:$C$11,MIN(MATCH(MIN(MAX(K15,30),120),Korelasi!$A$5:$A$11,1),6))+(MIN(MAX(K15,30),120)-INDEX(Korelasi!$A$5:$A$11,MIN(MATCH(MIN(MAX(K15,30),120),Korelasi!$A$5:$A$11,1),6)))/(INDEX(Korelasi!$A$5:$A$11,MIN(MATCH(MIN(MAX(K15,30),120),Korelasi!$A$5:$A$11,1),6)+1)-INDEX(Korelasi!$A$5:$A$11,MIN(MATCH(MIN(MAX(K15,30),120),Korelasi!$A$5:$A$11,1),6)))*(INDEX(Korelasi!$C$5:$C$11,MIN(MATCH(MIN(MAX(K15,30),120),Korelasi!$A$5:$A$11,1),6)+1)-INDEX(Korelasi!$C$5:$C$11,MIN(MATCH(MIN(MAX(K15,30),120),Korelasi!$A$5:$A$11,1),6))))) | AF15: =IF(OR(F15="Sand",Y15=0),0,Input!$G$25*(D15/2)^2/(AE15*1E-4*31536000)) | AG15: =MAX(0,MIN(C15,Input!$G$15)-B15) | AH15: =MAX(0,MIN(C15,Input!$G$15)-MAX(B15,$G$8)) | AI15: =MAX(0,MIN(C15,$G$106)-B15)
A16: 4 | B16: 5.5 | C16: 6 | D16: =C16-B16 | E16: =(B16+C16)/2 | F16: Silt | G16: 28 | H16: =IF(E16>$G$5,$G$7,$G$6) | I16: =I15+H16*D16 | J16: =I16-H16*D16/2-10*MAX(E16-$G$5,0) | K16: 29.665 | L16: 19.806 | M16: =IF(K16="","",K16-L16) | N16: 0.681 | O16: =IF(F16="Sand",0,Input!$G$19*G16) | P16: =IF(F16="Sand",27.1+0.3*MIN(Input!$G$20*G16,60)-0.00054*MIN(Input!$G$20*G16,60)^2,MIN(MAX(DEGREES(ASIN(0.8-0.094*LN(MAX(IF(M16="",10,M16),5)))),20),30)) | Q16: =IF(F16="Sand",Input!$G$21*Input!$G$20*G16,Input!$G$22*O16) | R16: =IF(F16="Sand",Input!$G$26,0.5) | S16: =Input!$G$10/2/E16 | T16: =Input!$G$11/2/E16 | U16: =1/(4*PI())*(2*S16*T16*SQRT(S16^2+T16^2+1)/(S16^2+T16^2+1+S16^2*T16^2)*(S16^2+T16^2+2)/(S16^2+T16^2+1)+ATAN2(S16^2+T16^2+1-S16^2*T16^2,2*S16*T16*SQRT(S16^2+T16^2+1))) | V16: =4*Input!$G$9*U16 | W16: =((Input!$G$11/Input!$G$10)*LN((1+SQRT((Input!$G$11/Input!$G$10)^2+1))*SQRT((Input!$G$11/Input!$G$10)^2+(C16/(Input!$G$10/2))^2)/((Input!$G$11/Input!$G$10)*(1+SQRT((Input!$G$11/Input!$G$10)^2+(C16/(Input!$G$10/2))^2+1))))+LN(((Input!$G$11/Input!$G$10)+SQRT((Input!$G$11/Input!$G$10)^2+1))*SQRT(1+(C16/(Input!$G$10/2))^2)/((Input!$G$11/Input!$G$10)+SQRT((Input!$G$11/Input!$G$10)^2+(C16/(Input!$G$10/2))^2+1))))/PI() | X16: =(C16/(Input!$G$10/2))/(2*PI())*ATAN((Input!$G$11/Input!$G$10)/((C16/(Input!$G$10/2))*SQRT((Input!$G$11/Input!$G$10)^2+(C16/(Input!$G$10/2))^2+1))) | Y16: =MAX(0,C16-MAX(B16,$G$8))/D16*IF(V16>=Input!$G$27*J16,1,0) | Z16: =4*Input!$G$9*(Input!$G$10/2)*(1-R16^2)/Q16*((W16-W15)+(1-2*R16)/(1-R16)*(X16-X15))*1000*Y16 | AA16: =IF(F16="Sand",0,0.009*(K16-10)) | AB16: =AA16*Input!$G$23 | AC16: =IF(F16="Sand",0,MAX(O16/Input!$G$24,J16)) | AD16: =IF(F16="Sand",0,1000*D16/(1+N16)*IF(J16+V16<=AC16,AB16*LOG10((J16+V16)/J16),AB16*LOG10(AC16/J16)+AA16*LOG10((J16+V16)/AC16)))*Y16 | AE16: =IF(F16="Sand",0,10^(INDEX(Korelasi!$C$5:$C$11,MIN(MATCH(MIN(MAX(K16,30),120),Korelasi!$A$5:$A$11,1),6))+(MIN(MAX(K16,30),120)-INDEX(Korelasi!$A$5:$A$11,MIN(MATCH(MIN(MAX(K16,30),120),Korelasi!$A$5:$A$11,1),6)))/(INDEX(Korelasi!$A$5:$A$11,MIN(MATCH(MIN(MAX(K16,30),120),Korelasi!$A$5:$A$11,1),6)+1)-INDEX(Korelasi!$A$5:$A$11,MIN(MATCH(MIN(MAX(K16,30),120),Korelasi!$A$5:$A$11,1),6)))*(INDEX(Korelasi!$C$5:$C$11,MIN(MATCH(MIN(MAX(K16,30),120),Korelasi!$A$5:$A$11,1),6)+1)-INDEX(Korelasi!$C$5:$C$11,MIN(MATCH(MIN(MAX(K16,30),120),Korelasi!$A$5:$A$11,1),6))))) | AF16: =IF(OR(F16="Sand",Y16=0),0,Input!$G$25*(D16/2)^2/(AE16*1E-4*31536000)) | AG16: =MAX(0,MIN(C16,Input!$G$15)-B16) | AH16: =MAX(0,MIN(C16,Input!$G$15)-MAX(B16,$G$8)) | AI16: =MAX(0,MIN(C16,$G$106)-B16) | AJ16: LL/PL/e0 = rata-rata BH
A17: 5 | B17: 6 | C17: 7.5 | D17: =C17-B17 | E17: =(B17+C17)/2 | F17: Silt | G17: 30 | H17: =IF(E17>$G$5,$G$7,$G$6) | I17: =I16+H17*D17 | J17: =I17-H17*D17/2-10*MAX(E17-$G$5,0) | K17: 29.665 | L17: 19.806 | M17: =IF(K17="","",K17-L17) | N17: 0.681 | O17: =IF(F17="Sand",0,Input!$G$19*G17) | P17: =IF(F17="Sand",27.1+0.3*MIN(Input!$G$20*G17,60)-0.00054*MIN(Input!$G$20*G17,60)^2,MIN(MAX(DEGREES(ASIN(0.8-0.094*LN(MAX(IF(M17="",10,M17),5)))),20),30)) | Q17: =IF(F17="Sand",Input!$G$21*Input!$G$20*G17,Input!$G$22*O17) | R17: =IF(F17="Sand",Input!$G$26,0.5) | S17: =Input!$G$10/2/E17 | T17: =Input!$G$11/2/E17 | U17: =1/(4*PI())*(2*S17*T17*SQRT(S17^2+T17^2+1)/(S17^2+T17^2+1+S17^2*T17^2)*(S17^2+T17^2+2)/(S17^2+T17^2+1)+ATAN2(S17^2+T17^2+1-S17^2*T17^2,2*S17*T17*SQRT(S17^2+T17^2+1))) | V17: =4*Input!$G$9*U17 | W17: =((Input!$G$11/Input!$G$10)*LN((1+SQRT((Input!$G$11/Input!$G$10)^2+1))*SQRT((Input!$G$11/Input!$G$10)^2+(C17/(Input!$G$10/2))^2)/((Input!$G$11/Input!$G$10)*(1+SQRT((Input!$G$11/Input!$G$10)^2+(C17/(Input!$G$10/2))^2+1))))+LN(((Input!$G$11/Input!$G$10)+SQRT((Input!$G$11/Input!$G$10)^2+1))*SQRT(1+(C17/(Input!$G$10/2))^2)/((Input!$G$11/Input!$G$10)+SQRT((Input!$G$11/Input!$G$10)^2+(C17/(Input!$G$10/2))^2+1))))/PI() | X17: =(C17/(Input!$G$10/2))/(2*PI())*ATAN((Input!$G$11/Input!$G$10)/((C17/(Input!$G$10/2))*SQRT((Input!$G$11/Input!$G$10)^2+(C17/(Input!$G$10/2))^2+1))) | Y17: =MAX(0,C17-MAX(B17,$G$8))/D17*IF(V17>=Input!$G$27*J17,1,0) | Z17: =4*Input!$G$9*(Input!$G$10/2)*(1-R17^2)/Q17*((W17-W16)+(1-2*R17)/(1-R17)*(X17-X16))*1000*Y17 | AA17: =IF(F17="Sand",0,0.009*(K17-10)) | AB17: =AA17*Input!$G$23 | AC17: =IF(F17="Sand",0,MAX(O17/Input!$G$24,J17)) | AD17: =IF(F17="Sand",0,1000*D17/(1+N17)*IF(J17+V17<=AC17,AB17*LOG10((J17+V17)/J17),AB17*LOG10(AC17/J17)+AA17*LOG10((J17+V17)/AC17)))*Y17 | AE17: =IF(F17="Sand",0,10^(INDEX(Korelasi!$C$5:$C$11,MIN(MATCH(MIN(MAX(K17,30),120),Korelasi!$A$5:$A$11,1),6))+(MIN(MAX(K17,30),120)-INDEX(Korelasi!$A$5:$A$11,MIN(MATCH(MIN(MAX(K17,30),120),Korelasi!$A$5:$A$11,1),6)))/(INDEX(Korelasi!$A$5:$A$11,MIN(MATCH(MIN(MAX(K17,30),120),Korelasi!$A$5:$A$11,1),6)+1)-INDEX(Korelasi!$A$5:$A$11,MIN(MATCH(MIN(MAX(K17,30),120),Korelasi!$A$5:$A$11,1),6)))*(INDEX(Korelasi!$C$5:$C$11,MIN(MATCH(MIN(MAX(K17,30),120),Korelasi!$A$5:$A$11,1),6)+1)-INDEX(Korelasi!$C$5:$C$11,MIN(MATCH(MIN(MAX(K17,30),120),Korelasi!$A$5:$A$11,1),6))))) | AF17: =IF(OR(F17="Sand",Y17=0),0,Input!$G$25*(D17/2)^2/(AE17*1E-4*31536000)) | AG17: =MAX(0,MIN(C17,Input!$G$15)-B17) | AH17: =MAX(0,MIN(C17,Input!$G$15)-MAX(B17,$G$8)) | AI17: =MAX(0,MIN(C17,$G$106)-B17) | AJ17: LL/PL/e0 = rata-rata BH
A18: 6 | B18: 7.5 | C18: 9 | D18: =C18-B18 | E18: =(B18+C18)/2 | F18: Sand | G18: 35 | H18: =IF(E18>$G$5,$G$7,$G$6) | I18: =I17+H18*D18 | J18: =I18-H18*D18/2-10*MAX(E18-$G$5,0) | M18: =IF(K18="","",K18-L18) | N18: 0.65 | O18: =IF(F18="Sand",0,Input!$G$19*G18) | P18: =IF(F18="Sand",27.1+0.3*MIN(Input!$G$20*G18,60)-0.00054*MIN(Input!$G$20*G18,60)^2,MIN(MAX(DEGREES(ASIN(0.8-0.094*LN(MAX(IF(M18="",10,M18),5)))),20),30)) | Q18: =IF(F18="Sand",Input!$G$21*Input!$G$20*G18,Input!$G$22*O18) | R18: =IF(F18="Sand",Input!$G$26,0.5) | S18: =Input!$G$10/2/E18 | T18: =Input!$G$11/2/E18 | U18: =1/(4*PI())*(2*S18*T18*SQRT(S18^2+T18^2+1)/(S18^2+T18^2+1+S18^2*T18^2)*(S18^2+T18^2+2)/(S18^2+T18^2+1)+ATAN2(S18^2+T18^2+1-S18^2*T18^2,2*S18*T18*SQRT(S18^2+T18^2+1))) | V18: =4*Input!$G$9*U18 | W18: =((Input!$G$11/Input!$G$10)*LN((1+SQRT((Input!$G$11/Input!$G$10)^2+1))*SQRT((Input!$G$11/Input!$G$10)^2+(C18/(Input!$G$10/2))^2)/((Input!$G$11/Input!$G$10)*(1+SQRT((Input!$G$11/Input!$G$10)^2+(C18/(Input!$G$10/2))^2+1))))+LN(((Input!$G$11/Input!$G$10)+SQRT((Input!$G$11/Input!$G$10)^2+1))*SQRT(1+(C18/(Input!$G$10/2))^2)/((Input!$G$11/Input!$G$10)+SQRT((Input!$G$11/Input!$G$10)^2+(C18/(Input!$G$10/2))^2+1))))/PI() | X18: =(C18/(Input!$G$10/2))/(2*PI())*ATAN((Input!$G$11/Input!$G$10)/((C18/(Input!$G$10/2))*SQRT((Input!$G$11/Input!$G$10)^2+(C18/(Input!$G$10/2))^2+1))) | Y18: =MAX(0,C18-MAX(B18,$G$8))/D18*IF(V18>=Input!$G$27*J18,1,0) | Z18: =4*Input!$G$9*(Input!$G$10/2)*(1-R18^2)/Q18*((W18-W17)+(1-2*R18)/(1-R18)*(X18-X17))*1000*Y18 | AA18: =IF(F18="Sand",0,0.009*(K18-10)) | AB18: =AA18*Input!$G$23 | AC18: =IF(F18="Sand",0,MAX(O18/Input!$G$24,J18)) | AD18: =IF(F18="Sand",0,1000*D18/(1+N18)*IF(J18+V18<=AC18,AB18*LOG10((J18+V18)/J18),AB18*LOG10(AC18/J18)+AA18*LOG10((J18+V18)/AC18)))*Y18 | AE18: =IF(F18="Sand",0,10^(INDEX(Korelasi!$C$5:$C$11,MIN(MATCH(MIN(MAX(K18,30),120),Korelasi!$A$5:$A$11,1),6))+(MIN(MAX(K18,30),120)-INDEX(Korelasi!$A$5:$A$11,MIN(MATCH(MIN(MAX(K18,30),120),Korelasi!$A$5:$A$11,1),6)))/(INDEX(Korelasi!$A$5:$A$11,MIN(MATCH(MIN(MAX(K18,30),120),Korelasi!$A$5:$A$11,1),6)+1)-INDEX(Korelasi!$A$5:$A$11,MIN(MATCH(MIN(MAX(K18,30),120),Korelasi!$A$5:$A$11,1),6)))*(INDEX(Korelasi!$C$5:$C$11,MIN(MATCH(MIN(MAX(K18,30),120),Korelasi!$A$5:$A$11,1),6)+1)-INDEX(Korelasi!$C$5:$C$11,MIN(MATCH(MIN(MAX(K18,30),120),Korelasi!$A$5:$A$11,1),6))))) | AF18: =IF(OR(F18="Sand",Y18=0),0,Input!$G$25*(D18/2)^2/(AE18*1E-4*31536000)) | AG18: =MAX(0,MIN(C18,Input!$G$15)-B18) | AH18: =MAX(0,MIN(C18,Input!$G$15)-MAX(B18,$G$8)) | AI18: =MAX(0,MIN(C18,$G$106)-B18)
A19: 7 | B19: 9 | C19: 10.5 | D19: =C19-B19 | E19: =(B19+C19)/2 | F19: Sand | G19: 34 | H19: =IF(E19>$G$5,$G$7,$G$6) | I19: =I18+H19*D19 | J19: =I19-H19*D19/2-10*MAX(E19-$G$5,0) | M19: =IF(K19="","",K19-L19) | N19: 0.465 | O19: =IF(F19="Sand",0,Input!$G$19*G19) | P19: =IF(F19="Sand",27.1+0.3*MIN(Input!$G$20*G19,60)-0.00054*MIN(Input!$G$20*G19,60)^2,MIN(MAX(DEGREES(ASIN(0.8-0.094*LN(MAX(IF(M19="",10,M19),5)))),20),30)) | Q19: =IF(F19="Sand",Input!$G$21*Input!$G$20*G19,Input!$G$22*O19) | R19: =IF(F19="Sand",Input!$G$26,0.5) | S19: =Input!$G$10/2/E19 | T19: =Input!$G$11/2/E19 | U19: =1/(4*PI())*(2*S19*T19*SQRT(S19^2+T19^2+1)/(S19^2+T19^2+1+S19^2*T19^2)*(S19^2+T19^2+2)/(S19^2+T19^2+1)+ATAN2(S19^2+T19^2+1-S19^2*T19^2,2*S19*T19*SQRT(S19^2+T19^2+1))) | V19: =4*Input!$G$9*U19 | W19: =((Input!$G$11/Input!$G$10)*LN((1+SQRT((Input!$G$11/Input!$G$10)^2+1))*SQRT((Input!$G$11/Input!$G$10)^2+(C19/(Input!$G$10/2))^2)/((Input!$G$11/Input!$G$10)*(1+SQRT((Input!$G$11/Input!$G$10)^2+(C19/(Input!$G$10/2))^2+1))))+LN(((Input!$G$11/Input!$G$10)+SQRT((Input!$G$11/Input!$G$10)^2+1))*SQRT(1+(C19/(Input!$G$10/2))^2)/((Input!$G$11/Input!$G$10)+SQRT((Input!$G$11/Input!$G$10)^2+(C19/(Input!$G$10/2))^2+1))))/PI() | X19: =(C19/(Input!$G$10/2))/(2*PI())*ATAN((Input!$G$11/Input!$G$10)/((C19/(Input!$G$10/2))*SQRT((Input!$G$11/Input!$G$10)^2+(C19/(Input!$G$10/2))^2+1))) | Y19: =MAX(0,C19-MAX(B19,$G$8))/D19*IF(V19>=Input!$G$27*J19,1,0) | Z19: =4*Input!$G$9*(Input!$G$10/2)*(1-R19^2)/Q19*((W19-W18)+(1-2*R19)/(1-R19)*(X19-X18))*1000*Y19 | AA19: =IF(F19="Sand",0,0.009*(K19-10)) | AB19: =AA19*Input!$G$23 | AC19: =IF(F19="Sand",0,MAX(O19/Input!$G$24,J19)) | AD19: =IF(F19="Sand",0,1000*D19/(1+N19)*IF(J19+V19<=AC19,AB19*LOG10((J19+V19)/J19),AB19*LOG10(AC19/J19)+AA19*LOG10((J19+V19)/AC19)))*Y19 | AE19: =IF(F19="Sand",0,10^(INDEX(Korelasi!$C$5:$C$11,MIN(MATCH(MIN(MAX(K19,30),120),Korelasi!$A$5:$A$11,1),6))+(MIN(MAX(K19,30),120)-INDEX(Korelasi!$A$5:$A$11,MIN(MATCH(MIN(MAX(K19,30),120),Korelasi!$A$5:$A$11,1),6)))/(INDEX(Korelasi!$A$5:$A$11,MIN(MATCH(MIN(MAX(K19,30),120),Korelasi!$A$5:$A$11,1),6)+1)-INDEX(Korelasi!$A$5:$A$11,MIN(MATCH(MIN(MAX(K19,30),120),Korelasi!$A$5:$A$11,1),6)))*(INDEX(Korelasi!$C$5:$C$11,MIN(MATCH(MIN(MAX(K19,30),120),Korelasi!$A$5:$A$11,1),6)+1)-INDEX(Korelasi!$C$5:$C$11,MIN(MATCH(MIN(MAX(K19,30),120),Korelasi!$A$5:$A$11,1),6))))) | AF19: =IF(OR(F19="Sand",Y19=0),0,Input!$G$25*(D19/2)^2/(AE19*1E-4*31536000)) | AG19: =MAX(0,MIN(C19,Input!$G$15)-B19) | AH19: =MAX(0,MIN(C19,Input!$G$15)-MAX(B19,$G$8)) | AI19: =MAX(0,MIN(C19,$G$106)-B19)
A20: 8 | B20: 10.5 | C20: 12 | D20: =C20-B20 | E20: =(B20+C20)/2 | F20: Sand | G20: 13 | H20: =IF(E20>$G$5,$G$7,$G$6) | I20: =I19+H20*D20 | J20: =I20-H20*D20/2-10*MAX(E20-$G$5,0) | M20: =IF(K20="","",K20-L20) | N20: 0.65 | O20: =IF(F20="Sand",0,Input!$G$19*G20) | P20: =IF(F20="Sand",27.1+0.3*MIN(Input!$G$20*G20,60)-0.00054*MIN(Input!$G$20*G20,60)^2,MIN(MAX(DEGREES(ASIN(0.8-0.094*LN(MAX(IF(M20="",10,M20),5)))),20),30)) | Q20: =IF(F20="Sand",Input!$G$21*Input!$G$20*G20,Input!$G$22*O20) | R20: =IF(F20="Sand",Input!$G$26,0.5) | S20: =Input!$G$10/2/E20 | T20: =Input!$G$11/2/E20 | U20: =1/(4*PI())*(2*S20*T20*SQRT(S20^2+T20^2+1)/(S20^2+T20^2+1+S20^2*T20^2)*(S20^2+T20^2+2)/(S20^2+T20^2+1)+ATAN2(S20^2+T20^2+1-S20^2*T20^2,2*S20*T20*SQRT(S20^2+T20^2+1))) | V20: =4*Input!$G$9*U20 | W20: =((Input!$G$11/Input!$G$10)*LN((1+SQRT((Input!$G$11/Input!$G$10)^2+1))*SQRT((Input!$G$11/Input!$G$10)^2+(C20/(Input!$G$10/2))^2)/((Input!$G$11/Input!$G$10)*(1+SQRT((Input!$G$11/Input!$G$10)^2+(C20/(Input!$G$10/2))^2+1))))+LN(((Input!$G$11/Input!$G$10)+SQRT((Input!$G$11/Input!$G$10)^2+1))*SQRT(1+(C20/(Input!$G$10/2))^2)/((Input!$G$11/Input!$G$10)+SQRT((Input!$G$11/Input!$G$10)^2+(C20/(Input!$G$10/2))^2+1))))/PI() | X20: =(C20/(Input!$G$10/2))/(2*PI())*ATAN((Input!$G$11/Input!$G$10)/((C20/(Input!$G$10/2))*SQRT((Input!$G$11/Input!$G$10)^2+(C20/(Input!$G$10/2))^2+1))) | Y20: =MAX(0,C20-MAX(B20,$G$8))/D20*IF(V20>=Input!$G$27*J20,1,0) | Z20: =4*Input!$G$9*(Input!$G$10/2)*(1-R20^2)/Q20*((W20-W19)+(1-2*R20)/(1-R20)*(X20-X19))*1000*Y20 | AA20: =IF(F20="Sand",0,0.009*(K20-10)) | AB20: =AA20*Input!$G$23 | AC20: =IF(F20="Sand",0,MAX(O20/Input!$G$24,J20)) | AD20: =IF(F20="Sand",0,1000*D20/(1+N20)*IF(J20+V20<=AC20,AB20*LOG10((J20+V20)/J20),AB20*LOG10(AC20/J20)+AA20*LOG10((J20+V20)/AC20)))*Y20 | AE20: =IF(F20="Sand",0,10^(INDEX(Korelasi!$C$5:$C$11,MIN(MATCH(MIN(MAX(K20,30),120),Korelasi!$A$5:$A$11,1),6))+(MIN(MAX(K20,30),120)-INDEX(Korelasi!$A$5:$A$11,MIN(MATCH(MIN(MAX(K20,30),120),Korelasi!$A$5:$A$11,1),6)))/(INDEX(Korelasi!$A$5:$A$11,MIN(MATCH(MIN(MAX(K20,30),120),Korelasi!$A$5:$A$11,1),6)+1)-INDEX(Korelasi!$A$5:$A$11,MIN(MATCH(MIN(MAX(K20,30),120),Korelasi!$A$5:$A$11,1),6)))*(INDEX(Korelasi!$C$5:$C$11,MIN(MATCH(MIN(MAX(K20,30),120),Korelasi!$A$5:$A$11,1),6)+1)-INDEX(Korelasi!$C$5:$C$11,MIN(MATCH(MIN(MAX(K20,30),120),Korelasi!$A$5:$A$11,1),6))))) | AF20: =IF(OR(F20="Sand",Y20=0),0,Input!$G$25*(D20/2)^2/(AE20*1E-4*31536000)) | AG20: =MAX(0,MIN(C20,Input!$G$15)-B20) | AH20: =MAX(0,MIN(C20,Input!$G$15)-MAX(B20,$G$8)) | AI20: =MAX(0,MIN(C20,$G$106)-B20)
A21: 9 | B21: 12 | C21: 13.5 | D21: =C21-B21 | E21: =(B21+C21)/2 | F21: Sand | G21: 17 | H21: =IF(E21>$G$5,$G$7,$G$6) | I21: =I20+H21*D21 | J21: =I21-H21*D21/2-10*MAX(E21-$G$5,0) | M21: =IF(K21="","",K21-L21) | N21: 0.414 | O21: =IF(F21="Sand",0,Input!$G$19*G21) | P21: =IF(F21="Sand",27.1+0.3*MIN(Input!$G$20*G21,60)-0.00054*MIN(Input!$G$20*G21,60)^2,MIN(MAX(DEGREES(ASIN(0.8-0.094*LN(MAX(IF(M21="",10,M21),5)))),20),30)) | Q21: =IF(F21="Sand",Input!$G$21*Input!$G$20*G21,Input!$G$22*O21) | R21: =IF(F21="Sand",Input!$G$26,0.5) | S21: =Input!$G$10/2/E21 | T21: =Input!$G$11/2/E21 | U21: =1/(4*PI())*(2*S21*T21*SQRT(S21^2+T21^2+1)/(S21^2+T21^2+1+S21^2*T21^2)*(S21^2+T21^2+2)/(S21^2+T21^2+1)+ATAN2(S21^2+T21^2+1-S21^2*T21^2,2*S21*T21*SQRT(S21^2+T21^2+1))) | V21: =4*Input!$G$9*U21 | W21: =((Input!$G$11/Input!$G$10)*LN((1+SQRT((Input!$G$11/Input!$G$10)^2+1))*SQRT((Input!$G$11/Input!$G$10)^2+(C21/(Input!$G$10/2))^2)/((Input!$G$11/Input!$G$10)*(1+SQRT((Input!$G$11/Input!$G$10)^2+(C21/(Input!$G$10/2))^2+1))))+LN(((Input!$G$11/Input!$G$10)+SQRT((Input!$G$11/Input!$G$10)^2+1))*SQRT(1+(C21/(Input!$G$10/2))^2)/((Input!$G$11/Input!$G$10)+SQRT((Input!$G$11/Input!$G$10)^2+(C21/(Input!$G$10/2))^2+1))))/PI() | X21: =(C21/(Input!$G$10/2))/(2*PI())*ATAN((Input!$G$11/Input!$G$10)/((C21/(Input!$G$10/2))*SQRT((Input!$G$11/Input!$G$10)^2+(C21/(Input!$G$10/2))^2+1))) | Y21: =MAX(0,C21-MAX(B21,$G$8))/D21*IF(V21>=Input!$G$27*J21,1,0) | Z21: =4*Input!$G$9*(Input!$G$10/2)*(1-R21^2)/Q21*((W21-W20)+(1-2*R21)/(1-R21)*(X21-X20))*1000*Y21 | AA21: =IF(F21="Sand",0,0.009*(K21-10)) | AB21: =AA21*Input!$G$23 | AC21: =IF(F21="Sand",0,MAX(O21/Input!$G$24,J21)) | AD21: =IF(F21="Sand",0,1000*D21/(1+N21)*IF(J21+V21<=AC21,AB21*LOG10((J21+V21)/J21),AB21*LOG10(AC21/J21)+AA21*LOG10((J21+V21)/AC21)))*Y21 | AE21: =IF(F21="Sand",0,10^(INDEX(Korelasi!$C$5:$C$11,MIN(MATCH(MIN(MAX(K21,30),120),Korelasi!$A$5:$A$11,1),6))+(MIN(MAX(K21,30),120)-INDEX(Korelasi!$A$5:$A$11,MIN(MATCH(MIN(MAX(K21,30),120),Korelasi!$A$5:$A$11,1),6)))/(INDEX(Korelasi!$A$5:$A$11,MIN(MATCH(MIN(MAX(K21,30),120),Korelasi!$A$5:$A$11,1),6)+1)-INDEX(Korelasi!$A$5:$A$11,MIN(MATCH(MIN(MAX(K21,30),120),Korelasi!$A$5:$A$11,1),6)))*(INDEX(Korelasi!$C$5:$C$11,MIN(MATCH(MIN(MAX(K21,30),120),Korelasi!$A$5:$A$11,1),6)+1)-INDEX(Korelasi!$C$5:$C$11,MIN(MATCH(MIN(MAX(K21,30),120),Korelasi!$A$5:$A$11,1),6))))) | AF21: =IF(OR(F21="Sand",Y21=0),0,Input!$G$25*(D21/2)^2/(AE21*1E-4*31536000)) | AG21: =MAX(0,MIN(C21,Input!$G$15)-B21) | AH21: =MAX(0,MIN(C21,Input!$G$15)-MAX(B21,$G$8)) | AI21: =MAX(0,MIN(C21,$G$106)-B21)
A22: 10 | B22: 13.5 | C22: 15 | D22: =C22-B22 | E22: =(B22+C22)/2 | F22: Sand | G22: 18 | H22: =IF(E22>$G$5,$G$7,$G$6) | I22: =I21+H22*D22 | J22: =I22-H22*D22/2-10*MAX(E22-$G$5,0) | M22: =IF(K22="","",K22-L22) | N22: 0.747 | O22: =IF(F22="Sand",0,Input!$G$19*G22) | P22: =IF(F22="Sand",27.1+0.3*MIN(Input!$G$20*G22,60)-0.00054*MIN(Input!$G$20*G22,60)^2,MIN(MAX(DEGREES(ASIN(0.8-0.094*LN(MAX(IF(M22="",10,M22),5)))),20),30)) | Q22: =IF(F22="Sand",Input!$G$21*Input!$G$20*G22,Input!$G$22*O22) | R22: =IF(F22="Sand",Input!$G$26,0.5) | S22: =Input!$G$10/2/E22 | T22: =Input!$G$11/2/E22 | U22: =1/(4*PI())*(2*S22*T22*SQRT(S22^2+T22^2+1)/(S22^2+T22^2+1+S22^2*T22^2)*(S22^2+T22^2+2)/(S22^2+T22^2+1)+ATAN2(S22^2+T22^2+1-S22^2*T22^2,2*S22*T22*SQRT(S22^2+T22^2+1))) | V22: =4*Input!$G$9*U22 | W22: =((Input!$G$11/Input!$G$10)*LN((1+SQRT((Input!$G$11/Input!$G$10)^2+1))*SQRT((Input!$G$11/Input!$G$10)^2+(C22/(Input!$G$10/2))^2)/((Input!$G$11/Input!$G$10)*(1+SQRT((Input!$G$11/Input!$G$10)^2+(C22/(Input!$G$10/2))^2+1))))+LN(((Input!$G$11/Input!$G$10)+SQRT((Input!$G$11/Input!$G$10)^2+1))*SQRT(1+(C22/(Input!$G$10/2))^2)/((Input!$G$11/Input!$G$10)+SQRT((Input!$G$11/Input!$G$10)^2+(C22/(Input!$G$10/2))^2+1))))/PI() | X22: =(C22/(Input!$G$10/2))/(2*PI())*ATAN((Input!$G$11/Input!$G$10)/((C22/(Input!$G$10/2))*SQRT((Input!$G$11/Input!$G$10)^2+(C22/(Input!$G$10/2))^2+1))) | Y22: =MAX(0,C22-MAX(B22,$G$8))/D22*IF(V22>=Input!$G$27*J22,1,0) | Z22: =4*Input!$G$9*(Input!$G$10/2)*(1-R22^2)/Q22*((W22-W21)+(1-2*R22)/(1-R22)*(X22-X21))*1000*Y22 | AA22: =IF(F22="Sand",0,0.009*(K22-10)) | AB22: =AA22*Input!$G$23 | AC22: =IF(F22="Sand",0,MAX(O22/Input!$G$24,J22)) | AD22: =IF(F22="Sand",0,1000*D22/(1+N22)*IF(J22+V22<=AC22,AB22*LOG10((J22+V22)/J22),AB22*LOG10(AC22/J22)+AA22*LOG10((J22+V22)/AC22)))*Y22 | AE22: =IF(F22="Sand",0,10^(INDEX(Korelasi!$C$5:$C$11,MIN(MATCH(MIN(MAX(K22,30),120),Korelasi!$A$5:$A$11,1),6))+(MIN(MAX(K22,30),120)-INDEX(Korelasi!$A$5:$A$11,MIN(MATCH(MIN(MAX(K22,30),120),Korelasi!$A$5:$A$11,1),6)))/(INDEX(Korelasi!$A$5:$A$11,MIN(MATCH(MIN(MAX(K22,30),120),Korelasi!$A$5:$A$11,1),6)+1)-INDEX(Korelasi!$A$5:$A$11,MIN(MATCH(MIN(MAX(K22,30),120),Korelasi!$A$5:$A$11,1),6)))*(INDEX(Korelasi!$C$5:$C$11,MIN(MATCH(MIN(MAX(K22,30),120),Korelasi!$A$5:$A$11,1),6)+1)-INDEX(Korelasi!$C$5:$C$11,MIN(MATCH(MIN(MAX(K22,30),120),Korelasi!$A$5:$A$11,1),6))))) | AF22: =IF(OR(F22="Sand",Y22=0),0,Input!$G$25*(D22/2)^2/(AE22*1E-4*31536000)) | AG22: =MAX(0,MIN(C22,Input!$G$15)-B22) | AH22: =MAX(0,MIN(C22,Input!$G$15)-MAX(B22,$G$8)) | AI22: =MAX(0,MIN(C22,$G$106)-B22)
A23: 11 | B23: 15 | C23: 16.5 | D23: =C23-B23 | E23: =(B23+C23)/2 | F23: Sand | G23: 19 | H23: =IF(E23>$G$5,$G$7,$G$6) | I23: =I22+H23*D23 | J23: =I23-H23*D23/2-10*MAX(E23-$G$5,0) | M23: =IF(K23="","",K23-L23) | N23: 0.65 | O23: =IF(F23="Sand",0,Input!$G$19*G23) | P23: =IF(F23="Sand",27.1+0.3*MIN(Input!$G$20*G23,60)-0.00054*MIN(Input!$G$20*G23,60)^2,MIN(MAX(DEGREES(ASIN(0.8-0.094*LN(MAX(IF(M23="",10,M23),5)))),20),30)) | Q23: =IF(F23="Sand",Input!$G$21*Input!$G$20*G23,Input!$G$22*O23) | R23: =IF(F23="Sand",Input!$G$26,0.5) | S23: =Input!$G$10/2/E23 | T23: =Input!$G$11/2/E23 | U23: =1/(4*PI())*(2*S23*T23*SQRT(S23^2+T23^2+1)/(S23^2+T23^2+1+S23^2*T23^2)*(S23^2+T23^2+2)/(S23^2+T23^2+1)+ATAN2(S23^2+T23^2+1-S23^2*T23^2,2*S23*T23*SQRT(S23^2+T23^2+1))) | V23: =4*Input!$G$9*U23 | W23: =((Input!$G$11/Input!$G$10)*LN((1+SQRT((Input!$G$11/Input!$G$10)^2+1))*SQRT((Input!$G$11/Input!$G$10)^2+(C23/(Input!$G$10/2))^2)/((Input!$G$11/Input!$G$10)*(1+SQRT((Input!$G$11/Input!$G$10)^2+(C23/(Input!$G$10/2))^2+1))))+LN(((Input!$G$11/Input!$G$10)+SQRT((Input!$G$11/Input!$G$10)^2+1))*SQRT(1+(C23/(Input!$G$10/2))^2)/((Input!$G$11/Input!$G$10)+SQRT((Input!$G$11/Input!$G$10)^2+(C23/(Input!$G$10/2))^2+1))))/PI() | X23: =(C23/(Input!$G$10/2))/(2*PI())*ATAN((Input!$G$11/Input!$G$10)/((C23/(Input!$G$10/2))*SQRT((Input!$G$11/Input!$G$10)^2+(C23/(Input!$G$10/2))^2+1))) | Y23: =MAX(0,C23-MAX(B23,$G$8))/D23*IF(V23>=Input!$G$27*J23,1,0) | Z23: =4*Input!$G$9*(Input!$G$10/2)*(1-R23^2)/Q23*((W23-W22)+(1-2*R23)/(1-R23)*(X23-X22))*1000*Y23 | AA23: =IF(F23="Sand",0,0.009*(K23-10)) | AB23: =AA23*Input!$G$23 | AC23: =IF(F23="Sand",0,MAX(O23/Input!$G$24,J23)) | AD23: =IF(F23="Sand",0,1000*D23/(1+N23)*IF(J23+V23<=AC23,AB23*LOG10((J23+V23)/J23),AB23*LOG10(AC23/J23)+AA23*LOG10((J23+V23)/AC23)))*Y23 | AE23: =IF(F23="Sand",0,10^(INDEX(Korelasi!$C$5:$C$11,MIN(MATCH(MIN(MAX(K23,30),120),Korelasi!$A$5:$A$11,1),6))+(MIN(MAX(K23,30),120)-INDEX(Korelasi!$A$5:$A$11,MIN(MATCH(MIN(MAX(K23,30),120),Korelasi!$A$5:$A$11,1),6)))/(INDEX(Korelasi!$A$5:$A$11,MIN(MATCH(MIN(MAX(K23,30),120),Korelasi!$A$5:$A$11,1),6)+1)-INDEX(Korelasi!$A$5:$A$11,MIN(MATCH(MIN(MAX(K23,30),120),Korelasi!$A$5:$A$11,1),6)))*(INDEX(Korelasi!$C$5:$C$11,MIN(MATCH(MIN(MAX(K23,30),120),Korelasi!$A$5:$A$11,1),6)+1)-INDEX(Korelasi!$C$5:$C$11,MIN(MATCH(MIN(MAX(K23,30),120),Korelasi!$A$5:$A$11,1),6))))) | AF23: =IF(OR(F23="Sand",Y23=0),0,Input!$G$25*(D23/2)^2/(AE23*1E-4*31536000)) | AG23: =MAX(0,MIN(C23,Input!$G$15)-B23) | AH23: =MAX(0,MIN(C23,Input!$G$15)-MAX(B23,$G$8)) | AI23: =MAX(0,MIN(C23,$G$106)-B23)
A24: 12 | B24: 16.5 | C24: 18 | D24: =C24-B24 | E24: =(B24+C24)/2 | F24: Sand | G24: 12 | H24: =IF(E24>$G$5,$G$7,$G$6) | I24: =I23+H24*D24 | J24: =I24-H24*D24/2-10*MAX(E24-$G$5,0) | M24: =IF(K24="","",K24-L24) | N24: 0.48 | O24: =IF(F24="Sand",0,Input!$G$19*G24) | P24: =IF(F24="Sand",27.1+0.3*MIN(Input!$G$20*G24,60)-0.00054*MIN(Input!$G$20*G24,60)^2,MIN(MAX(DEGREES(ASIN(0.8-0.094*LN(MAX(IF(M24="",10,M24),5)))),20),30)) | Q24: =IF(F24="Sand",Input!$G$21*Input!$G$20*G24,Input!$G$22*O24) | R24: =IF(F24="Sand",Input!$G$26,0.5) | S24: =Input!$G$10/2/E24 | T24: =Input!$G$11/2/E24 | U24: =1/(4*PI())*(2*S24*T24*SQRT(S24^2+T24^2+1)/(S24^2+T24^2+1+S24^2*T24^2)*(S24^2+T24^2+2)/(S24^2+T24^2+1)+ATAN2(S24^2+T24^2+1-S24^2*T24^2,2*S24*T24*SQRT(S24^2+T24^2+1))) | V24: =4*Input!$G$9*U24 | W24: =((Input!$G$11/Input!$G$10)*LN((1+SQRT((Input!$G$11/Input!$G$10)^2+1))*SQRT((Input!$G$11/Input!$G$10)^2+(C24/(Input!$G$10/2))^2)/((Input!$G$11/Input!$G$10)*(1+SQRT((Input!$G$11/Input!$G$10)^2+(C24/(Input!$G$10/2))^2+1))))+LN(((Input!$G$11/Input!$G$10)+SQRT((Input!$G$11/Input!$G$10)^2+1))*SQRT(1+(C24/(Input!$G$10/2))^2)/((Input!$G$11/Input!$G$10)+SQRT((Input!$G$11/Input!$G$10)^2+(C24/(Input!$G$10/2))^2+1))))/PI() | X24: =(C24/(Input!$G$10/2))/(2*PI())*ATAN((Input!$G$11/Input!$G$10)/((C24/(Input!$G$10/2))*SQRT((Input!$G$11/Input!$G$10)^2+(C24/(Input!$G$10/2))^2+1))) | Y24: =MAX(0,C24-MAX(B24,$G$8))/D24*IF(V24>=Input!$G$27*J24,1,0) | Z24: =4*Input!$G$9*(Input!$G$10/2)*(1-R24^2)/Q24*((W24-W23)+(1-2*R24)/(1-R24)*(X24-X23))*1000*Y24 | AA24: =IF(F24="Sand",0,0.009*(K24-10)) | AB24: =AA24*Input!$G$23 | AC24: =IF(F24="Sand",0,MAX(O24/Input!$G$24,J24)) | AD24: =IF(F24="Sand",0,1000*D24/(1+N24)*IF(J24+V24<=AC24,AB24*LOG10((J24+V24)/J24),AB24*LOG10(AC24/J24)+AA24*LOG10((J24+V24)/AC24)))*Y24 | AE24: =IF(F24="Sand",0,10^(INDEX(Korelasi!$C$5:$C$11,MIN(MATCH(MIN(MAX(K24,30),120),Korelasi!$A$5:$A$11,1),6))+(MIN(MAX(K24,30),120)-INDEX(Korelasi!$A$5:$A$11,MIN(MATCH(MIN(MAX(K24,30),120),Korelasi!$A$5:$A$11,1),6)))/(INDEX(Korelasi!$A$5:$A$11,MIN(MATCH(MIN(MAX(K24,30),120),Korelasi!$A$5:$A$11,1),6)+1)-INDEX(Korelasi!$A$5:$A$11,MIN(MATCH(MIN(MAX(K24,30),120),Korelasi!$A$5:$A$11,1),6)))*(INDEX(Korelasi!$C$5:$C$11,MIN(MATCH(MIN(MAX(K24,30),120),Korelasi!$A$5:$A$11,1),6)+1)-INDEX(Korelasi!$C$5:$C$11,MIN(MATCH(MIN(MAX(K24,30),120),Korelasi!$A$5:$A$11,1),6))))) | AF24: =IF(OR(F24="Sand",Y24=0),0,Input!$G$25*(D24/2)^2/(AE24*1E-4*31536000)) | AG24: =MAX(0,MIN(C24,Input!$G$15)-B24) | AH24: =MAX(0,MIN(C24,Input!$G$15)-MAX(B24,$G$8)) | AI24: =MAX(0,MIN(C24,$G$106)-B24)
A25: 13 | B25: 18 | C25: 19.5 | D25: =C25-B25 | E25: =(B25+C25)/2 | F25: Sand | G25: 42 | H25: =IF(E25>$G$5,$G$7,$G$6) | I25: =I24+H25*D25 | J25: =I25-H25*D25/2-10*MAX(E25-$G$5,0) | M25: =IF(K25="","",K25-L25) | N25: 0.65 | O25: =IF(F25="Sand",0,Input!$G$19*G25) | P25: =IF(F25="Sand",27.1+0.3*MIN(Input!$G$20*G25,60)-0.00054*MIN(Input!$G$20*G25,60)^2,MIN(MAX(DEGREES(ASIN(0.8-0.094*LN(MAX(IF(M25="",10,M25),5)))),20),30)) | Q25: =IF(F25="Sand",Input!$G$21*Input!$G$20*G25,Input!$G$22*O25) | R25: =IF(F25="Sand",Input!$G$26,0.5) | S25: =Input!$G$10/2/E25 | T25: =Input!$G$11/2/E25 | U25: =1/(4*PI())*(2*S25*T25*SQRT(S25^2+T25^2+1)/(S25^2+T25^2+1+S25^2*T25^2)*(S25^2+T25^2+2)/(S25^2+T25^2+1)+ATAN2(S25^2+T25^2+1-S25^2*T25^2,2*S25*T25*SQRT(S25^2+T25^2+1))) | V25: =4*Input!$G$9*U25 | W25: =((Input!$G$11/Input!$G$10)*LN((1+SQRT((Input!$G$11/Input!$G$10)^2+1))*SQRT((Input!$G$11/Input!$G$10)^2+(C25/(Input!$G$10/2))^2)/((Input!$G$11/Input!$G$10)*(1+SQRT((Input!$G$11/Input!$G$10)^2+(C25/(Input!$G$10/2))^2+1))))+LN(((Input!$G$11/Input!$G$10)+SQRT((Input!$G$11/Input!$G$10)^2+1))*SQRT(1+(C25/(Input!$G$10/2))^2)/((Input!$G$11/Input!$G$10)+SQRT((Input!$G$11/Input!$G$10)^2+(C25/(Input!$G$10/2))^2+1))))/PI() | X25: =(C25/(Input!$G$10/2))/(2*PI())*ATAN((Input!$G$11/Input!$G$10)/((C25/(Input!$G$10/2))*SQRT((Input!$G$11/Input!$G$10)^2+(C25/(Input!$G$10/2))^2+1))) | Y25: =MAX(0,C25-MAX(B25,$G$8))/D25*IF(V25>=Input!$G$27*J25,1,0) | Z25: =4*Input!$G$9*(Input!$G$10/2)*(1-R25^2)/Q25*((W25-W24)+(1-2*R25)/(1-R25)*(X25-X24))*1000*Y25 | AA25: =IF(F25="Sand",0,0.009*(K25-10)) | AB25: =AA25*Input!$G$23 | AC25: =IF(F25="Sand",0,MAX(O25/Input!$G$24,J25)) | AD25: =IF(F25="Sand",0,1000*D25/(1+N25)*IF(J25+V25<=AC25,AB25*LOG10((J25+V25)/J25),AB25*LOG10(AC25/J25)+AA25*LOG10((J25+V25)/AC25)))*Y25 | AE25: =IF(F25="Sand",0,10^(INDEX(Korelasi!$C$5:$C$11,MIN(MATCH(MIN(MAX(K25,30),120),Korelasi!$A$5:$A$11,1),6))+(MIN(MAX(K25,30),120)-INDEX(Korelasi!$A$5:$A$11,MIN(MATCH(MIN(MAX(K25,30),120),Korelasi!$A$5:$A$11,1),6)))/(INDEX(Korelasi!$A$5:$A$11,MIN(MATCH(MIN(MAX(K25,30),120),Korelasi!$A$5:$A$11,1),6)+1)-INDEX(Korelasi!$A$5:$A$11,MIN(MATCH(MIN(MAX(K25,30),120),Korelasi!$A$5:$A$11,1),6)))*(INDEX(Korelasi!$C$5:$C$11,MIN(MATCH(MIN(MAX(K25,30),120),Korelasi!$A$5:$A$11,1),6)+1)-INDEX(Korelasi!$C$5:$C$11,MIN(MATCH(MIN(MAX(K25,30),120),Korelasi!$A$5:$A$11,1),6))))) | AF25: =IF(OR(F25="Sand",Y25=0),0,Input!$G$25*(D25/2)^2/(AE25*1E-4*31536000)) | AG25: =MAX(0,MIN(C25,Input!$G$15)-B25) | AH25: =MAX(0,MIN(C25,Input!$G$15)-MAX(B25,$G$8)) | AI25: =MAX(0,MIN(C25,$G$106)-B25)
A26: 14 | B26: 19.5 | C26: 21 | D26: =C26-B26 | E26: =(B26+C26)/2 | F26: Sand | G26: 49 | H26: =IF(E26>$G$5,$G$7,$G$6) | I26: =I25+H26*D26 | J26: =I26-H26*D26/2-10*MAX(E26-$G$5,0) | M26: =IF(K26="","",K26-L26) | N26: 0.848 | O26: =IF(F26="Sand",0,Input!$G$19*G26) | P26: =IF(F26="Sand",27.1+0.3*MIN(Input!$G$20*G26,60)-0.00054*MIN(Input!$G$20*G26,60)^2,MIN(MAX(DEGREES(ASIN(0.8-0.094*LN(MAX(IF(M26="",10,M26),5)))),20),30)) | Q26: =IF(F26="Sand",Input!$G$21*Input!$G$20*G26,Input!$G$22*O26) | R26: =IF(F26="Sand",Input!$G$26,0.5) | S26: =Input!$G$10/2/E26 | T26: =Input!$G$11/2/E26 | U26: =1/(4*PI())*(2*S26*T26*SQRT(S26^2+T26^2+1)/(S26^2+T26^2+1+S26^2*T26^2)*(S26^2+T26^2+2)/(S26^2+T26^2+1)+ATAN2(S26^2+T26^2+1-S26^2*T26^2,2*S26*T26*SQRT(S26^2+T26^2+1))) | V26: =4*Input!$G$9*U26 | W26: =((Input!$G$11/Input!$G$10)*LN((1+SQRT((Input!$G$11/Input!$G$10)^2+1))*SQRT((Input!$G$11/Input!$G$10)^2+(C26/(Input!$G$10/2))^2)/((Input!$G$11/Input!$G$10)*(1+SQRT((Input!$G$11/Input!$G$10)^2+(C26/(Input!$G$10/2))^2+1))))+LN(((Input!$G$11/Input!$G$10)+SQRT((Input!$G$11/Input!$G$10)^2+1))*SQRT(1+(C26/(Input!$G$10/2))^2)/((Input!$G$11/Input!$G$10)+SQRT((Input!$G$11/Input!$G$10)^2+(C26/(Input!$G$10/2))^2+1))))/PI() | X26: =(C26/(Input!$G$10/2))/(2*PI())*ATAN((Input!$G$11/Input!$G$10)/((C26/(Input!$G$10/2))*SQRT((Input!$G$11/Input!$G$10)^2+(C26/(Input!$G$10/2))^2+1))) | Y26: =MAX(0,C26-MAX(B26,$G$8))/D26*IF(V26>=Input!$G$27*J26,1,0) | Z26: =4*Input!$G$9*(Input!$G$10/2)*(1-R26^2)/Q26*((W26-W25)+(1-2*R26)/(1-R26)*(X26-X25))*1000*Y26 | AA26: =IF(F26="Sand",0,0.009*(K26-10)) | AB26: =AA26*Input!$G$23 | AC26: =IF(F26="Sand",0,MAX(O26/Input!$G$24,J26)) | AD26: =IF(F26="Sand",0,1000*D26/(1+N26)*IF(J26+V26<=AC26,AB26*LOG10((J26+V26)/J26),AB26*LOG10(AC26/J26)+AA26*LOG10((J26+V26)/AC26)))*Y26 | AE26: =IF(F26="Sand",0,10^(INDEX(Korelasi!$C$5:$C$11,MIN(MATCH(MIN(MAX(K26,30),120),Korelasi!$A$5:$A$11,1),6))+(MIN(MAX(K26,30),120)-INDEX(Korelasi!$A$5:$A$11,MIN(MATCH(MIN(MAX(K26,30),120),Korelasi!$A$5:$A$11,1),6)))/(INDEX(Korelasi!$A$5:$A$11,MIN(MATCH(MIN(MAX(K26,30),120),Korelasi!$A$5:$A$11,1),6)+1)-INDEX(Korelasi!$A$5:$A$11,MIN(MATCH(MIN(MAX(K26,30),120),Korelasi!$A$5:$A$11,1),6)))*(INDEX(Korelasi!$C$5:$C$11,MIN(MATCH(MIN(MAX(K26,30),120),Korelasi!$A$5:$A$11,1),6)+1)-INDEX(Korelasi!$C$5:$C$11,MIN(MATCH(MIN(MAX(K26,30),120),Korelasi!$A$5:$A$11,1),6))))) | AF26: =IF(OR(F26="Sand",Y26=0),0,Input!$G$25*(D26/2)^2/(AE26*1E-4*31536000)) | AG26: =MAX(0,MIN(C26,Input!$G$15)-B26) | AH26: =MAX(0,MIN(C26,Input!$G$15)-MAX(B26,$G$8)) | AI26: =MAX(0,MIN(C26,$G$106)-B26)
A27: 15 | B27: 21 | C27: 22.5 | D27: =C27-B27 | E27: =(B27+C27)/2 | F27: Sand | G27: 49 | H27: =IF(E27>$G$5,$G$7,$G$6) | I27: =I26+H27*D27 | J27: =I27-H27*D27/2-10*MAX(E27-$G$5,0) | M27: =IF(K27="","",K27-L27) | N27: 0.65 | O27: =IF(F27="Sand",0,Input!$G$19*G27) | P27: =IF(F27="Sand",27.1+0.3*MIN(Input!$G$20*G27,60)-0.00054*MIN(Input!$G$20*G27,60)^2,MIN(MAX(DEGREES(ASIN(0.8-0.094*LN(MAX(IF(M27="",10,M27),5)))),20),30)) | Q27: =IF(F27="Sand",Input!$G$21*Input!$G$20*G27,Input!$G$22*O27) | R27: =IF(F27="Sand",Input!$G$26,0.5) | S27: =Input!$G$10/2/E27 | T27: =Input!$G$11/2/E27 | U27: =1/(4*PI())*(2*S27*T27*SQRT(S27^2+T27^2+1)/(S27^2+T27^2+1+S27^2*T27^2)*(S27^2+T27^2+2)/(S27^2+T27^2+1)+ATAN2(S27^2+T27^2+1-S27^2*T27^2,2*S27*T27*SQRT(S27^2+T27^2+1))) | V27: =4*Input!$G$9*U27 | W27: =((Input!$G$11/Input!$G$10)*LN((1+SQRT((Input!$G$11/Input!$G$10)^2+1))*SQRT((Input!$G$11/Input!$G$10)^2+(C27/(Input!$G$10/2))^2)/((Input!$G$11/Input!$G$10)*(1+SQRT((Input!$G$11/Input!$G$10)^2+(C27/(Input!$G$10/2))^2+1))))+LN(((Input!$G$11/Input!$G$10)+SQRT((Input!$G$11/Input!$G$10)^2+1))*SQRT(1+(C27/(Input!$G$10/2))^2)/((Input!$G$11/Input!$G$10)+SQRT((Input!$G$11/Input!$G$10)^2+(C27/(Input!$G$10/2))^2+1))))/PI() | X27: =(C27/(Input!$G$10/2))/(2*PI())*ATAN((Input!$G$11/Input!$G$10)/((C27/(Input!$G$10/2))*SQRT((Input!$G$11/Input!$G$10)^2+(C27/(Input!$G$10/2))^2+1))) | Y27: =MAX(0,C27-MAX(B27,$G$8))/D27*IF(V27>=Input!$G$27*J27,1,0) | Z27: =4*Input!$G$9*(Input!$G$10/2)*(1-R27^2)/Q27*((W27-W26)+(1-2*R27)/(1-R27)*(X27-X26))*1000*Y27 | AA27: =IF(F27="Sand",0,0.009*(K27-10)) | AB27: =AA27*Input!$G$23 | AC27: =IF(F27="Sand",0,MAX(O27/Input!$G$24,J27)) | AD27: =IF(F27="Sand",0,1000*D27/(1+N27)*IF(J27+V27<=AC27,AB27*LOG10((J27+V27)/J27),AB27*LOG10(AC27/J27)+AA27*LOG10((J27+V27)/AC27)))*Y27 | AE27: =IF(F27="Sand",0,10^(INDEX(Korelasi!$C$5:$C$11,MIN(MATCH(MIN(MAX(K27,30),120),Korelasi!$A$5:$A$11,1),6))+(MIN(MAX(K27,30),120)-INDEX(Korelasi!$A$5:$A$11,MIN(MATCH(MIN(MAX(K27,30),120),Korelasi!$A$5:$A$11,1),6)))/(INDEX(Korelasi!$A$5:$A$11,MIN(MATCH(MIN(MAX(K27,30),120),Korelasi!$A$5:$A$11,1),6)+1)-INDEX(Korelasi!$A$5:$A$11,MIN(MATCH(MIN(MAX(K27,30),120),Korelasi!$A$5:$A$11,1),6)))*(INDEX(Korelasi!$C$5:$C$11,MIN(MATCH(MIN(MAX(K27,30),120),Korelasi!$A$5:$A$11,1),6)+1)-INDEX(Korelasi!$C$5:$C$11,MIN(MATCH(MIN(MAX(K27,30),120),Korelasi!$A$5:$A$11,1),6))))) | AF27: =IF(OR(F27="Sand",Y27=0),0,Input!$G$25*(D27/2)^2/(AE27*1E-4*31536000)) | AG27: =MAX(0,MIN(C27,Input!$G$15)-B27) | AH27: =MAX(0,MIN(C27,Input!$G$15)-MAX(B27,$G$8)) | AI27: =MAX(0,MIN(C27,$G$106)-B27)
A28: 16 | B28: 22.5 | C28: 24 | D28: =C28-B28 | E28: =(B28+C28)/2 | F28: Clay | G28: 44 | H28: =IF(E28>$G$5,$G$7,$G$6) | I28: =I27+H28*D28 | J28: =I28-H28*D28/2-10*MAX(E28-$G$5,0) | K28: 31.31 | L28: 20.24 | M28: =IF(K28="","",K28-L28) | N28: 0.662 | O28: =IF(F28="Sand",0,Input!$G$19*G28) | P28: =IF(F28="Sand",27.1+0.3*MIN(Input!$G$20*G28,60)-0.00054*MIN(Input!$G$20*G28,60)^2,MIN(MAX(DEGREES(ASIN(0.8-0.094*LN(MAX(IF(M28="",10,M28),5)))),20),30)) | Q28: =IF(F28="Sand",Input!$G$21*Input!$G$20*G28,Input!$G$22*O28) | R28: =IF(F28="Sand",Input!$G$26,0.5) | S28: =Input!$G$10/2/E28 | T28: =Input!$G$11/2/E28 | U28: =1/(4*PI())*(2*S28*T28*SQRT(S28^2+T28^2+1)/(S28^2+T28^2+1+S28^2*T28^2)*(S28^2+T28^2+2)/(S28^2+T28^2+1)+ATAN2(S28^2+T28^2+1-S28^2*T28^2,2*S28*T28*SQRT(S28^2+T28^2+1))) | V28: =4*Input!$G$9*U28 | W28: =((Input!$G$11/Input!$G$10)*LN((1+SQRT((Input!$G$11/Input!$G$10)^2+1))*SQRT((Input!$G$11/Input!$G$10)^2+(C28/(Input!$G$10/2))^2)/((Input!$G$11/Input!$G$10)*(1+SQRT((Input!$G$11/Input!$G$10)^2+(C28/(Input!$G$10/2))^2+1))))+LN(((Input!$G$11/Input!$G$10)+SQRT((Input!$G$11/Input!$G$10)^2+1))*SQRT(1+(C28/(Input!$G$10/2))^2)/((Input!$G$11/Input!$G$10)+SQRT((Input!$G$11/Input!$G$10)^2+(C28/(Input!$G$10/2))^2+1))))/PI() | X28: =(C28/(Input!$G$10/2))/(2*PI())*ATAN((Input!$G$11/Input!$G$10)/((C28/(Input!$G$10/2))*SQRT((Input!$G$11/Input!$G$10)^2+(C28/(Input!$G$10/2))^2+1))) | Y28: =MAX(0,C28-MAX(B28,$G$8))/D28*IF(V28>=Input!$G$27*J28,1,0) | Z28: =4*Input!$G$9*(Input!$G$10/2)*(1-R28^2)/Q28*((W28-W27)+(1-2*R28)/(1-R28)*(X28-X27))*1000*Y28 | AA28: =IF(F28="Sand",0,0.009*(K28-10)) | AB28: =AA28*Input!$G$23 | AC28: =IF(F28="Sand",0,MAX(O28/Input!$G$24,J28)) | AD28: =IF(F28="Sand",0,1000*D28/(1+N28)*IF(J28+V28<=AC28,AB28*LOG10((J28+V28)/J28),AB28*LOG10(AC28/J28)+AA28*LOG10((J28+V28)/AC28)))*Y28 | AE28: =IF(F28="Sand",0,10^(INDEX(Korelasi!$C$5:$C$11,MIN(MATCH(MIN(MAX(K28,30),120),Korelasi!$A$5:$A$11,1),6))+(MIN(MAX(K28,30),120)-INDEX(Korelasi!$A$5:$A$11,MIN(MATCH(MIN(MAX(K28,30),120),Korelasi!$A$5:$A$11,1),6)))/(INDEX(Korelasi!$A$5:$A$11,MIN(MATCH(MIN(MAX(K28,30),120),Korelasi!$A$5:$A$11,1),6)+1)-INDEX(Korelasi!$A$5:$A$11,MIN(MATCH(MIN(MAX(K28,30),120),Korelasi!$A$5:$A$11,1),6)))*(INDEX(Korelasi!$C$5:$C$11,MIN(MATCH(MIN(MAX(K28,30),120),Korelasi!$A$5:$A$11,1),6)+1)-INDEX(Korelasi!$C$5:$C$11,MIN(MATCH(MIN(MAX(K28,30),120),Korelasi!$A$5:$A$11,1),6))))) | AF28: =IF(OR(F28="Sand",Y28=0),0,Input!$G$25*(D28/2)^2/(AE28*1E-4*31536000)) | AG28: =MAX(0,MIN(C28,Input!$G$15)-B28) | AH28: =MAX(0,MIN(C28,Input!$G$15)-MAX(B28,$G$8)) | AI28: =MAX(0,MIN(C28,$G$106)-B28)
A29: 17 | B29: 24 | C29: 25.5 | D29: =C29-B29 | E29: =(B29+C29)/2 | F29: Clay | G29: 20 | H29: =IF(E29>$G$5,$G$7,$G$6) | I29: =I28+H29*D29 | J29: =I29-H29*D29/2-10*MAX(E29-$G$5,0) | K29: 34.63 | L29: 24.12 | M29: =IF(K29="","",K29-L29) | N29: 0.775 | O29: =IF(F29="Sand",0,Input!$G$19*G29) | P29: =IF(F29="Sand",27.1+0.3*MIN(Input!$G$20*G29,60)-0.00054*MIN(Input!$G$20*G29,60)^2,MIN(MAX(DEGREES(ASIN(0.8-0.094*LN(MAX(IF(M29="",10,M29),5)))),20),30)) | Q29: =IF(F29="Sand",Input!$G$21*Input!$G$20*G29,Input!$G$22*O29) | R29: =IF(F29="Sand",Input!$G$26,0.5) | S29: =Input!$G$10/2/E29 | T29: =Input!$G$11/2/E29 | U29: =1/(4*PI())*(2*S29*T29*SQRT(S29^2+T29^2+1)/(S29^2+T29^2+1+S29^2*T29^2)*(S29^2+T29^2+2)/(S29^2+T29^2+1)+ATAN2(S29^2+T29^2+1-S29^2*T29^2,2*S29*T29*SQRT(S29^2+T29^2+1))) | V29: =4*Input!$G$9*U29 | W29: =((Input!$G$11/Input!$G$10)*LN((1+SQRT((Input!$G$11/Input!$G$10)^2+1))*SQRT((Input!$G$11/Input!$G$10)^2+(C29/(Input!$G$10/2))^2)/((Input!$G$11/Input!$G$10)*(1+SQRT((Input!$G$11/Input!$G$10)^2+(C29/(Input!$G$10/2))^2+1))))+LN(((Input!$G$11/Input!$G$10)+SQRT((Input!$G$11/Input!$G$10)^2+1))*SQRT(1+(C29/(Input!$G$10/2))^2)/((Input!$G$11/Input!$G$10)+SQRT((Input!$G$11/Input!$G$10)^2+(C29/(Input!$G$10/2))^2+1))))/PI() | X29: =(C29/(Input!$G$10/2))/(2*PI())*ATAN((Input!$G$11/Input!$G$10)/((C29/(Input!$G$10/2))*SQRT((Input!$G$11/Input!$G$10)^2+(C29/(Input!$G$10/2))^2+1))) | Y29: =MAX(0,C29-MAX(B29,$G$8))/D29*IF(V29>=Input!$G$27*J29,1,0) | Z29: =4*Input!$G$9*(Input!$G$10/2)*(1-R29^2)/Q29*((W29-W28)+(1-2*R29)/(1-R29)*(X29-X28))*1000*Y29 | AA29: =IF(F29="Sand",0,0.009*(K29-10)) | AB29: =AA29*Input!$G$23 | AC29: =IF(F29="Sand",0,MAX(O29/Input!$G$24,J29)) | AD29: =IF(F29="Sand",0,1000*D29/(1+N29)*IF(J29+V29<=AC29,AB29*LOG10((J29+V29)/J29),AB29*LOG10(AC29/J29)+AA29*LOG10((J29+V29)/AC29)))*Y29 | AE29: =IF(F29="Sand",0,10^(INDEX(Korelasi!$C$5:$C$11,MIN(MATCH(MIN(MAX(K29,30),120),Korelasi!$A$5:$A$11,1),6))+(MIN(MAX(K29,30),120)-INDEX(Korelasi!$A$5:$A$11,MIN(MATCH(MIN(MAX(K29,30),120),Korelasi!$A$5:$A$11,1),6)))/(INDEX(Korelasi!$A$5:$A$11,MIN(MATCH(MIN(MAX(K29,30),120),Korelasi!$A$5:$A$11,1),6)+1)-INDEX(Korelasi!$A$5:$A$11,MIN(MATCH(MIN(MAX(K29,30),120),Korelasi!$A$5:$A$11,1),6)))*(INDEX(Korelasi!$C$5:$C$11,MIN(MATCH(MIN(MAX(K29,30),120),Korelasi!$A$5:$A$11,1),6)+1)-INDEX(Korelasi!$C$5:$C$11,MIN(MATCH(MIN(MAX(K29,30),120),Korelasi!$A$5:$A$11,1),6))))) | AF29: =IF(OR(F29="Sand",Y29=0),0,Input!$G$25*(D29/2)^2/(AE29*1E-4*31536000)) | AG29: =MAX(0,MIN(C29,Input!$G$15)-B29) | AH29: =MAX(0,MIN(C29,Input!$G$15)-MAX(B29,$G$8)) | AI29: =MAX(0,MIN(C29,$G$106)-B29)
A30: 18 | B30: 25.5 | C30: 27 | D30: =C30-B30 | E30: =(B30+C30)/2 | F30: Clay | G30: 21 | H30: =IF(E30>$G$5,$G$7,$G$6) | I30: =I29+H30*D30 | J30: =I30-H30*D30/2-10*MAX(E30-$G$5,0) | K30: 29.665 | L30: 19.806 | M30: =IF(K30="","",K30-L30) | N30: 0.401 | O30: =IF(F30="Sand",0,Input!$G$19*G30) | P30: =IF(F30="Sand",27.1+0.3*MIN(Input!$G$20*G30,60)-0.00054*MIN(Input!$G$20*G30,60)^2,MIN(MAX(DEGREES(ASIN(0.8-0.094*LN(MAX(IF(M30="",10,M30),5)))),20),30)) | Q30: =IF(F30="Sand",Input!$G$21*Input!$G$20*G30,Input!$G$22*O30) | R30: =IF(F30="Sand",Input!$G$26,0.5) | S30: =Input!$G$10/2/E30 | T30: =Input!$G$11/2/E30 | U30: =1/(4*PI())*(2*S30*T30*SQRT(S30^2+T30^2+1)/(S30^2+T30^2+1+S30^2*T30^2)*(S30^2+T30^2+2)/(S30^2+T30^2+1)+ATAN2(S30^2+T30^2+1-S30^2*T30^2,2*S30*T30*SQRT(S30^2+T30^2+1))) | V30: =4*Input!$G$9*U30 | W30: =((Input!$G$11/Input!$G$10)*LN((1+SQRT((Input!$G$11/Input!$G$10)^2+1))*SQRT((Input!$G$11/Input!$G$10)^2+(C30/(Input!$G$10/2))^2)/((Input!$G$11/Input!$G$10)*(1+SQRT((Input!$G$11/Input!$G$10)^2+(C30/(Input!$G$10/2))^2+1))))+LN(((Input!$G$11/Input!$G$10)+SQRT((Input!$G$11/Input!$G$10)^2+1))*SQRT(1+(C30/(Input!$G$10/2))^2)/((Input!$G$11/Input!$G$10)+SQRT((Input!$G$11/Input!$G$10)^2+(C30/(Input!$G$10/2))^2+1))))/PI() | X30: =(C30/(Input!$G$10/2))/(2*PI())*ATAN((Input!$G$11/Input!$G$10)/((C30/(Input!$G$10/2))*SQRT((Input!$G$11/Input!$G$10)^2+(C30/(Input!$G$10/2))^2+1))) | Y30: =MAX(0,C30-MAX(B30,$G$8))/D30*IF(V30>=Input!$G$27*J30,1,0) | Z30: =4*Input!$G$9*(Input!$G$10/2)*(1-R30^2)/Q30*((W30-W29)+(1-2*R30)/(1-R30)*(X30-X29))*1000*Y30 | AA30: =IF(F30="Sand",0,0.009*(K30-10)) | AB30: =AA30*Input!$G$23 | AC30: =IF(F30="Sand",0,MAX(O30/Input!$G$24,J30)) | AD30: =IF(F30="Sand",0,1000*D30/(1+N30)*IF(J30+V30<=AC30,AB30*LOG10((J30+V30)/J30),AB30*LOG10(AC30/J30)+AA30*LOG10((J30+V30)/AC30)))*Y30 | AE30: =IF(F30="Sand",0,10^(INDEX(Korelasi!$C$5:$C$11,MIN(MATCH(MIN(MAX(K30,30),120),Korelasi!$A$5:$A$11,1),6))+(MIN(MAX(K30,30),120)-INDEX(Korelasi!$A$5:$A$11,MIN(MATCH(MIN(MAX(K30,30),120),Korelasi!$A$5:$A$11,1),6)))/(INDEX(Korelasi!$A$5:$A$11,MIN(MATCH(MIN(MAX(K30,30),120),Korelasi!$A$5:$A$11,1),6)+1)-INDEX(Korelasi!$A$5:$A$11,MIN(MATCH(MIN(MAX(K30,30),120),Korelasi!$A$5:$A$11,1),6)))*(INDEX(Korelasi!$C$5:$C$11,MIN(MATCH(MIN(MAX(K30,30),120),Korelasi!$A$5:$A$11,1),6)+1)-INDEX(Korelasi!$C$5:$C$11,MIN(MATCH(MIN(MAX(K30,30),120),Korelasi!$A$5:$A$11,1),6))))) | AF30: =IF(OR(F30="Sand",Y30=0),0,Input!$G$25*(D30/2)^2/(AE30*1E-4*31536000)) | AG30: =MAX(0,MIN(C30,Input!$G$15)-B30) | AH30: =MAX(0,MIN(C30,Input!$G$15)-MAX(B30,$G$8)) | AI30: =MAX(0,MIN(C30,$G$106)-B30) | AJ30: LL/PL/e0 = rata-rata BH
A31: 19 | B31: 27 | C31: 28.5 | D31: =C31-B31 | E31: =(B31+C31)/2 | F31: Sand | G31: 21 | H31: =IF(E31>$G$5,$G$7,$G$6) | I31: =I30+H31*D31 | J31: =I31-H31*D31/2-10*MAX(E31-$G$5,0) | M31: =IF(K31="","",K31-L31) | N31: 0.474 | O31: =IF(F31="Sand",0,Input!$G$19*G31) | P31: =IF(F31="Sand",27.1+0.3*MIN(Input!$G$20*G31,60)-0.00054*MIN(Input!$G$20*G31,60)^2,MIN(MAX(DEGREES(ASIN(0.8-0.094*LN(MAX(IF(M31="",10,M31),5)))),20),30)) | Q31: =IF(F31="Sand",Input!$G$21*Input!$G$20*G31,Input!$G$22*O31) | R31: =IF(F31="Sand",Input!$G$26,0.5) | S31: =Input!$G$10/2/E31 | T31: =Input!$G$11/2/E31 | U31: =1/(4*PI())*(2*S31*T31*SQRT(S31^2+T31^2+1)/(S31^2+T31^2+1+S31^2*T31^2)*(S31^2+T31^2+2)/(S31^2+T31^2+1)+ATAN2(S31^2+T31^2+1-S31^2*T31^2,2*S31*T31*SQRT(S31^2+T31^2+1))) | V31: =4*Input!$G$9*U31 | W31: =((Input!$G$11/Input!$G$10)*LN((1+SQRT((Input!$G$11/Input!$G$10)^2+1))*SQRT((Input!$G$11/Input!$G$10)^2+(C31/(Input!$G$10/2))^2)/((Input!$G$11/Input!$G$10)*(1+SQRT((Input!$G$11/Input!$G$10)^2+(C31/(Input!$G$10/2))^2+1))))+LN(((Input!$G$11/Input!$G$10)+SQRT((Input!$G$11/Input!$G$10)^2+1))*SQRT(1+(C31/(Input!$G$10/2))^2)/((Input!$G$11/Input!$G$10)+SQRT((Input!$G$11/Input!$G$10)^2+(C31/(Input!$G$10/2))^2+1))))/PI() | X31: =(C31/(Input!$G$10/2))/(2*PI())*ATAN((Input!$G$11/Input!$G$10)/((C31/(Input!$G$10/2))*SQRT((Input!$G$11/Input!$G$10)^2+(C31/(Input!$G$10/2))^2+1))) | Y31: =MAX(0,C31-MAX(B31,$G$8))/D31*IF(V31>=Input!$G$27*J31,1,0) | Z31: =4*Input!$G$9*(Input!$G$10/2)*(1-R31^2)/Q31*((W31-W30)+(1-2*R31)/(1-R31)*(X31-X30))*1000*Y31 | AA31: =IF(F31="Sand",0,0.009*(K31-10)) | AB31: =AA31*Input!$G$23 | AC31: =IF(F31="Sand",0,MAX(O31/Input!$G$24,J31)) | AD31: =IF(F31="Sand",0,1000*D31/(1+N31)*IF(J31+V31<=AC31,AB31*LOG10((J31+V31)/J31),AB31*LOG10(AC31/J31)+AA31*LOG10((J31+V31)/AC31)))*Y31 | AE31: =IF(F31="Sand",0,10^(INDEX(Korelasi!$C$5:$C$11,MIN(MATCH(MIN(MAX(K31,30),120),Korelasi!$A$5:$A$11,1),6))+(MIN(MAX(K31,30),120)-INDEX(Korelasi!$A$5:$A$11,MIN(MATCH(MIN(MAX(K31,30),120),Korelasi!$A$5:$A$11,1),6)))/(INDEX(Korelasi!$A$5:$A$11,MIN(MATCH(MIN(MAX(K31,30),120),Korelasi!$A$5:$A$11,1),6)+1)-INDEX(Korelasi!$A$5:$A$11,MIN(MATCH(MIN(MAX(K31,30),120),Korelasi!$A$5:$A$11,1),6)))*(INDEX(Korelasi!$C$5:$C$11,MIN(MATCH(MIN(MAX(K31,30),120),Korelasi!$A$5:$A$11,1),6)+1)-INDEX(Korelasi!$C$5:$C$11,MIN(MATCH(MIN(MAX(K31,30),120),Korelasi!$A$5:$A$11,1),6))))) | AF31: =IF(OR(F31="Sand",Y31=0),0,Input!$G$25*(D31/2)^2/(AE31*1E-4*31536000)) | AG31: =MAX(0,MIN(C31,Input!$G$15)-B31) | AH31: =MAX(0,MIN(C31,Input!$G$15)-MAX(B31,$G$8)) | AI31: =MAX(0,MIN(C31,$G$106)-B31)
A32: 20 | B32: 28.5 | C32: 30 | D32: =C32-B32 | E32: =(B32+C32)/2 | F32: Clay | G32: 48 | H32: =IF(E32>$G$5,$G$7,$G$6) | I32: =I31+H32*D32 | J32: =I32-H32*D32/2-10*MAX(E32-$G$5,0) | K32: 37.95 | L32: 20.57 | M32: =IF(K32="","",K32-L32) | N32: 0.745 | O32: =IF(F32="Sand",0,Input!$G$19*G32) | P32: =IF(F32="Sand",27.1+0.3*MIN(Input!$G$20*G32,60)-0.00054*MIN(Input!$G$20*G32,60)^2,MIN(MAX(DEGREES(ASIN(0.8-0.094*LN(MAX(IF(M32="",10,M32),5)))),20),30)) | Q32: =IF(F32="Sand",Input!$G$21*Input!$G$20*G32,Input!$G$22*O32) | R32: =IF(F32="Sand",Input!$G$26,0.5) | S32: =Input!$G$10/2/E32 | T32: =Input!$G$11/2/E32 | U32: =1/(4*PI())*(2*S32*T32*SQRT(S32^2+T32^2+1)/(S32^2+T32^2+1+S32^2*T32^2)*(S32^2+T32^2+2)/(S32^2+T32^2+1)+ATAN2(S32^2+T32^2+1-S32^2*T32^2,2*S32*T32*SQRT(S32^2+T32^2+1))) | V32: =4*Input!$G$9*U32 | W32: =((Input!$G$11/Input!$G$10)*LN((1+SQRT((Input!$G$11/Input!$G$10)^2+1))*SQRT((Input!$G$11/Input!$G$10)^2+(C32/(Input!$G$10/2))^2)/((Input!$G$11/Input!$G$10)*(1+SQRT((Input!$G$11/Input!$G$10)^2+(C32/(Input!$G$10/2))^2+1))))+LN(((Input!$G$11/Input!$G$10)+SQRT((Input!$G$11/Input!$G$10)^2+1))*SQRT(1+(C32/(Input!$G$10/2))^2)/((Input!$G$11/Input!$G$10)+SQRT((Input!$G$11/Input!$G$10)^2+(C32/(Input!$G$10/2))^2+1))))/PI() | X32: =(C32/(Input!$G$10/2))/(2*PI())*ATAN((Input!$G$11/Input!$G$10)/((C32/(Input!$G$10/2))*SQRT((Input!$G$11/Input!$G$10)^2+(C32/(Input!$G$10/2))^2+1))) | Y32: =MAX(0,C32-MAX(B32,$G$8))/D32*IF(V32>=Input!$G$27*J32,1,0) | Z32: =4*Input!$G$9*(Input!$G$10/2)*(1-R32^2)/Q32*((W32-W31)+(1-2*R32)/(1-R32)*(X32-X31))*1000*Y32 | AA32: =IF(F32="Sand",0,0.009*(K32-10)) | AB32: =AA32*Input!$G$23 | AC32: =IF(F32="Sand",0,MAX(O32/Input!$G$24,J32)) | AD32: =IF(F32="Sand",0,1000*D32/(1+N32)*IF(J32+V32<=AC32,AB32*LOG10((J32+V32)/J32),AB32*LOG10(AC32/J32)+AA32*LOG10((J32+V32)/AC32)))*Y32 | AE32: =IF(F32="Sand",0,10^(INDEX(Korelasi!$C$5:$C$11,MIN(MATCH(MIN(MAX(K32,30),120),Korelasi!$A$5:$A$11,1),6))+(MIN(MAX(K32,30),120)-INDEX(Korelasi!$A$5:$A$11,MIN(MATCH(MIN(MAX(K32,30),120),Korelasi!$A$5:$A$11,1),6)))/(INDEX(Korelasi!$A$5:$A$11,MIN(MATCH(MIN(MAX(K32,30),120),Korelasi!$A$5:$A$11,1),6)+1)-INDEX(Korelasi!$A$5:$A$11,MIN(MATCH(MIN(MAX(K32,30),120),Korelasi!$A$5:$A$11,1),6)))*(INDEX(Korelasi!$C$5:$C$11,MIN(MATCH(MIN(MAX(K32,30),120),Korelasi!$A$5:$A$11,1),6)+1)-INDEX(Korelasi!$C$5:$C$11,MIN(MATCH(MIN(MAX(K32,30),120),Korelasi!$A$5:$A$11,1),6))))) | AF32: =IF(OR(F32="Sand",Y32=0),0,Input!$G$25*(D32/2)^2/(AE32*1E-4*31536000)) | AG32: =MAX(0,MIN(C32,Input!$G$15)-B32) | AH32: =MAX(0,MIN(C32,Input!$G$15)-MAX(B32,$G$8)) | AI32: =MAX(0,MIN(C32,$G$106)-B32)
A33: 21 | B33: 30 | C33: 31.5 | D33: =C33-B33 | E33: =(B33+C33)/2 | F33: Clay | G33: 50 | H33: =IF(E33>$G$5,$G$7,$G$6) | I33: =I32+H33*D33 | J33: =I33-H33*D33/2-10*MAX(E33-$G$5,0) | K33: 29.665 | L33: 19.806 | M33: =IF(K33="","",K33-L33) | N33: 0.681 | O33: =IF(F33="Sand",0,Input!$G$19*G33) | P33: =IF(F33="Sand",27.1+0.3*MIN(Input!$G$20*G33,60)-0.00054*MIN(Input!$G$20*G33,60)^2,MIN(MAX(DEGREES(ASIN(0.8-0.094*LN(MAX(IF(M33="",10,M33),5)))),20),30)) | Q33: =IF(F33="Sand",Input!$G$21*Input!$G$20*G33,Input!$G$22*O33) | R33: =IF(F33="Sand",Input!$G$26,0.5) | S33: =Input!$G$10/2/E33 | T33: =Input!$G$11/2/E33 | U33: =1/(4*PI())*(2*S33*T33*SQRT(S33^2+T33^2+1)/(S33^2+T33^2+1+S33^2*T33^2)*(S33^2+T33^2+2)/(S33^2+T33^2+1)+ATAN2(S33^2+T33^2+1-S33^2*T33^2,2*S33*T33*SQRT(S33^2+T33^2+1))) | V33: =4*Input!$G$9*U33 | W33: =((Input!$G$11/Input!$G$10)*LN((1+SQRT((Input!$G$11/Input!$G$10)^2+1))*SQRT((Input!$G$11/Input!$G$10)^2+(C33/(Input!$G$10/2))^2)/((Input!$G$11/Input!$G$10)*(1+SQRT((Input!$G$11/Input!$G$10)^2+(C33/(Input!$G$10/2))^2+1))))+LN(((Input!$G$11/Input!$G$10)+SQRT((Input!$G$11/Input!$G$10)^2+1))*SQRT(1+(C33/(Input!$G$10/2))^2)/((Input!$G$11/Input!$G$10)+SQRT((Input!$G$11/Input!$G$10)^2+(C33/(Input!$G$10/2))^2+1))))/PI() | X33: =(C33/(Input!$G$10/2))/(2*PI())*ATAN((Input!$G$11/Input!$G$10)/((C33/(Input!$G$10/2))*SQRT((Input!$G$11/Input!$G$10)^2+(C33/(Input!$G$10/2))^2+1))) | Y33: =MAX(0,C33-MAX(B33,$G$8))/D33*IF(V33>=Input!$G$27*J33,1,0) | Z33: =4*Input!$G$9*(Input!$G$10/2)*(1-R33^2)/Q33*((W33-W32)+(1-2*R33)/(1-R33)*(X33-X32))*1000*Y33 | AA33: =IF(F33="Sand",0,0.009*(K33-10)) | AB33: =AA33*Input!$G$23 | AC33: =IF(F33="Sand",0,MAX(O33/Input!$G$24,J33)) | AD33: =IF(F33="Sand",0,1000*D33/(1+N33)*IF(J33+V33<=AC33,AB33*LOG10((J33+V33)/J33),AB33*LOG10(AC33/J33)+AA33*LOG10((J33+V33)/AC33)))*Y33 | AE33: =IF(F33="Sand",0,10^(INDEX(Korelasi!$C$5:$C$11,MIN(MATCH(MIN(MAX(K33,30),120),Korelasi!$A$5:$A$11,1),6))+(MIN(MAX(K33,30),120)-INDEX(Korelasi!$A$5:$A$11,MIN(MATCH(MIN(MAX(K33,30),120),Korelasi!$A$5:$A$11,1),6)))/(INDEX(Korelasi!$A$5:$A$11,MIN(MATCH(MIN(MAX(K33,30),120),Korelasi!$A$5:$A$11,1),6)+1)-INDEX(Korelasi!$A$5:$A$11,MIN(MATCH(MIN(MAX(K33,30),120),Korelasi!$A$5:$A$11,1),6)))*(INDEX(Korelasi!$C$5:$C$11,MIN(MATCH(MIN(MAX(K33,30),120),Korelasi!$A$5:$A$11,1),6)+1)-INDEX(Korelasi!$C$5:$C$11,MIN(MATCH(MIN(MAX(K33,30),120),Korelasi!$A$5:$A$11,1),6))))) | AF33: =IF(OR(F33="Sand",Y33=0),0,Input!$G$25*(D33/2)^2/(AE33*1E-4*31536000)) | AG33: =MAX(0,MIN(C33,Input!$G$15)-B33) | AH33: =MAX(0,MIN(C33,Input!$G$15)-MAX(B33,$G$8)) | AI33: =MAX(0,MIN(C33,$G$106)-B33) | AJ33: LL/PL/e0 = rata-rata BH
A34: 22 | B34: 31.5 | C34: 33 | D34: =C34-B34 | E34: =(B34+C34)/2 | F34: Clay | G34: 50 | H34: =IF(E34>$G$5,$G$7,$G$6) | I34: =I33+H34*D34 | J34: =I34-H34*D34/2-10*MAX(E34-$G$5,0) | K34: 29.665 | L34: 19.806 | M34: =IF(K34="","",K34-L34) | N34: 0.681 | O34: =IF(F34="Sand",0,Input!$G$19*G34) | P34: =IF(F34="Sand",27.1+0.3*MIN(Input!$G$20*G34,60)-0.00054*MIN(Input!$G$20*G34,60)^2,MIN(MAX(DEGREES(ASIN(0.8-0.094*LN(MAX(IF(M34="",10,M34),5)))),20),30)) | Q34: =IF(F34="Sand",Input!$G$21*Input!$G$20*G34,Input!$G$22*O34) | R34: =IF(F34="Sand",Input!$G$26,0.5) | S34: =Input!$G$10/2/E34 | T34: =Input!$G$11/2/E34 | U34: =1/(4*PI())*(2*S34*T34*SQRT(S34^2+T34^2+1)/(S34^2+T34^2+1+S34^2*T34^2)*(S34^2+T34^2+2)/(S34^2+T34^2+1)+ATAN2(S34^2+T34^2+1-S34^2*T34^2,2*S34*T34*SQRT(S34^2+T34^2+1))) | V34: =4*Input!$G$9*U34 | W34: =((Input!$G$11/Input!$G$10)*LN((1+SQRT((Input!$G$11/Input!$G$10)^2+1))*SQRT((Input!$G$11/Input!$G$10)^2+(C34/(Input!$G$10/2))^2)/((Input!$G$11/Input!$G$10)*(1+SQRT((Input!$G$11/Input!$G$10)^2+(C34/(Input!$G$10/2))^2+1))))+LN(((Input!$G$11/Input!$G$10)+SQRT((Input!$G$11/Input!$G$10)^2+1))*SQRT(1+(C34/(Input!$G$10/2))^2)/((Input!$G$11/Input!$G$10)+SQRT((Input!$G$11/Input!$G$10)^2+(C34/(Input!$G$10/2))^2+1))))/PI() | X34: =(C34/(Input!$G$10/2))/(2*PI())*ATAN((Input!$G$11/Input!$G$10)/((C34/(Input!$G$10/2))*SQRT((Input!$G$11/Input!$G$10)^2+(C34/(Input!$G$10/2))^2+1))) | Y34: =MAX(0,C34-MAX(B34,$G$8))/D34*IF(V34>=Input!$G$27*J34,1,0) | Z34: =4*Input!$G$9*(Input!$G$10/2)*(1-R34^2)/Q34*((W34-W33)+(1-2*R34)/(1-R34)*(X34-X33))*1000*Y34 | AA34: =IF(F34="Sand",0,0.009*(K34-10)) | AB34: =AA34*Input!$G$23 | AC34: =IF(F34="Sand",0,MAX(O34/Input!$G$24,J34)) | AD34: =IF(F34="Sand",0,1000*D34/(1+N34)*IF(J34+V34<=AC34,AB34*LOG10((J34+V34)/J34),AB34*LOG10(AC34/J34)+AA34*LOG10((J34+V34)/AC34)))*Y34 | AE34: =IF(F34="Sand",0,10^(INDEX(Korelasi!$C$5:$C$11,MIN(MATCH(MIN(MAX(K34,30),120),Korelasi!$A$5:$A$11,1),6))+(MIN(MAX(K34,30),120)-INDEX(Korelasi!$A$5:$A$11,MIN(MATCH(MIN(MAX(K34,30),120),Korelasi!$A$5:$A$11,1),6)))/(INDEX(Korelasi!$A$5:$A$11,MIN(MATCH(MIN(MAX(K34,30),120),Korelasi!$A$5:$A$11,1),6)+1)-INDEX(Korelasi!$A$5:$A$11,MIN(MATCH(MIN(MAX(K34,30),120),Korelasi!$A$5:$A$11,1),6)))*(INDEX(Korelasi!$C$5:$C$11,MIN(MATCH(MIN(MAX(K34,30),120),Korelasi!$A$5:$A$11,1),6)+1)-INDEX(Korelasi!$C$5:$C$11,MIN(MATCH(MIN(MAX(K34,30),120),Korelasi!$A$5:$A$11,1),6))))) | AF34: =IF(OR(F34="Sand",Y34=0),0,Input!$G$25*(D34/2)^2/(AE34*1E-4*31536000)) | AG34: =MAX(0,MIN(C34,Input!$G$15)-B34) | AH34: =MAX(0,MIN(C34,Input!$G$15)-MAX(B34,$G$8)) | AI34: =MAX(0,MIN(C34,$G$106)-B34) | AJ34: LL/PL/e0 = rata-rata BH
A35: 23 | B35: 33 | C35: 34.5 | D35: =C35-B35 | E35: =(B35+C35)/2 | F35: Clay | G35: 50 | H35: =IF(E35>$G$5,$G$7,$G$6) | I35: =I34+H35*D35 | J35: =I35-H35*D35/2-10*MAX(E35-$G$5,0) | K35: 29.665 | L35: 19.806 | M35: =IF(K35="","",K35-L35) | N35: 0.681 | O35: =IF(F35="Sand",0,Input!$G$19*G35) | P35: =IF(F35="Sand",27.1+0.3*MIN(Input!$G$20*G35,60)-0.00054*MIN(Input!$G$20*G35,60)^2,MIN(MAX(DEGREES(ASIN(0.8-0.094*LN(MAX(IF(M35="",10,M35),5)))),20),30)) | Q35: =IF(F35="Sand",Input!$G$21*Input!$G$20*G35,Input!$G$22*O35) | R35: =IF(F35="Sand",Input!$G$26,0.5) | S35: =Input!$G$10/2/E35 | T35: =Input!$G$11/2/E35 | U35: =1/(4*PI())*(2*S35*T35*SQRT(S35^2+T35^2+1)/(S35^2+T35^2+1+S35^2*T35^2)*(S35^2+T35^2+2)/(S35^2+T35^2+1)+ATAN2(S35^2+T35^2+1-S35^2*T35^2,2*S35*T35*SQRT(S35^2+T35^2+1))) | V35: =4*Input!$G$9*U35 | W35: =((Input!$G$11/Input!$G$10)*LN((1+SQRT((Input!$G$11/Input!$G$10)^2+1))*SQRT((Input!$G$11/Input!$G$10)^2+(C35/(Input!$G$10/2))^2)/((Input!$G$11/Input!$G$10)*(1+SQRT((Input!$G$11/Input!$G$10)^2+(C35/(Input!$G$10/2))^2+1))))+LN(((Input!$G$11/Input!$G$10)+SQRT((Input!$G$11/Input!$G$10)^2+1))*SQRT(1+(C35/(Input!$G$10/2))^2)/((Input!$G$11/Input!$G$10)+SQRT((Input!$G$11/Input!$G$10)^2+(C35/(Input!$G$10/2))^2+1))))/PI() | X35: =(C35/(Input!$G$10/2))/(2*PI())*ATAN((Input!$G$11/Input!$G$10)/((C35/(Input!$G$10/2))*SQRT((Input!$G$11/Input!$G$10)^2+(C35/(Input!$G$10/2))^2+1))) | Y35: =MAX(0,C35-MAX(B35,$G$8))/D35*IF(V35>=Input!$G$27*J35,1,0) | Z35: =4*Input!$G$9*(Input!$G$10/2)*(1-R35^2)/Q35*((W35-W34)+(1-2*R35)/(1-R35)*(X35-X34))*1000*Y35 | AA35: =IF(F35="Sand",0,0.009*(K35-10)) | AB35: =AA35*Input!$G$23 | AC35: =IF(F35="Sand",0,MAX(O35/Input!$G$24,J35)) | AD35: =IF(F35="Sand",0,1000*D35/(1+N35)*IF(J35+V35<=AC35,AB35*LOG10((J35+V35)/J35),AB35*LOG10(AC35/J35)+AA35*LOG10((J35+V35)/AC35)))*Y35 | AE35: =IF(F35="Sand",0,10^(INDEX(Korelasi!$C$5:$C$11,MIN(MATCH(MIN(MAX(K35,30),120),Korelasi!$A$5:$A$11,1),6))+(MIN(MAX(K35,30),120)-INDEX(Korelasi!$A$5:$A$11,MIN(MATCH(MIN(MAX(K35,30),120),Korelasi!$A$5:$A$11,1),6)))/(INDEX(Korelasi!$A$5:$A$11,MIN(MATCH(MIN(MAX(K35,30),120),Korelasi!$A$5:$A$11,1),6)+1)-INDEX(Korelasi!$A$5:$A$11,MIN(MATCH(MIN(MAX(K35,30),120),Korelasi!$A$5:$A$11,1),6)))*(INDEX(Korelasi!$C$5:$C$11,MIN(MATCH(MIN(MAX(K35,30),120),Korelasi!$A$5:$A$11,1),6)+1)-INDEX(Korelasi!$C$5:$C$11,MIN(MATCH(MIN(MAX(K35,30),120),Korelasi!$A$5:$A$11,1),6))))) | AF35: =IF(OR(F35="Sand",Y35=0),0,Input!$G$25*(D35/2)^2/(AE35*1E-4*31536000)) | AG35: =MAX(0,MIN(C35,Input!$G$15)-B35) | AH35: =MAX(0,MIN(C35,Input!$G$15)-MAX(B35,$G$8)) | AI35: =MAX(0,MIN(C35,$G$106)-B35) | AJ35: LL/PL/e0 = rata-rata BH
A36: 24 | B36: 34.5 | C36: 36 | D36: =C36-B36 | E36: =(B36+C36)/2 | F36: Clay | G36: 50 | H36: =IF(E36>$G$5,$G$7,$G$6) | I36: =I35+H36*D36 | J36: =I36-H36*D36/2-10*MAX(E36-$G$5,0) | K36: 25.39 | L36: 15.08 | M36: =IF(K36="","",K36-L36) | N36: 0.51 | O36: =IF(F36="Sand",0,Input!$G$19*G36) | P36: =IF(F36="Sand",27.1+0.3*MIN(Input!$G$20*G36,60)-0.00054*MIN(Input!$G$20*G36,60)^2,MIN(MAX(DEGREES(ASIN(0.8-0.094*LN(MAX(IF(M36="",10,M36),5)))),20),30)) | Q36: =IF(F36="Sand",Input!$G$21*Input!$G$20*G36,Input!$G$22*O36) | R36: =IF(F36="Sand",Input!$G$26,0.5) | S36: =Input!$G$10/2/E36 | T36: =Input!$G$11/2/E36 | U36: =1/(4*PI())*(2*S36*T36*SQRT(S36^2+T36^2+1)/(S36^2+T36^2+1+S36^2*T36^2)*(S36^2+T36^2+2)/(S36^2+T36^2+1)+ATAN2(S36^2+T36^2+1-S36^2*T36^2,2*S36*T36*SQRT(S36^2+T36^2+1))) | V36: =4*Input!$G$9*U36 | W36: =((Input!$G$11/Input!$G$10)*LN((1+SQRT((Input!$G$11/Input!$G$10)^2+1))*SQRT((Input!$G$11/Input!$G$10)^2+(C36/(Input!$G$10/2))^2)/((Input!$G$11/Input!$G$10)*(1+SQRT((Input!$G$11/Input!$G$10)^2+(C36/(Input!$G$10/2))^2+1))))+LN(((Input!$G$11/Input!$G$10)+SQRT((Input!$G$11/Input!$G$10)^2+1))*SQRT(1+(C36/(Input!$G$10/2))^2)/((Input!$G$11/Input!$G$10)+SQRT((Input!$G$11/Input!$G$10)^2+(C36/(Input!$G$10/2))^2+1))))/PI() | X36: =(C36/(Input!$G$10/2))/(2*PI())*ATAN((Input!$G$11/Input!$G$10)/((C36/(Input!$G$10/2))*SQRT((Input!$G$11/Input!$G$10)^2+(C36/(Input!$G$10/2))^2+1))) | Y36: =MAX(0,C36-MAX(B36,$G$8))/D36*IF(V36>=Input!$G$27*J36,1,0) | Z36: =4*Input!$G$9*(Input!$G$10/2)*(1-R36^2)/Q36*((W36-W35)+(1-2*R36)/(1-R36)*(X36-X35))*1000*Y36 | AA36: =IF(F36="Sand",0,0.009*(K36-10)) | AB36: =AA36*Input!$G$23 | AC36: =IF(F36="Sand",0,MAX(O36/Input!$G$24,J36)) | AD36: =IF(F36="Sand",0,1000*D36/(1+N36)*IF(J36+V36<=AC36,AB36*LOG10((J36+V36)/J36),AB36*LOG10(AC36/J36)+AA36*LOG10((J36+V36)/AC36)))*Y36 | AE36: =IF(F36="Sand",0,10^(INDEX(Korelasi!$C$5:$C$11,MIN(MATCH(MIN(MAX(K36,30),120),Korelasi!$A$5:$A$11,1),6))+(MIN(MAX(K36,30),120)-INDEX(Korelasi!$A$5:$A$11,MIN(MATCH(MIN(MAX(K36,30),120),Korelasi!$A$5:$A$11,1),6)))/(INDEX(Korelasi!$A$5:$A$11,MIN(MATCH(MIN(MAX(K36,30),120),Korelasi!$A$5:$A$11,1),6)+1)-INDEX(Korelasi!$A$5:$A$11,MIN(MATCH(MIN(MAX(K36,30),120),Korelasi!$A$5:$A$11,1),6)))*(INDEX(Korelasi!$C$5:$C$11,MIN(MATCH(MIN(MAX(K36,30),120),Korelasi!$A$5:$A$11,1),6)+1)-INDEX(Korelasi!$C$5:$C$11,MIN(MATCH(MIN(MAX(K36,30),120),Korelasi!$A$5:$A$11,1),6))))) | AF36: =IF(OR(F36="Sand",Y36=0),0,Input!$G$25*(D36/2)^2/(AE36*1E-4*31536000)) | AG36: =MAX(0,MIN(C36,Input!$G$15)-B36) | AH36: =MAX(0,MIN(C36,Input!$G$15)-MAX(B36,$G$8)) | AI36: =MAX(0,MIN(C36,$G$106)-B36)
A37: 25 | B37: 36 | C37: 37.5 | D37: =C37-B37 | E37: =(B37+C37)/2 | F37: Sand | G37: 50 | H37: =IF(E37>$G$5,$G$7,$G$6) | I37: =I36+H37*D37 | J37: =I37-H37*D37/2-10*MAX(E37-$G$5,0) | M37: =IF(K37="","",K37-L37) | N37: 0.65 | O37: =IF(F37="Sand",0,Input!$G$19*G37) | P37: =IF(F37="Sand",27.1+0.3*MIN(Input!$G$20*G37,60)-0.00054*MIN(Input!$G$20*G37,60)^2,MIN(MAX(DEGREES(ASIN(0.8-0.094*LN(MAX(IF(M37="",10,M37),5)))),20),30)) | Q37: =IF(F37="Sand",Input!$G$21*Input!$G$20*G37,Input!$G$22*O37) | R37: =IF(F37="Sand",Input!$G$26,0.5) | S37: =Input!$G$10/2/E37 | T37: =Input!$G$11/2/E37 | U37: =1/(4*PI())*(2*S37*T37*SQRT(S37^2+T37^2+1)/(S37^2+T37^2+1+S37^2*T37^2)*(S37^2+T37^2+2)/(S37^2+T37^2+1)+ATAN2(S37^2+T37^2+1-S37^2*T37^2,2*S37*T37*SQRT(S37^2+T37^2+1))) | V37: =4*Input!$G$9*U37 | W37: =((Input!$G$11/Input!$G$10)*LN((1+SQRT((Input!$G$11/Input!$G$10)^2+1))*SQRT((Input!$G$11/Input!$G$10)^2+(C37/(Input!$G$10/2))^2)/((Input!$G$11/Input!$G$10)*(1+SQRT((Input!$G$11/Input!$G$10)^2+(C37/(Input!$G$10/2))^2+1))))+LN(((Input!$G$11/Input!$G$10)+SQRT((Input!$G$11/Input!$G$10)^2+1))*SQRT(1+(C37/(Input!$G$10/2))^2)/((Input!$G$11/Input!$G$10)+SQRT((Input!$G$11/Input!$G$10)^2+(C37/(Input!$G$10/2))^2+1))))/PI() | X37: =(C37/(Input!$G$10/2))/(2*PI())*ATAN((Input!$G$11/Input!$G$10)/((C37/(Input!$G$10/2))*SQRT((Input!$G$11/Input!$G$10)^2+(C37/(Input!$G$10/2))^2+1))) | Y37: =MAX(0,C37-MAX(B37,$G$8))/D37*IF(V37>=Input!$G$27*J37,1,0) | Z37: =4*Input!$G$9*(Input!$G$10/2)*(1-R37^2)/Q37*((W37-W36)+(1-2*R37)/(1-R37)*(X37-X36))*1000*Y37 | AA37: =IF(F37="Sand",0,0.009*(K37-10)) | AB37: =AA37*Input!$G$23 | AC37: =IF(F37="Sand",0,MAX(O37/Input!$G$24,J37)) | AD37: =IF(F37="Sand",0,1000*D37/(1+N37)*IF(J37+V37<=AC37,AB37*LOG10((J37+V37)/J37),AB37*LOG10(AC37/J37)+AA37*LOG10((J37+V37)/AC37)))*Y37 | AE37: =IF(F37="Sand",0,10^(INDEX(Korelasi!$C$5:$C$11,MIN(MATCH(MIN(MAX(K37,30),120),Korelasi!$A$5:$A$11,1),6))+(MIN(MAX(K37,30),120)-INDEX(Korelasi!$A$5:$A$11,MIN(MATCH(MIN(MAX(K37,30),120),Korelasi!$A$5:$A$11,1),6)))/(INDEX(Korelasi!$A$5:$A$11,MIN(MATCH(MIN(MAX(K37,30),120),Korelasi!$A$5:$A$11,1),6)+1)-INDEX(Korelasi!$A$5:$A$11,MIN(MATCH(MIN(MAX(K37,30),120),Korelasi!$A$5:$A$11,1),6)))*(INDEX(Korelasi!$C$5:$C$11,MIN(MATCH(MIN(MAX(K37,30),120),Korelasi!$A$5:$A$11,1),6)+1)-INDEX(Korelasi!$C$5:$C$11,MIN(MATCH(MIN(MAX(K37,30),120),Korelasi!$A$5:$A$11,1),6))))) | AF37: =IF(OR(F37="Sand",Y37=0),0,Input!$G$25*(D37/2)^2/(AE37*1E-4*31536000)) | AG37: =MAX(0,MIN(C37,Input!$G$15)-B37) | AH37: =MAX(0,MIN(C37,Input!$G$15)-MAX(B37,$G$8)) | AI37: =MAX(0,MIN(C37,$G$106)-B37)
A38: 26 | B38: 37.5 | C38: 39 | D38: =C38-B38 | E38: =(B38+C38)/2 | F38: Clay | G38: 50 | H38: =IF(E38>$G$5,$G$7,$G$6) | I38: =I37+H38*D38 | J38: =I38-H38*D38/2-10*MAX(E38-$G$5,0) | K38: 42.56 | L38: 27.27 | M38: =IF(K38="","",K38-L38) | N38: 1.001 | O38: =IF(F38="Sand",0,Input!$G$19*G38) | P38: =IF(F38="Sand",27.1+0.3*MIN(Input!$G$20*G38,60)-0.00054*MIN(Input!$G$20*G38,60)^2,MIN(MAX(DEGREES(ASIN(0.8-0.094*LN(MAX(IF(M38="",10,M38),5)))),20),30)) | Q38: =IF(F38="Sand",Input!$G$21*Input!$G$20*G38,Input!$G$22*O38) | R38: =IF(F38="Sand",Input!$G$26,0.5) | S38: =Input!$G$10/2/E38 | T38: =Input!$G$11/2/E38 | U38: =1/(4*PI())*(2*S38*T38*SQRT(S38^2+T38^2+1)/(S38^2+T38^2+1+S38^2*T38^2)*(S38^2+T38^2+2)/(S38^2+T38^2+1)+ATAN2(S38^2+T38^2+1-S38^2*T38^2,2*S38*T38*SQRT(S38^2+T38^2+1))) | V38: =4*Input!$G$9*U38 | W38: =((Input!$G$11/Input!$G$10)*LN((1+SQRT((Input!$G$11/Input!$G$10)^2+1))*SQRT((Input!$G$11/Input!$G$10)^2+(C38/(Input!$G$10/2))^2)/((Input!$G$11/Input!$G$10)*(1+SQRT((Input!$G$11/Input!$G$10)^2+(C38/(Input!$G$10/2))^2+1))))+LN(((Input!$G$11/Input!$G$10)+SQRT((Input!$G$11/Input!$G$10)^2+1))*SQRT(1+(C38/(Input!$G$10/2))^2)/((Input!$G$11/Input!$G$10)+SQRT((Input!$G$11/Input!$G$10)^2+(C38/(Input!$G$10/2))^2+1))))/PI() | X38: =(C38/(Input!$G$10/2))/(2*PI())*ATAN((Input!$G$11/Input!$G$10)/((C38/(Input!$G$10/2))*SQRT((Input!$G$11/Input!$G$10)^2+(C38/(Input!$G$10/2))^2+1))) | Y38: =MAX(0,C38-MAX(B38,$G$8))/D38*IF(V38>=Input!$G$27*J38,1,0) | Z38: =4*Input!$G$9*(Input!$G$10/2)*(1-R38^2)/Q38*((W38-W37)+(1-2*R38)/(1-R38)*(X38-X37))*1000*Y38 | AA38: =IF(F38="Sand",0,0.009*(K38-10)) | AB38: =AA38*Input!$G$23 | AC38: =IF(F38="Sand",0,MAX(O38/Input!$G$24,J38)) | AD38: =IF(F38="Sand",0,1000*D38/(1+N38)*IF(J38+V38<=AC38,AB38*LOG10((J38+V38)/J38),AB38*LOG10(AC38/J38)+AA38*LOG10((J38+V38)/AC38)))*Y38 | AE38: =IF(F38="Sand",0,10^(INDEX(Korelasi!$C$5:$C$11,MIN(MATCH(MIN(MAX(K38,30),120),Korelasi!$A$5:$A$11,1),6))+(MIN(MAX(K38,30),120)-INDEX(Korelasi!$A$5:$A$11,MIN(MATCH(MIN(MAX(K38,30),120),Korelasi!$A$5:$A$11,1),6)))/(INDEX(Korelasi!$A$5:$A$11,MIN(MATCH(MIN(MAX(K38,30),120),Korelasi!$A$5:$A$11,1),6)+1)-INDEX(Korelasi!$A$5:$A$11,MIN(MATCH(MIN(MAX(K38,30),120),Korelasi!$A$5:$A$11,1),6)))*(INDEX(Korelasi!$C$5:$C$11,MIN(MATCH(MIN(MAX(K38,30),120),Korelasi!$A$5:$A$11,1),6)+1)-INDEX(Korelasi!$C$5:$C$11,MIN(MATCH(MIN(MAX(K38,30),120),Korelasi!$A$5:$A$11,1),6))))) | AF38: =IF(OR(F38="Sand",Y38=0),0,Input!$G$25*(D38/2)^2/(AE38*1E-4*31536000)) | AG38: =MAX(0,MIN(C38,Input!$G$15)-B38) | AH38: =MAX(0,MIN(C38,Input!$G$15)-MAX(B38,$G$8)) | AI38: =MAX(0,MIN(C38,$G$106)-B38)
A39: 27 | B39: 39 | C39: 40.5 | D39: =C39-B39 | E39: =(B39+C39)/2 | F39: Clay | G39: 50 | H39: =IF(E39>$G$5,$G$7,$G$6) | I39: =I38+H39*D39 | J39: =I39-H39*D39/2-10*MAX(E39-$G$5,0) | K39: 29.665 | L39: 19.806 | M39: =IF(K39="","",K39-L39) | N39: 0.681 | O39: =IF(F39="Sand",0,Input!$G$19*G39) | P39: =IF(F39="Sand",27.1+0.3*MIN(Input!$G$20*G39,60)-0.00054*MIN(Input!$G$20*G39,60)^2,MIN(MAX(DEGREES(ASIN(0.8-0.094*LN(MAX(IF(M39="",10,M39),5)))),20),30)) | Q39: =IF(F39="Sand",Input!$G$21*Input!$G$20*G39,Input!$G$22*O39) | R39: =IF(F39="Sand",Input!$G$26,0.5) | S39: =Input!$G$10/2/E39 | T39: =Input!$G$11/2/E39 | U39: =1/(4*PI())*(2*S39*T39*SQRT(S39^2+T39^2+1)/(S39^2+T39^2+1+S39^2*T39^2)*(S39^2+T39^2+2)/(S39^2+T39^2+1)+ATAN2(S39^2+T39^2+1-S39^2*T39^2,2*S39*T39*SQRT(S39^2+T39^2+1))) | V39: =4*Input!$G$9*U39 | W39: =((Input!$G$11/Input!$G$10)*LN((1+SQRT((Input!$G$11/Input!$G$10)^2+1))*SQRT((Input!$G$11/Input!$G$10)^2+(C39/(Input!$G$10/2))^2)/((Input!$G$11/Input!$G$10)*(1+SQRT((Input!$G$11/Input!$G$10)^2+(C39/(Input!$G$10/2))^2+1))))+LN(((Input!$G$11/Input!$G$10)+SQRT((Input!$G$11/Input!$G$10)^2+1))*SQRT(1+(C39/(Input!$G$10/2))^2)/((Input!$G$11/Input!$G$10)+SQRT((Input!$G$11/Input!$G$10)^2+(C39/(Input!$G$10/2))^2+1))))/PI() | X39: =(C39/(Input!$G$10/2))/(2*PI())*ATAN((Input!$G$11/Input!$G$10)/((C39/(Input!$G$10/2))*SQRT((Input!$G$11/Input!$G$10)^2+(C39/(Input!$G$10/2))^2+1))) | Y39: =MAX(0,C39-MAX(B39,$G$8))/D39*IF(V39>=Input!$G$27*J39,1,0) | Z39: =4*Input!$G$9*(Input!$G$10/2)*(1-R39^2)/Q39*((W39-W38)+(1-2*R39)/(1-R39)*(X39-X38))*1000*Y39 | AA39: =IF(F39="Sand",0,0.009*(K39-10)) | AB39: =AA39*Input!$G$23 | AC39: =IF(F39="Sand",0,MAX(O39/Input!$G$24,J39)) | AD39: =IF(F39="Sand",0,1000*D39/(1+N39)*IF(J39+V39<=AC39,AB39*LOG10((J39+V39)/J39),AB39*LOG10(AC39/J39)+AA39*LOG10((J39+V39)/AC39)))*Y39 | AE39: =IF(F39="Sand",0,10^(INDEX(Korelasi!$C$5:$C$11,MIN(MATCH(MIN(MAX(K39,30),120),Korelasi!$A$5:$A$11,1),6))+(MIN(MAX(K39,30),120)-INDEX(Korelasi!$A$5:$A$11,MIN(MATCH(MIN(MAX(K39,30),120),Korelasi!$A$5:$A$11,1),6)))/(INDEX(Korelasi!$A$5:$A$11,MIN(MATCH(MIN(MAX(K39,30),120),Korelasi!$A$5:$A$11,1),6)+1)-INDEX(Korelasi!$A$5:$A$11,MIN(MATCH(MIN(MAX(K39,30),120),Korelasi!$A$5:$A$11,1),6)))*(INDEX(Korelasi!$C$5:$C$11,MIN(MATCH(MIN(MAX(K39,30),120),Korelasi!$A$5:$A$11,1),6)+1)-INDEX(Korelasi!$C$5:$C$11,MIN(MATCH(MIN(MAX(K39,30),120),Korelasi!$A$5:$A$11,1),6))))) | AF39: =IF(OR(F39="Sand",Y39=0),0,Input!$G$25*(D39/2)^2/(AE39*1E-4*31536000)) | AG39: =MAX(0,MIN(C39,Input!$G$15)-B39) | AH39: =MAX(0,MIN(C39,Input!$G$15)-MAX(B39,$G$8)) | AI39: =MAX(0,MIN(C39,$G$106)-B39) | AJ39: LL/PL/e0 = rata-rata BH
A40: 28 | B40: 40.5 | C40: 42 | D40: =C40-B40 | E40: =(B40+C40)/2 | F40: Clay | G40: 50 | H40: =IF(E40>$G$5,$G$7,$G$6) | I40: =I39+H40*D40 | J40: =I40-H40*D40/2-10*MAX(E40-$G$5,0) | K40: 36.82 | L40: 20.32 | M40: =IF(K40="","",K40-L40) | N40: 0.836 | O40: =IF(F40="Sand",0,Input!$G$19*G40) | P40: =IF(F40="Sand",27.1+0.3*MIN(Input!$G$20*G40,60)-0.00054*MIN(Input!$G$20*G40,60)^2,MIN(MAX(DEGREES(ASIN(0.8-0.094*LN(MAX(IF(M40="",10,M40),5)))),20),30)) | Q40: =IF(F40="Sand",Input!$G$21*Input!$G$20*G40,Input!$G$22*O40) | R40: =IF(F40="Sand",Input!$G$26,0.5) | S40: =Input!$G$10/2/E40 | T40: =Input!$G$11/2/E40 | U40: =1/(4*PI())*(2*S40*T40*SQRT(S40^2+T40^2+1)/(S40^2+T40^2+1+S40^2*T40^2)*(S40^2+T40^2+2)/(S40^2+T40^2+1)+ATAN2(S40^2+T40^2+1-S40^2*T40^2,2*S40*T40*SQRT(S40^2+T40^2+1))) | V40: =4*Input!$G$9*U40 | W40: =((Input!$G$11/Input!$G$10)*LN((1+SQRT((Input!$G$11/Input!$G$10)^2+1))*SQRT((Input!$G$11/Input!$G$10)^2+(C40/(Input!$G$10/2))^2)/((Input!$G$11/Input!$G$10)*(1+SQRT((Input!$G$11/Input!$G$10)^2+(C40/(Input!$G$10/2))^2+1))))+LN(((Input!$G$11/Input!$G$10)+SQRT((Input!$G$11/Input!$G$10)^2+1))*SQRT(1+(C40/(Input!$G$10/2))^2)/((Input!$G$11/Input!$G$10)+SQRT((Input!$G$11/Input!$G$10)^2+(C40/(Input!$G$10/2))^2+1))))/PI() | X40: =(C40/(Input!$G$10/2))/(2*PI())*ATAN((Input!$G$11/Input!$G$10)/((C40/(Input!$G$10/2))*SQRT((Input!$G$11/Input!$G$10)^2+(C40/(Input!$G$10/2))^2+1))) | Y40: =MAX(0,C40-MAX(B40,$G$8))/D40*IF(V40>=Input!$G$27*J40,1,0) | Z40: =4*Input!$G$9*(Input!$G$10/2)*(1-R40^2)/Q40*((W40-W39)+(1-2*R40)/(1-R40)*(X40-X39))*1000*Y40 | AA40: =IF(F40="Sand",0,0.009*(K40-10)) | AB40: =AA40*Input!$G$23 | AC40: =IF(F40="Sand",0,MAX(O40/Input!$G$24,J40)) | AD40: =IF(F40="Sand",0,1000*D40/(1+N40)*IF(J40+V40<=AC40,AB40*LOG10((J40+V40)/J40),AB40*LOG10(AC40/J40)+AA40*LOG10((J40+V40)/AC40)))*Y40 | AE40: =IF(F40="Sand",0,10^(INDEX(Korelasi!$C$5:$C$11,MIN(MATCH(MIN(MAX(K40,30),120),Korelasi!$A$5:$A$11,1),6))+(MIN(MAX(K40,30),120)-INDEX(Korelasi!$A$5:$A$11,MIN(MATCH(MIN(MAX(K40,30),120),Korelasi!$A$5:$A$11,1),6)))/(INDEX(Korelasi!$A$5:$A$11,MIN(MATCH(MIN(MAX(K40,30),120),Korelasi!$A$5:$A$11,1),6)+1)-INDEX(Korelasi!$A$5:$A$11,MIN(MATCH(MIN(MAX(K40,30),120),Korelasi!$A$5:$A$11,1),6)))*(INDEX(Korelasi!$C$5:$C$11,MIN(MATCH(MIN(MAX(K40,30),120),Korelasi!$A$5:$A$11,1),6)+1)-INDEX(Korelasi!$C$5:$C$11,MIN(MATCH(MIN(MAX(K40,30),120),Korelasi!$A$5:$A$11,1),6))))) | AF40: =IF(OR(F40="Sand",Y40=0),0,Input!$G$25*(D40/2)^2/(AE40*1E-4*31536000)) | AG40: =MAX(0,MIN(C40,Input!$G$15)-B40) | AH40: =MAX(0,MIN(C40,Input!$G$15)-MAX(B40,$G$8)) | AI40: =MAX(0,MIN(C40,$G$106)-B40)
A41: 29 | B41: 42 | C41: 43.5 | D41: =C41-B41 | E41: =(B41+C41)/2 | F41: Clay | G41: 50 | H41: =IF(E41>$G$5,$G$7,$G$6) | I41: =I40+H41*D41 | J41: =I41-H41*D41/2-10*MAX(E41-$G$5,0) | K41: 29.665 | L41: 19.806 | M41: =IF(K41="","",K41-L41) | N41: 0.681 | O41: =IF(F41="Sand",0,Input!$G$19*G41) | P41: =IF(F41="Sand",27.1+0.3*MIN(Input!$G$20*G41,60)-0.00054*MIN(Input!$G$20*G41,60)^2,MIN(MAX(DEGREES(ASIN(0.8-0.094*LN(MAX(IF(M41="",10,M41),5)))),20),30)) | Q41: =IF(F41="Sand",Input!$G$21*Input!$G$20*G41,Input!$G$22*O41) | R41: =IF(F41="Sand",Input!$G$26,0.5) | S41: =Input!$G$10/2/E41 | T41: =Input!$G$11/2/E41 | U41: =1/(4*PI())*(2*S41*T41*SQRT(S41^2+T41^2+1)/(S41^2+T41^2+1+S41^2*T41^2)*(S41^2+T41^2+2)/(S41^2+T41^2+1)+ATAN2(S41^2+T41^2+1-S41^2*T41^2,2*S41*T41*SQRT(S41^2+T41^2+1))) | V41: =4*Input!$G$9*U41 | W41: =((Input!$G$11/Input!$G$10)*LN((1+SQRT((Input!$G$11/Input!$G$10)^2+1))*SQRT((Input!$G$11/Input!$G$10)^2+(C41/(Input!$G$10/2))^2)/((Input!$G$11/Input!$G$10)*(1+SQRT((Input!$G$11/Input!$G$10)^2+(C41/(Input!$G$10/2))^2+1))))+LN(((Input!$G$11/Input!$G$10)+SQRT((Input!$G$11/Input!$G$10)^2+1))*SQRT(1+(C41/(Input!$G$10/2))^2)/((Input!$G$11/Input!$G$10)+SQRT((Input!$G$11/Input!$G$10)^2+(C41/(Input!$G$10/2))^2+1))))/PI() | X41: =(C41/(Input!$G$10/2))/(2*PI())*ATAN((Input!$G$11/Input!$G$10)/((C41/(Input!$G$10/2))*SQRT((Input!$G$11/Input!$G$10)^2+(C41/(Input!$G$10/2))^2+1))) | Y41: =MAX(0,C41-MAX(B41,$G$8))/D41*IF(V41>=Input!$G$27*J41,1,0) | Z41: =4*Input!$G$9*(Input!$G$10/2)*(1-R41^2)/Q41*((W41-W40)+(1-2*R41)/(1-R41)*(X41-X40))*1000*Y41 | AA41: =IF(F41="Sand",0,0.009*(K41-10)) | AB41: =AA41*Input!$G$23 | AC41: =IF(F41="Sand",0,MAX(O41/Input!$G$24,J41)) | AD41: =IF(F41="Sand",0,1000*D41/(1+N41)*IF(J41+V41<=AC41,AB41*LOG10((J41+V41)/J41),AB41*LOG10(AC41/J41)+AA41*LOG10((J41+V41)/AC41)))*Y41 | AE41: =IF(F41="Sand",0,10^(INDEX(Korelasi!$C$5:$C$11,MIN(MATCH(MIN(MAX(K41,30),120),Korelasi!$A$5:$A$11,1),6))+(MIN(MAX(K41,30),120)-INDEX(Korelasi!$A$5:$A$11,MIN(MATCH(MIN(MAX(K41,30),120),Korelasi!$A$5:$A$11,1),6)))/(INDEX(Korelasi!$A$5:$A$11,MIN(MATCH(MIN(MAX(K41,30),120),Korelasi!$A$5:$A$11,1),6)+1)-INDEX(Korelasi!$A$5:$A$11,MIN(MATCH(MIN(MAX(K41,30),120),Korelasi!$A$5:$A$11,1),6)))*(INDEX(Korelasi!$C$5:$C$11,MIN(MATCH(MIN(MAX(K41,30),120),Korelasi!$A$5:$A$11,1),6)+1)-INDEX(Korelasi!$C$5:$C$11,MIN(MATCH(MIN(MAX(K41,30),120),Korelasi!$A$5:$A$11,1),6))))) | AF41: =IF(OR(F41="Sand",Y41=0),0,Input!$G$25*(D41/2)^2/(AE41*1E-4*31536000)) | AG41: =MAX(0,MIN(C41,Input!$G$15)-B41) | AH41: =MAX(0,MIN(C41,Input!$G$15)-MAX(B41,$G$8)) | AI41: =MAX(0,MIN(C41,$G$106)-B41) | AJ41: LL/PL/e0 = rata-rata BH
A42: 30 | B42: 43.5 | C42: 45 | D42: =C42-B42 | E42: =(B42+C42)/2 | F42: Clay | G42: 50 | H42: =IF(E42>$G$5,$G$7,$G$6) | I42: =I41+H42*D42 | J42: =I42-H42*D42/2-10*MAX(E42-$G$5,0) | K42: 30.1 | L42: 20.6 | M42: =IF(K42="","",K42-L42) | N42: 0.703 | O42: =IF(F42="Sand",0,Input!$G$19*G42) | P42: =IF(F42="Sand",27.1+0.3*MIN(Input!$G$20*G42,60)-0.00054*MIN(Input!$G$20*G42,60)^2,MIN(MAX(DEGREES(ASIN(0.8-0.094*LN(MAX(IF(M42="",10,M42),5)))),20),30)) | Q42: =IF(F42="Sand",Input!$G$21*Input!$G$20*G42,Input!$G$22*O42) | R42: =IF(F42="Sand",Input!$G$26,0.5) | S42: =Input!$G$10/2/E42 | T42: =Input!$G$11/2/E42 | U42: =1/(4*PI())*(2*S42*T42*SQRT(S42^2+T42^2+1)/(S42^2+T42^2+1+S42^2*T42^2)*(S42^2+T42^2+2)/(S42^2+T42^2+1)+ATAN2(S42^2+T42^2+1-S42^2*T42^2,2*S42*T42*SQRT(S42^2+T42^2+1))) | V42: =4*Input!$G$9*U42 | W42: =((Input!$G$11/Input!$G$10)*LN((1+SQRT((Input!$G$11/Input!$G$10)^2+1))*SQRT((Input!$G$11/Input!$G$10)^2+(C42/(Input!$G$10/2))^2)/((Input!$G$11/Input!$G$10)*(1+SQRT((Input!$G$11/Input!$G$10)^2+(C42/(Input!$G$10/2))^2+1))))+LN(((Input!$G$11/Input!$G$10)+SQRT((Input!$G$11/Input!$G$10)^2+1))*SQRT(1+(C42/(Input!$G$10/2))^2)/((Input!$G$11/Input!$G$10)+SQRT((Input!$G$11/Input!$G$10)^2+(C42/(Input!$G$10/2))^2+1))))/PI() | X42: =(C42/(Input!$G$10/2))/(2*PI())*ATAN((Input!$G$11/Input!$G$10)/((C42/(Input!$G$10/2))*SQRT((Input!$G$11/Input!$G$10)^2+(C42/(Input!$G$10/2))^2+1))) | Y42: =MAX(0,C42-MAX(B42,$G$8))/D42*IF(V42>=Input!$G$27*J42,1,0) | Z42: =4*Input!$G$9*(Input!$G$10/2)*(1-R42^2)/Q42*((W42-W41)+(1-2*R42)/(1-R42)*(X42-X41))*1000*Y42 | AA42: =IF(F42="Sand",0,0.009*(K42-10)) | AB42: =AA42*Input!$G$23 | AC42: =IF(F42="Sand",0,MAX(O42/Input!$G$24,J42)) | AD42: =IF(F42="Sand",0,1000*D42/(1+N42)*IF(J42+V42<=AC42,AB42*LOG10((J42+V42)/J42),AB42*LOG10(AC42/J42)+AA42*LOG10((J42+V42)/AC42)))*Y42 | AE42: =IF(F42="Sand",0,10^(INDEX(Korelasi!$C$5:$C$11,MIN(MATCH(MIN(MAX(K42,30),120),Korelasi!$A$5:$A$11,1),6))+(MIN(MAX(K42,30),120)-INDEX(Korelasi!$A$5:$A$11,MIN(MATCH(MIN(MAX(K42,30),120),Korelasi!$A$5:$A$11,1),6)))/(INDEX(Korelasi!$A$5:$A$11,MIN(MATCH(MIN(MAX(K42,30),120),Korelasi!$A$5:$A$11,1),6)+1)-INDEX(Korelasi!$A$5:$A$11,MIN(MATCH(MIN(MAX(K42,30),120),Korelasi!$A$5:$A$11,1),6)))*(INDEX(Korelasi!$C$5:$C$11,MIN(MATCH(MIN(MAX(K42,30),120),Korelasi!$A$5:$A$11,1),6)+1)-INDEX(Korelasi!$C$5:$C$11,MIN(MATCH(MIN(MAX(K42,30),120),Korelasi!$A$5:$A$11,1),6))))) | AF42: =IF(OR(F42="Sand",Y42=0),0,Input!$G$25*(D42/2)^2/(AE42*1E-4*31536000)) | AG42: =MAX(0,MIN(C42,Input!$G$15)-B42) | AH42: =MAX(0,MIN(C42,Input!$G$15)-MAX(B42,$G$8)) | AI42: =MAX(0,MIN(C42,$G$106)-B42)
A43: 31 | B43: 45 | C43: 46.5 | D43: =C43-B43 | E43: =(B43+C43)/2 | F43: Clay | G43: 33 | H43: =IF(E43>$G$5,$G$7,$G$6) | I43: =I42+H43*D43 | J43: =I43-H43*D43/2-10*MAX(E43-$G$5,0) | K43: 29.665 | L43: 19.806 | M43: =IF(K43="","",K43-L43) | N43: 0.681 | O43: =IF(F43="Sand",0,Input!$G$19*G43) | P43: =IF(F43="Sand",27.1+0.3*MIN(Input!$G$20*G43,60)-0.00054*MIN(Input!$G$20*G43,60)^2,MIN(MAX(DEGREES(ASIN(0.8-0.094*LN(MAX(IF(M43="",10,M43),5)))),20),30)) | Q43: =IF(F43="Sand",Input!$G$21*Input!$G$20*G43,Input!$G$22*O43) | R43: =IF(F43="Sand",Input!$G$26,0.5) | S43: =Input!$G$10/2/E43 | T43: =Input!$G$11/2/E43 | U43: =1/(4*PI())*(2*S43*T43*SQRT(S43^2+T43^2+1)/(S43^2+T43^2+1+S43^2*T43^2)*(S43^2+T43^2+2)/(S43^2+T43^2+1)+ATAN2(S43^2+T43^2+1-S43^2*T43^2,2*S43*T43*SQRT(S43^2+T43^2+1))) | V43: =4*Input!$G$9*U43 | W43: =((Input!$G$11/Input!$G$10)*LN((1+SQRT((Input!$G$11/Input!$G$10)^2+1))*SQRT((Input!$G$11/Input!$G$10)^2+(C43/(Input!$G$10/2))^2)/((Input!$G$11/Input!$G$10)*(1+SQRT((Input!$G$11/Input!$G$10)^2+(C43/(Input!$G$10/2))^2+1))))+LN(((Input!$G$11/Input!$G$10)+SQRT((Input!$G$11/Input!$G$10)^2+1))*SQRT(1+(C43/(Input!$G$10/2))^2)/((Input!$G$11/Input!$G$10)+SQRT((Input!$G$11/Input!$G$10)^2+(C43/(Input!$G$10/2))^2+1))))/PI() | X43: =(C43/(Input!$G$10/2))/(2*PI())*ATAN((Input!$G$11/Input!$G$10)/((C43/(Input!$G$10/2))*SQRT((Input!$G$11/Input!$G$10)^2+(C43/(Input!$G$10/2))^2+1))) | Y43: =MAX(0,C43-MAX(B43,$G$8))/D43*IF(V43>=Input!$G$27*J43,1,0) | Z43: =4*Input!$G$9*(Input!$G$10/2)*(1-R43^2)/Q43*((W43-W42)+(1-2*R43)/(1-R43)*(X43-X42))*1000*Y43 | AA43: =IF(F43="Sand",0,0.009*(K43-10)) | AB43: =AA43*Input!$G$23 | AC43: =IF(F43="Sand",0,MAX(O43/Input!$G$24,J43)) | AD43: =IF(F43="Sand",0,1000*D43/(1+N43)*IF(J43+V43<=AC43,AB43*LOG10((J43+V43)/J43),AB43*LOG10(AC43/J43)+AA43*LOG10((J43+V43)/AC43)))*Y43 | AE43: =IF(F43="Sand",0,10^(INDEX(Korelasi!$C$5:$C$11,MIN(MATCH(MIN(MAX(K43,30),120),Korelasi!$A$5:$A$11,1),6))+(MIN(MAX(K43,30),120)-INDEX(Korelasi!$A$5:$A$11,MIN(MATCH(MIN(MAX(K43,30),120),Korelasi!$A$5:$A$11,1),6)))/(INDEX(Korelasi!$A$5:$A$11,MIN(MATCH(MIN(MAX(K43,30),120),Korelasi!$A$5:$A$11,1),6)+1)-INDEX(Korelasi!$A$5:$A$11,MIN(MATCH(MIN(MAX(K43,30),120),Korelasi!$A$5:$A$11,1),6)))*(INDEX(Korelasi!$C$5:$C$11,MIN(MATCH(MIN(MAX(K43,30),120),Korelasi!$A$5:$A$11,1),6)+1)-INDEX(Korelasi!$C$5:$C$11,MIN(MATCH(MIN(MAX(K43,30),120),Korelasi!$A$5:$A$11,1),6))))) | AF43: =IF(OR(F43="Sand",Y43=0),0,Input!$G$25*(D43/2)^2/(AE43*1E-4*31536000)) | AG43: =MAX(0,MIN(C43,Input!$G$15)-B43) | AH43: =MAX(0,MIN(C43,Input!$G$15)-MAX(B43,$G$8)) | AI43: =MAX(0,MIN(C43,$G$106)-B43) | AJ43: LL/PL/e0 = rata-rata BH
A44: 32 | B44: 46.5 | C44: 48 | D44: =C44-B44 | E44: =(B44+C44)/2 | F44: Clay | G44: 36 | H44: =IF(E44>$G$5,$G$7,$G$6) | I44: =I43+H44*D44 | J44: =I44-H44*D44/2-10*MAX(E44-$G$5,0) | K44: 39.36 | L44: 25.37 | M44: =IF(K44="","",K44-L44) | N44: 0.841 | O44: =IF(F44="Sand",0,Input!$G$19*G44) | P44: =IF(F44="Sand",27.1+0.3*MIN(Input!$G$20*G44,60)-0.00054*MIN(Input!$G$20*G44,60)^2,MIN(MAX(DEGREES(ASIN(0.8-0.094*LN(MAX(IF(M44="",10,M44),5)))),20),30)) | Q44: =IF(F44="Sand",Input!$G$21*Input!$G$20*G44,Input!$G$22*O44) | R44: =IF(F44="Sand",Input!$G$26,0.5) | S44: =Input!$G$10/2/E44 | T44: =Input!$G$11/2/E44 | U44: =1/(4*PI())*(2*S44*T44*SQRT(S44^2+T44^2+1)/(S44^2+T44^2+1+S44^2*T44^2)*(S44^2+T44^2+2)/(S44^2+T44^2+1)+ATAN2(S44^2+T44^2+1-S44^2*T44^2,2*S44*T44*SQRT(S44^2+T44^2+1))) | V44: =4*Input!$G$9*U44 | W44: =((Input!$G$11/Input!$G$10)*LN((1+SQRT((Input!$G$11/Input!$G$10)^2+1))*SQRT((Input!$G$11/Input!$G$10)^2+(C44/(Input!$G$10/2))^2)/((Input!$G$11/Input!$G$10)*(1+SQRT((Input!$G$11/Input!$G$10)^2+(C44/(Input!$G$10/2))^2+1))))+LN(((Input!$G$11/Input!$G$10)+SQRT((Input!$G$11/Input!$G$10)^2+1))*SQRT(1+(C44/(Input!$G$10/2))^2)/((Input!$G$11/Input!$G$10)+SQRT((Input!$G$11/Input!$G$10)^2+(C44/(Input!$G$10/2))^2+1))))/PI() | X44: =(C44/(Input!$G$10/2))/(2*PI())*ATAN((Input!$G$11/Input!$G$10)/((C44/(Input!$G$10/2))*SQRT((Input!$G$11/Input!$G$10)^2+(C44/(Input!$G$10/2))^2+1))) | Y44: =MAX(0,C44-MAX(B44,$G$8))/D44*IF(V44>=Input!$G$27*J44,1,0) | Z44: =4*Input!$G$9*(Input!$G$10/2)*(1-R44^2)/Q44*((W44-W43)+(1-2*R44)/(1-R44)*(X44-X43))*1000*Y44 | AA44: =IF(F44="Sand",0,0.009*(K44-10)) | AB44: =AA44*Input!$G$23 | AC44: =IF(F44="Sand",0,MAX(O44/Input!$G$24,J44)) | AD44: =IF(F44="Sand",0,1000*D44/(1+N44)*IF(J44+V44<=AC44,AB44*LOG10((J44+V44)/J44),AB44*LOG10(AC44/J44)+AA44*LOG10((J44+V44)/AC44)))*Y44 | AE44: =IF(F44="Sand",0,10^(INDEX(Korelasi!$C$5:$C$11,MIN(MATCH(MIN(MAX(K44,30),120),Korelasi!$A$5:$A$11,1),6))+(MIN(MAX(K44,30),120)-INDEX(Korelasi!$A$5:$A$11,MIN(MATCH(MIN(MAX(K44,30),120),Korelasi!$A$5:$A$11,1),6)))/(INDEX(Korelasi!$A$5:$A$11,MIN(MATCH(MIN(MAX(K44,30),120),Korelasi!$A$5:$A$11,1),6)+1)-INDEX(Korelasi!$A$5:$A$11,MIN(MATCH(MIN(MAX(K44,30),120),Korelasi!$A$5:$A$11,1),6)))*(INDEX(Korelasi!$C$5:$C$11,MIN(MATCH(MIN(MAX(K44,30),120),Korelasi!$A$5:$A$11,1),6)+1)-INDEX(Korelasi!$C$5:$C$11,MIN(MATCH(MIN(MAX(K44,30),120),Korelasi!$A$5:$A$11,1),6))))) | AF44: =IF(OR(F44="Sand",Y44=0),0,Input!$G$25*(D44/2)^2/(AE44*1E-4*31536000)) | AG44: =MAX(0,MIN(C44,Input!$G$15)-B44) | AH44: =MAX(0,MIN(C44,Input!$G$15)-MAX(B44,$G$8)) | AI44: =MAX(0,MIN(C44,$G$106)-B44)
A45: 33 | B45: 48 | C45: 49.5 | D45: =C45-B45 | E45: =(B45+C45)/2 | F45: Clay | G45: 31 | H45: =IF(E45>$G$5,$G$7,$G$6) | I45: =I44+H45*D45 | J45: =I45-H45*D45/2-10*MAX(E45-$G$5,0) | K45: 29.665 | L45: 19.806 | M45: =IF(K45="","",K45-L45) | N45: 0.681 | O45: =IF(F45="Sand",0,Input!$G$19*G45) | P45: =IF(F45="Sand",27.1+0.3*MIN(Input!$G$20*G45,60)-0.00054*MIN(Input!$G$20*G45,60)^2,MIN(MAX(DEGREES(ASIN(0.8-0.094*LN(MAX(IF(M45="",10,M45),5)))),20),30)) | Q45: =IF(F45="Sand",Input!$G$21*Input!$G$20*G45,Input!$G$22*O45) | R45: =IF(F45="Sand",Input!$G$26,0.5) | S45: =Input!$G$10/2/E45 | T45: =Input!$G$11/2/E45 | U45: =1/(4*PI())*(2*S45*T45*SQRT(S45^2+T45^2+1)/(S45^2+T45^2+1+S45^2*T45^2)*(S45^2+T45^2+2)/(S45^2+T45^2+1)+ATAN2(S45^2+T45^2+1-S45^2*T45^2,2*S45*T45*SQRT(S45^2+T45^2+1))) | V45: =4*Input!$G$9*U45 | W45: =((Input!$G$11/Input!$G$10)*LN((1+SQRT((Input!$G$11/Input!$G$10)^2+1))*SQRT((Input!$G$11/Input!$G$10)^2+(C45/(Input!$G$10/2))^2)/((Input!$G$11/Input!$G$10)*(1+SQRT((Input!$G$11/Input!$G$10)^2+(C45/(Input!$G$10/2))^2+1))))+LN(((Input!$G$11/Input!$G$10)+SQRT((Input!$G$11/Input!$G$10)^2+1))*SQRT(1+(C45/(Input!$G$10/2))^2)/((Input!$G$11/Input!$G$10)+SQRT((Input!$G$11/Input!$G$10)^2+(C45/(Input!$G$10/2))^2+1))))/PI() | X45: =(C45/(Input!$G$10/2))/(2*PI())*ATAN((Input!$G$11/Input!$G$10)/((C45/(Input!$G$10/2))*SQRT((Input!$G$11/Input!$G$10)^2+(C45/(Input!$G$10/2))^2+1))) | Y45: =MAX(0,C45-MAX(B45,$G$8))/D45*IF(V45>=Input!$G$27*J45,1,0) | Z45: =4*Input!$G$9*(Input!$G$10/2)*(1-R45^2)/Q45*((W45-W44)+(1-2*R45)/(1-R45)*(X45-X44))*1000*Y45 | AA45: =IF(F45="Sand",0,0.009*(K45-10)) | AB45: =AA45*Input!$G$23 | AC45: =IF(F45="Sand",0,MAX(O45/Input!$G$24,J45)) | AD45: =IF(F45="Sand",0,1000*D45/(1+N45)*IF(J45+V45<=AC45,AB45*LOG10((J45+V45)/J45),AB45*LOG10(AC45/J45)+AA45*LOG10((J45+V45)/AC45)))*Y45 | AE45: =IF(F45="Sand",0,10^(INDEX(Korelasi!$C$5:$C$11,MIN(MATCH(MIN(MAX(K45,30),120),Korelasi!$A$5:$A$11,1),6))+(MIN(MAX(K45,30),120)-INDEX(Korelasi!$A$5:$A$11,MIN(MATCH(MIN(MAX(K45,30),120),Korelasi!$A$5:$A$11,1),6)))/(INDEX(Korelasi!$A$5:$A$11,MIN(MATCH(MIN(MAX(K45,30),120),Korelasi!$A$5:$A$11,1),6)+1)-INDEX(Korelasi!$A$5:$A$11,MIN(MATCH(MIN(MAX(K45,30),120),Korelasi!$A$5:$A$11,1),6)))*(INDEX(Korelasi!$C$5:$C$11,MIN(MATCH(MIN(MAX(K45,30),120),Korelasi!$A$5:$A$11,1),6)+1)-INDEX(Korelasi!$C$5:$C$11,MIN(MATCH(MIN(MAX(K45,30),120),Korelasi!$A$5:$A$11,1),6))))) | AF45: =IF(OR(F45="Sand",Y45=0),0,Input!$G$25*(D45/2)^2/(AE45*1E-4*31536000)) | AG45: =MAX(0,MIN(C45,Input!$G$15)-B45) | AH45: =MAX(0,MIN(C45,Input!$G$15)-MAX(B45,$G$8)) | AI45: =MAX(0,MIN(C45,$G$106)-B45) | AJ45: LL/PL/e0 = rata-rata BH
A46: 34 | B46: 49.5 | C46: 51 | D46: =C46-B46 | E46: =(B46+C46)/2 | F46: Sand | G46: 30 | H46: =IF(E46>$G$5,$G$7,$G$6) | I46: =I45+H46*D46 | J46: =I46-H46*D46/2-10*MAX(E46-$G$5,0) | M46: =IF(K46="","",K46-L46) | N46: 0.357 | O46: =IF(F46="Sand",0,Input!$G$19*G46) | P46: =IF(F46="Sand",27.1+0.3*MIN(Input!$G$20*G46,60)-0.00054*MIN(Input!$G$20*G46,60)^2,MIN(MAX(DEGREES(ASIN(0.8-0.094*LN(MAX(IF(M46="",10,M46),5)))),20),30)) | Q46: =IF(F46="Sand",Input!$G$21*Input!$G$20*G46,Input!$G$22*O46) | R46: =IF(F46="Sand",Input!$G$26,0.5) | S46: =Input!$G$10/2/E46 | T46: =Input!$G$11/2/E46 | U46: =1/(4*PI())*(2*S46*T46*SQRT(S46^2+T46^2+1)/(S46^2+T46^2+1+S46^2*T46^2)*(S46^2+T46^2+2)/(S46^2+T46^2+1)+ATAN2(S46^2+T46^2+1-S46^2*T46^2,2*S46*T46*SQRT(S46^2+T46^2+1))) | V46: =4*Input!$G$9*U46 | W46: =((Input!$G$11/Input!$G$10)*LN((1+SQRT((Input!$G$11/Input!$G$10)^2+1))*SQRT((Input!$G$11/Input!$G$10)^2+(C46/(Input!$G$10/2))^2)/((Input!$G$11/Input!$G$10)*(1+SQRT((Input!$G$11/Input!$G$10)^2+(C46/(Input!$G$10/2))^2+1))))+LN(((Input!$G$11/Input!$G$10)+SQRT((Input!$G$11/Input!$G$10)^2+1))*SQRT(1+(C46/(Input!$G$10/2))^2)/((Input!$G$11/Input!$G$10)+SQRT((Input!$G$11/Input!$G$10)^2+(C46/(Input!$G$10/2))^2+1))))/PI() | X46: =(C46/(Input!$G$10/2))/(2*PI())*ATAN((Input!$G$11/Input!$G$10)/((C46/(Input!$G$10/2))*SQRT((Input!$G$11/Input!$G$10)^2+(C46/(Input!$G$10/2))^2+1))) | Y46: =MAX(0,C46-MAX(B46,$G$8))/D46*IF(V46>=Input!$G$27*J46,1,0) | Z46: =4*Input!$G$9*(Input!$G$10/2)*(1-R46^2)/Q46*((W46-W45)+(1-2*R46)/(1-R46)*(X46-X45))*1000*Y46 | AA46: =IF(F46="Sand",0,0.009*(K46-10)) | AB46: =AA46*Input!$G$23 | AC46: =IF(F46="Sand",0,MAX(O46/Input!$G$24,J46)) | AD46: =IF(F46="Sand",0,1000*D46/(1+N46)*IF(J46+V46<=AC46,AB46*LOG10((J46+V46)/J46),AB46*LOG10(AC46/J46)+AA46*LOG10((J46+V46)/AC46)))*Y46 | AE46: =IF(F46="Sand",0,10^(INDEX(Korelasi!$C$5:$C$11,MIN(MATCH(MIN(MAX(K46,30),120),Korelasi!$A$5:$A$11,1),6))+(MIN(MAX(K46,30),120)-INDEX(Korelasi!$A$5:$A$11,MIN(MATCH(MIN(MAX(K46,30),120),Korelasi!$A$5:$A$11,1),6)))/(INDEX(Korelasi!$A$5:$A$11,MIN(MATCH(MIN(MAX(K46,30),120),Korelasi!$A$5:$A$11,1),6)+1)-INDEX(Korelasi!$A$5:$A$11,MIN(MATCH(MIN(MAX(K46,30),120),Korelasi!$A$5:$A$11,1),6)))*(INDEX(Korelasi!$C$5:$C$11,MIN(MATCH(MIN(MAX(K46,30),120),Korelasi!$A$5:$A$11,1),6)+1)-INDEX(Korelasi!$C$5:$C$11,MIN(MATCH(MIN(MAX(K46,30),120),Korelasi!$A$5:$A$11,1),6))))) | AF46: =IF(OR(F46="Sand",Y46=0),0,Input!$G$25*(D46/2)^2/(AE46*1E-4*31536000)) | AG46: =MAX(0,MIN(C46,Input!$G$15)-B46) | AH46: =MAX(0,MIN(C46,Input!$G$15)-MAX(B46,$G$8)) | AI46: =MAX(0,MIN(C46,$G$106)-B46)
A47: 35 | B47: 51 | C47: 52.5 | D47: =C47-B47 | E47: =(B47+C47)/2 | F47: Sand | G47: 34 | H47: =IF(E47>$G$5,$G$7,$G$6) | I47: =I46+H47*D47 | J47: =I47-H47*D47/2-10*MAX(E47-$G$5,0) | M47: =IF(K47="","",K47-L47) | N47: 0.65 | O47: =IF(F47="Sand",0,Input!$G$19*G47) | P47: =IF(F47="Sand",27.1+0.3*MIN(Input!$G$20*G47,60)-0.00054*MIN(Input!$G$20*G47,60)^2,MIN(MAX(DEGREES(ASIN(0.8-0.094*LN(MAX(IF(M47="",10,M47),5)))),20),30)) | Q47: =IF(F47="Sand",Input!$G$21*Input!$G$20*G47,Input!$G$22*O47) | R47: =IF(F47="Sand",Input!$G$26,0.5) | S47: =Input!$G$10/2/E47 | T47: =Input!$G$11/2/E47 | U47: =1/(4*PI())*(2*S47*T47*SQRT(S47^2+T47^2+1)/(S47^2+T47^2+1+S47^2*T47^2)*(S47^2+T47^2+2)/(S47^2+T47^2+1)+ATAN2(S47^2+T47^2+1-S47^2*T47^2,2*S47*T47*SQRT(S47^2+T47^2+1))) | V47: =4*Input!$G$9*U47 | W47: =((Input!$G$11/Input!$G$10)*LN((1+SQRT((Input!$G$11/Input!$G$10)^2+1))*SQRT((Input!$G$11/Input!$G$10)^2+(C47/(Input!$G$10/2))^2)/((Input!$G$11/Input!$G$10)*(1+SQRT((Input!$G$11/Input!$G$10)^2+(C47/(Input!$G$10/2))^2+1))))+LN(((Input!$G$11/Input!$G$10)+SQRT((Input!$G$11/Input!$G$10)^2+1))*SQRT(1+(C47/(Input!$G$10/2))^2)/((Input!$G$11/Input!$G$10)+SQRT((Input!$G$11/Input!$G$10)^2+(C47/(Input!$G$10/2))^2+1))))/PI() | X47: =(C47/(Input!$G$10/2))/(2*PI())*ATAN((Input!$G$11/Input!$G$10)/((C47/(Input!$G$10/2))*SQRT((Input!$G$11/Input!$G$10)^2+(C47/(Input!$G$10/2))^2+1))) | Y47: =MAX(0,C47-MAX(B47,$G$8))/D47*IF(V47>=Input!$G$27*J47,1,0) | Z47: =4*Input!$G$9*(Input!$G$10/2)*(1-R47^2)/Q47*((W47-W46)+(1-2*R47)/(1-R47)*(X47-X46))*1000*Y47 | AA47: =IF(F47="Sand",0,0.009*(K47-10)) | AB47: =AA47*Input!$G$23 | AC47: =IF(F47="Sand",0,MAX(O47/Input!$G$24,J47)) | AD47: =IF(F47="Sand",0,1000*D47/(1+N47)*IF(J47+V47<=AC47,AB47*LOG10((J47+V47)/J47),AB47*LOG10(AC47/J47)+AA47*LOG10((J47+V47)/AC47)))*Y47 | AE47: =IF(F47="Sand",0,10^(INDEX(Korelasi!$C$5:$C$11,MIN(MATCH(MIN(MAX(K47,30),120),Korelasi!$A$5:$A$11,1),6))+(MIN(MAX(K47,30),120)-INDEX(Korelasi!$A$5:$A$11,MIN(MATCH(MIN(MAX(K47,30),120),Korelasi!$A$5:$A$11,1),6)))/(INDEX(Korelasi!$A$5:$A$11,MIN(MATCH(MIN(MAX(K47,30),120),Korelasi!$A$5:$A$11,1),6)+1)-INDEX(Korelasi!$A$5:$A$11,MIN(MATCH(MIN(MAX(K47,30),120),Korelasi!$A$5:$A$11,1),6)))*(INDEX(Korelasi!$C$5:$C$11,MIN(MATCH(MIN(MAX(K47,30),120),Korelasi!$A$5:$A$11,1),6)+1)-INDEX(Korelasi!$C$5:$C$11,MIN(MATCH(MIN(MAX(K47,30),120),Korelasi!$A$5:$A$11,1),6))))) | AF47: =IF(OR(F47="Sand",Y47=0),0,Input!$G$25*(D47/2)^2/(AE47*1E-4*31536000)) | AG47: =MAX(0,MIN(C47,Input!$G$15)-B47) | AH47: =MAX(0,MIN(C47,Input!$G$15)-MAX(B47,$G$8)) | AI47: =MAX(0,MIN(C47,$G$106)-B47)
A48: 36 | B48: 52.5 | C48: 54 | D48: =C48-B48 | E48: =(B48+C48)/2 | F48: Clay | G48: 31 | H48: =IF(E48>$G$5,$G$7,$G$6) | I48: =I47+H48*D48 | J48: =I48-H48*D48/2-10*MAX(E48-$G$5,0) | K48: 29.665 | L48: 19.806 | M48: =IF(K48="","",K48-L48) | N48: 0.681 | O48: =IF(F48="Sand",0,Input!$G$19*G48) | P48: =IF(F48="Sand",27.1+0.3*MIN(Input!$G$20*G48,60)-0.00054*MIN(Input!$G$20*G48,60)^2,MIN(MAX(DEGREES(ASIN(0.8-0.094*LN(MAX(IF(M48="",10,M48),5)))),20),30)) | Q48: =IF(F48="Sand",Input!$G$21*Input!$G$20*G48,Input!$G$22*O48) | R48: =IF(F48="Sand",Input!$G$26,0.5) | S48: =Input!$G$10/2/E48 | T48: =Input!$G$11/2/E48 | U48: =1/(4*PI())*(2*S48*T48*SQRT(S48^2+T48^2+1)/(S48^2+T48^2+1+S48^2*T48^2)*(S48^2+T48^2+2)/(S48^2+T48^2+1)+ATAN2(S48^2+T48^2+1-S48^2*T48^2,2*S48*T48*SQRT(S48^2+T48^2+1))) | V48: =4*Input!$G$9*U48 | W48: =((Input!$G$11/Input!$G$10)*LN((1+SQRT((Input!$G$11/Input!$G$10)^2+1))*SQRT((Input!$G$11/Input!$G$10)^2+(C48/(Input!$G$10/2))^2)/((Input!$G$11/Input!$G$10)*(1+SQRT((Input!$G$11/Input!$G$10)^2+(C48/(Input!$G$10/2))^2+1))))+LN(((Input!$G$11/Input!$G$10)+SQRT((Input!$G$11/Input!$G$10)^2+1))*SQRT(1+(C48/(Input!$G$10/2))^2)/((Input!$G$11/Input!$G$10)+SQRT((Input!$G$11/Input!$G$10)^2+(C48/(Input!$G$10/2))^2+1))))/PI() | X48: =(C48/(Input!$G$10/2))/(2*PI())*ATAN((Input!$G$11/Input!$G$10)/((C48/(Input!$G$10/2))*SQRT((Input!$G$11/Input!$G$10)^2+(C48/(Input!$G$10/2))^2+1))) | Y48: =MAX(0,C48-MAX(B48,$G$8))/D48*IF(V48>=Input!$G$27*J48,1,0) | Z48: =4*Input!$G$9*(Input!$G$10/2)*(1-R48^2)/Q48*((W48-W47)+(1-2*R48)/(1-R48)*(X48-X47))*1000*Y48 | AA48: =IF(F48="Sand",0,0.009*(K48-10)) | AB48: =AA48*Input!$G$23 | AC48: =IF(F48="Sand",0,MAX(O48/Input!$G$24,J48)) | AD48: =IF(F48="Sand",0,1000*D48/(1+N48)*IF(J48+V48<=AC48,AB48*LOG10((J48+V48)/J48),AB48*LOG10(AC48/J48)+AA48*LOG10((J48+V48)/AC48)))*Y48 | AE48: =IF(F48="Sand",0,10^(INDEX(Korelasi!$C$5:$C$11,MIN(MATCH(MIN(MAX(K48,30),120),Korelasi!$A$5:$A$11,1),6))+(MIN(MAX(K48,30),120)-INDEX(Korelasi!$A$5:$A$11,MIN(MATCH(MIN(MAX(K48,30),120),Korelasi!$A$5:$A$11,1),6)))/(INDEX(Korelasi!$A$5:$A$11,MIN(MATCH(MIN(MAX(K48,30),120),Korelasi!$A$5:$A$11,1),6)+1)-INDEX(Korelasi!$A$5:$A$11,MIN(MATCH(MIN(MAX(K48,30),120),Korelasi!$A$5:$A$11,1),6)))*(INDEX(Korelasi!$C$5:$C$11,MIN(MATCH(MIN(MAX(K48,30),120),Korelasi!$A$5:$A$11,1),6)+1)-INDEX(Korelasi!$C$5:$C$11,MIN(MATCH(MIN(MAX(K48,30),120),Korelasi!$A$5:$A$11,1),6))))) | AF48: =IF(OR(F48="Sand",Y48=0),0,Input!$G$25*(D48/2)^2/(AE48*1E-4*31536000)) | AG48: =MAX(0,MIN(C48,Input!$G$15)-B48) | AH48: =MAX(0,MIN(C48,Input!$G$15)-MAX(B48,$G$8)) | AI48: =MAX(0,MIN(C48,$G$106)-B48) | AJ48: LL/PL/e0 = rata-rata BH
A49: 37 | B49: 54 | C49: 55.5 | D49: =C49-B49 | E49: =(B49+C49)/2 | F49: Sand | G49: 29 | H49: =IF(E49>$G$5,$G$7,$G$6) | I49: =I48+H49*D49 | J49: =I49-H49*D49/2-10*MAX(E49-$G$5,0) | M49: =IF(K49="","",K49-L49) | N49: 0.65 | O49: =IF(F49="Sand",0,Input!$G$19*G49) | P49: =IF(F49="Sand",27.1+0.3*MIN(Input!$G$20*G49,60)-0.00054*MIN(Input!$G$20*G49,60)^2,MIN(MAX(DEGREES(ASIN(0.8-0.094*LN(MAX(IF(M49="",10,M49),5)))),20),30)) | Q49: =IF(F49="Sand",Input!$G$21*Input!$G$20*G49,Input!$G$22*O49) | R49: =IF(F49="Sand",Input!$G$26,0.5) | S49: =Input!$G$10/2/E49 | T49: =Input!$G$11/2/E49 | U49: =1/(4*PI())*(2*S49*T49*SQRT(S49^2+T49^2+1)/(S49^2+T49^2+1+S49^2*T49^2)*(S49^2+T49^2+2)/(S49^2+T49^2+1)+ATAN2(S49^2+T49^2+1-S49^2*T49^2,2*S49*T49*SQRT(S49^2+T49^2+1))) | V49: =4*Input!$G$9*U49 | W49: =((Input!$G$11/Input!$G$10)*LN((1+SQRT((Input!$G$11/Input!$G$10)^2+1))*SQRT((Input!$G$11/Input!$G$10)^2+(C49/(Input!$G$10/2))^2)/((Input!$G$11/Input!$G$10)*(1+SQRT((Input!$G$11/Input!$G$10)^2+(C49/(Input!$G$10/2))^2+1))))+LN(((Input!$G$11/Input!$G$10)+SQRT((Input!$G$11/Input!$G$10)^2+1))*SQRT(1+(C49/(Input!$G$10/2))^2)/((Input!$G$11/Input!$G$10)+SQRT((Input!$G$11/Input!$G$10)^2+(C49/(Input!$G$10/2))^2+1))))/PI() | X49: =(C49/(Input!$G$10/2))/(2*PI())*ATAN((Input!$G$11/Input!$G$10)/((C49/(Input!$G$10/2))*SQRT((Input!$G$11/Input!$G$10)^2+(C49/(Input!$G$10/2))^2+1))) | Y49: =MAX(0,C49-MAX(B49,$G$8))/D49*IF(V49>=Input!$G$27*J49,1,0) | Z49: =4*Input!$G$9*(Input!$G$10/2)*(1-R49^2)/Q49*((W49-W48)+(1-2*R49)/(1-R49)*(X49-X48))*1000*Y49 | AA49: =IF(F49="Sand",0,0.009*(K49-10)) | AB49: =AA49*Input!$G$23 | AC49: =IF(F49="Sand",0,MAX(O49/Input!$G$24,J49)) | AD49: =IF(F49="Sand",0,1000*D49/(1+N49)*IF(J49+V49<=AC49,AB49*LOG10((J49+V49)/J49),AB49*LOG10(AC49/J49)+AA49*LOG10((J49+V49)/AC49)))*Y49 | AE49: =IF(F49="Sand",0,10^(INDEX(Korelasi!$C$5:$C$11,MIN(MATCH(MIN(MAX(K49,30),120),Korelasi!$A$5:$A$11,1),6))+(MIN(MAX(K49,30),120)-INDEX(Korelasi!$A$5:$A$11,MIN(MATCH(MIN(MAX(K49,30),120),Korelasi!$A$5:$A$11,1),6)))/(INDEX(Korelasi!$A$5:$A$11,MIN(MATCH(MIN(MAX(K49,30),120),Korelasi!$A$5:$A$11,1),6)+1)-INDEX(Korelasi!$A$5:$A$11,MIN(MATCH(MIN(MAX(K49,30),120),Korelasi!$A$5:$A$11,1),6)))*(INDEX(Korelasi!$C$5:$C$11,MIN(MATCH(MIN(MAX(K49,30),120),Korelasi!$A$5:$A$11,1),6)+1)-INDEX(Korelasi!$C$5:$C$11,MIN(MATCH(MIN(MAX(K49,30),120),Korelasi!$A$5:$A$11,1),6))))) | AF49: =IF(OR(F49="Sand",Y49=0),0,Input!$G$25*(D49/2)^2/(AE49*1E-4*31536000)) | AG49: =MAX(0,MIN(C49,Input!$G$15)-B49) | AH49: =MAX(0,MIN(C49,Input!$G$15)-MAX(B49,$G$8)) | AI49: =MAX(0,MIN(C49,$G$106)-B49)
A50: 38 | B50: 55.5 | C50: 57 | D50: =C50-B50 | E50: =(B50+C50)/2 | F50: Sand | G50: 25 | H50: =IF(E50>$G$5,$G$7,$G$6) | I50: =I49+H50*D50 | J50: =I50-H50*D50/2-10*MAX(E50-$G$5,0) | M50: =IF(K50="","",K50-L50) | N50: 0.65 | O50: =IF(F50="Sand",0,Input!$G$19*G50) | P50: =IF(F50="Sand",27.1+0.3*MIN(Input!$G$20*G50,60)-0.00054*MIN(Input!$G$20*G50,60)^2,MIN(MAX(DEGREES(ASIN(0.8-0.094*LN(MAX(IF(M50="",10,M50),5)))),20),30)) | Q50: =IF(F50="Sand",Input!$G$21*Input!$G$20*G50,Input!$G$22*O50) | R50: =IF(F50="Sand",Input!$G$26,0.5) | S50: =Input!$G$10/2/E50 | T50: =Input!$G$11/2/E50 | U50: =1/(4*PI())*(2*S50*T50*SQRT(S50^2+T50^2+1)/(S50^2+T50^2+1+S50^2*T50^2)*(S50^2+T50^2+2)/(S50^2+T50^2+1)+ATAN2(S50^2+T50^2+1-S50^2*T50^2,2*S50*T50*SQRT(S50^2+T50^2+1))) | V50: =4*Input!$G$9*U50 | W50: =((Input!$G$11/Input!$G$10)*LN((1+SQRT((Input!$G$11/Input!$G$10)^2+1))*SQRT((Input!$G$11/Input!$G$10)^2+(C50/(Input!$G$10/2))^2)/((Input!$G$11/Input!$G$10)*(1+SQRT((Input!$G$11/Input!$G$10)^2+(C50/(Input!$G$10/2))^2+1))))+LN(((Input!$G$11/Input!$G$10)+SQRT((Input!$G$11/Input!$G$10)^2+1))*SQRT(1+(C50/(Input!$G$10/2))^2)/((Input!$G$11/Input!$G$10)+SQRT((Input!$G$11/Input!$G$10)^2+(C50/(Input!$G$10/2))^2+1))))/PI() | X50: =(C50/(Input!$G$10/2))/(2*PI())*ATAN((Input!$G$11/Input!$G$10)/((C50/(Input!$G$10/2))*SQRT((Input!$G$11/Input!$G$10)^2+(C50/(Input!$G$10/2))^2+1))) | Y50: =MAX(0,C50-MAX(B50,$G$8))/D50*IF(V50>=Input!$G$27*J50,1,0) | Z50: =4*Input!$G$9*(Input!$G$10/2)*(1-R50^2)/Q50*((W50-W49)+(1-2*R50)/(1-R50)*(X50-X49))*1000*Y50 | AA50: =IF(F50="Sand",0,0.009*(K50-10)) | AB50: =AA50*Input!$G$23 | AC50: =IF(F50="Sand",0,MAX(O50/Input!$G$24,J50)) | AD50: =IF(F50="Sand",0,1000*D50/(1+N50)*IF(J50+V50<=AC50,AB50*LOG10((J50+V50)/J50),AB50*LOG10(AC50/J50)+AA50*LOG10((J50+V50)/AC50)))*Y50 | AE50: =IF(F50="Sand",0,10^(INDEX(Korelasi!$C$5:$C$11,MIN(MATCH(MIN(MAX(K50,30),120),Korelasi!$A$5:$A$11,1),6))+(MIN(MAX(K50,30),120)-INDEX(Korelasi!$A$5:$A$11,MIN(MATCH(MIN(MAX(K50,30),120),Korelasi!$A$5:$A$11,1),6)))/(INDEX(Korelasi!$A$5:$A$11,MIN(MATCH(MIN(MAX(K50,30),120),Korelasi!$A$5:$A$11,1),6)+1)-INDEX(Korelasi!$A$5:$A$11,MIN(MATCH(MIN(MAX(K50,30),120),Korelasi!$A$5:$A$11,1),6)))*(INDEX(Korelasi!$C$5:$C$11,MIN(MATCH(MIN(MAX(K50,30),120),Korelasi!$A$5:$A$11,1),6)+1)-INDEX(Korelasi!$C$5:$C$11,MIN(MATCH(MIN(MAX(K50,30),120),Korelasi!$A$5:$A$11,1),6))))) | AF50: =IF(OR(F50="Sand",Y50=0),0,Input!$G$25*(D50/2)^2/(AE50*1E-4*31536000)) | AG50: =MAX(0,MIN(C50,Input!$G$15)-B50) | AH50: =MAX(0,MIN(C50,Input!$G$15)-MAX(B50,$G$8)) | AI50: =MAX(0,MIN(C50,$G$106)-B50)
A51: 39 | B51: 57 | C51: 58.5 | D51: =C51-B51 | E51: =(B51+C51)/2 | F51: Sand | G51: 35 | H51: =IF(E51>$G$5,$G$7,$G$6) | I51: =I50+H51*D51 | J51: =I51-H51*D51/2-10*MAX(E51-$G$5,0) | M51: =IF(K51="","",K51-L51) | N51: 0.65 | O51: =IF(F51="Sand",0,Input!$G$19*G51) | P51: =IF(F51="Sand",27.1+0.3*MIN(Input!$G$20*G51,60)-0.00054*MIN(Input!$G$20*G51,60)^2,MIN(MAX(DEGREES(ASIN(0.8-0.094*LN(MAX(IF(M51="",10,M51),5)))),20),30)) | Q51: =IF(F51="Sand",Input!$G$21*Input!$G$20*G51,Input!$G$22*O51) | R51: =IF(F51="Sand",Input!$G$26,0.5) | S51: =Input!$G$10/2/E51 | T51: =Input!$G$11/2/E51 | U51: =1/(4*PI())*(2*S51*T51*SQRT(S51^2+T51^2+1)/(S51^2+T51^2+1+S51^2*T51^2)*(S51^2+T51^2+2)/(S51^2+T51^2+1)+ATAN2(S51^2+T51^2+1-S51^2*T51^2,2*S51*T51*SQRT(S51^2+T51^2+1))) | V51: =4*Input!$G$9*U51 | W51: =((Input!$G$11/Input!$G$10)*LN((1+SQRT((Input!$G$11/Input!$G$10)^2+1))*SQRT((Input!$G$11/Input!$G$10)^2+(C51/(Input!$G$10/2))^2)/((Input!$G$11/Input!$G$10)*(1+SQRT((Input!$G$11/Input!$G$10)^2+(C51/(Input!$G$10/2))^2+1))))+LN(((Input!$G$11/Input!$G$10)+SQRT((Input!$G$11/Input!$G$10)^2+1))*SQRT(1+(C51/(Input!$G$10/2))^2)/((Input!$G$11/Input!$G$10)+SQRT((Input!$G$11/Input!$G$10)^2+(C51/(Input!$G$10/2))^2+1))))/PI() | X51: =(C51/(Input!$G$10/2))/(2*PI())*ATAN((Input!$G$11/Input!$G$10)/((C51/(Input!$G$10/2))*SQRT((Input!$G$11/Input!$G$10)^2+(C51/(Input!$G$10/2))^2+1))) | Y51: =MAX(0,C51-MAX(B51,$G$8))/D51*IF(V51>=Input!$G$27*J51,1,0) | Z51: =4*Input!$G$9*(Input!$G$10/2)*(1-R51^2)/Q51*((W51-W50)+(1-2*R51)/(1-R51)*(X51-X50))*1000*Y51 | AA51: =IF(F51="Sand",0,0.009*(K51-10)) | AB51: =AA51*Input!$G$23 | AC51: =IF(F51="Sand",0,MAX(O51/Input!$G$24,J51)) | AD51: =IF(F51="Sand",0,1000*D51/(1+N51)*IF(J51+V51<=AC51,AB51*LOG10((J51+V51)/J51),AB51*LOG10(AC51/J51)+AA51*LOG10((J51+V51)/AC51)))*Y51 | AE51: =IF(F51="Sand",0,10^(INDEX(Korelasi!$C$5:$C$11,MIN(MATCH(MIN(MAX(K51,30),120),Korelasi!$A$5:$A$11,1),6))+(MIN(MAX(K51,30),120)-INDEX(Korelasi!$A$5:$A$11,MIN(MATCH(MIN(MAX(K51,30),120),Korelasi!$A$5:$A$11,1),6)))/(INDEX(Korelasi!$A$5:$A$11,MIN(MATCH(MIN(MAX(K51,30),120),Korelasi!$A$5:$A$11,1),6)+1)-INDEX(Korelasi!$A$5:$A$11,MIN(MATCH(MIN(MAX(K51,30),120),Korelasi!$A$5:$A$11,1),6)))*(INDEX(Korelasi!$C$5:$C$11,MIN(MATCH(MIN(MAX(K51,30),120),Korelasi!$A$5:$A$11,1),6)+1)-INDEX(Korelasi!$C$5:$C$11,MIN(MATCH(MIN(MAX(K51,30),120),Korelasi!$A$5:$A$11,1),6))))) | AF51: =IF(OR(F51="Sand",Y51=0),0,Input!$G$25*(D51/2)^2/(AE51*1E-4*31536000)) | AG51: =MAX(0,MIN(C51,Input!$G$15)-B51) | AH51: =MAX(0,MIN(C51,Input!$G$15)-MAX(B51,$G$8)) | AI51: =MAX(0,MIN(C51,$G$106)-B51)
A52: 40 | B52: 58.5 | C52: 59.5 | D52: =C52-B52 | E52: =(B52+C52)/2 | F52: Sand | G52: 42 | H52: =IF(E52>$G$5,$G$7,$G$6) | I52: =I51+H52*D52 | J52: =I52-H52*D52/2-10*MAX(E52-$G$5,0) | M52: =IF(K52="","",K52-L52) | N52: 0.65 | O52: =IF(F52="Sand",0,Input!$G$19*G52) | P52: =IF(F52="Sand",27.1+0.3*MIN(Input!$G$20*G52,60)-0.00054*MIN(Input!$G$20*G52,60)^2,MIN(MAX(DEGREES(ASIN(0.8-0.094*LN(MAX(IF(M52="",10,M52),5)))),20),30)) | Q52: =IF(F52="Sand",Input!$G$21*Input!$G$20*G52,Input!$G$22*O52) | R52: =IF(F52="Sand",Input!$G$26,0.5) | S52: =Input!$G$10/2/E52 | T52: =Input!$G$11/2/E52 | U52: =1/(4*PI())*(2*S52*T52*SQRT(S52^2+T52^2+1)/(S52^2+T52^2+1+S52^2*T52^2)*(S52^2+T52^2+2)/(S52^2+T52^2+1)+ATAN2(S52^2+T52^2+1-S52^2*T52^2,2*S52*T52*SQRT(S52^2+T52^2+1))) | V52: =4*Input!$G$9*U52 | W52: =((Input!$G$11/Input!$G$10)*LN((1+SQRT((Input!$G$11/Input!$G$10)^2+1))*SQRT((Input!$G$11/Input!$G$10)^2+(C52/(Input!$G$10/2))^2)/((Input!$G$11/Input!$G$10)*(1+SQRT((Input!$G$11/Input!$G$10)^2+(C52/(Input!$G$10/2))^2+1))))+LN(((Input!$G$11/Input!$G$10)+SQRT((Input!$G$11/Input!$G$10)^2+1))*SQRT(1+(C52/(Input!$G$10/2))^2)/((Input!$G$11/Input!$G$10)+SQRT((Input!$G$11/Input!$G$10)^2+(C52/(Input!$G$10/2))^2+1))))/PI() | X52: =(C52/(Input!$G$10/2))/(2*PI())*ATAN((Input!$G$11/Input!$G$10)/((C52/(Input!$G$10/2))*SQRT((Input!$G$11/Input!$G$10)^2+(C52/(Input!$G$10/2))^2+1))) | Y52: =MAX(0,C52-MAX(B52,$G$8))/D52*IF(V52>=Input!$G$27*J52,1,0) | Z52: =4*Input!$G$9*(Input!$G$10/2)*(1-R52^2)/Q52*((W52-W51)+(1-2*R52)/(1-R52)*(X52-X51))*1000*Y52 | AA52: =IF(F52="Sand",0,0.009*(K52-10)) | AB52: =AA52*Input!$G$23 | AC52: =IF(F52="Sand",0,MAX(O52/Input!$G$24,J52)) | AD52: =IF(F52="Sand",0,1000*D52/(1+N52)*IF(J52+V52<=AC52,AB52*LOG10((J52+V52)/J52),AB52*LOG10(AC52/J52)+AA52*LOG10((J52+V52)/AC52)))*Y52 | AE52: =IF(F52="Sand",0,10^(INDEX(Korelasi!$C$5:$C$11,MIN(MATCH(MIN(MAX(K52,30),120),Korelasi!$A$5:$A$11,1),6))+(MIN(MAX(K52,30),120)-INDEX(Korelasi!$A$5:$A$11,MIN(MATCH(MIN(MAX(K52,30),120),Korelasi!$A$5:$A$11,1),6)))/(INDEX(Korelasi!$A$5:$A$11,MIN(MATCH(MIN(MAX(K52,30),120),Korelasi!$A$5:$A$11,1),6)+1)-INDEX(Korelasi!$A$5:$A$11,MIN(MATCH(MIN(MAX(K52,30),120),Korelasi!$A$5:$A$11,1),6)))*(INDEX(Korelasi!$C$5:$C$11,MIN(MATCH(MIN(MAX(K52,30),120),Korelasi!$A$5:$A$11,1),6)+1)-INDEX(Korelasi!$C$5:$C$11,MIN(MATCH(MIN(MAX(K52,30),120),Korelasi!$A$5:$A$11,1),6))))) | AF52: =IF(OR(F52="Sand",Y52=0),0,Input!$G$25*(D52/2)^2/(AE52*1E-4*31536000)) | AG52: =MAX(0,MIN(C52,Input!$G$15)-B52) | AH52: =MAX(0,MIN(C52,Input!$G$15)-MAX(B52,$G$8)) | AI52: =MAX(0,MIN(C52,$G$106)-B52)
A53: 41 | B53: 59.5 | C53: 60 | D53: =C53-B53 | E53: =(B53+C53)/2 | F53: Sand | G53: 46 | H53: =IF(E53>$G$5,$G$7,$G$6) | I53: =I52+H53*D53 | J53: =I53-H53*D53/2-10*MAX(E53-$G$5,0) | M53: =IF(K53="","",K53-L53) | N53: 0.65 | O53: =IF(F53="Sand",0,Input!$G$19*G53) | P53: =IF(F53="Sand",27.1+0.3*MIN(Input!$G$20*G53,60)-0.00054*MIN(Input!$G$20*G53,60)^2,MIN(MAX(DEGREES(ASIN(0.8-0.094*LN(MAX(IF(M53="",10,M53),5)))),20),30)) | Q53: =IF(F53="Sand",Input!$G$21*Input!$G$20*G53,Input!$G$22*O53) | R53: =IF(F53="Sand",Input!$G$26,0.5) | S53: =Input!$G$10/2/E53 | T53: =Input!$G$11/2/E53 | U53: =1/(4*PI())*(2*S53*T53*SQRT(S53^2+T53^2+1)/(S53^2+T53^2+1+S53^2*T53^2)*(S53^2+T53^2+2)/(S53^2+T53^2+1)+ATAN2(S53^2+T53^2+1-S53^2*T53^2,2*S53*T53*SQRT(S53^2+T53^2+1))) | V53: =4*Input!$G$9*U53 | W53: =((Input!$G$11/Input!$G$10)*LN((1+SQRT((Input!$G$11/Input!$G$10)^2+1))*SQRT((Input!$G$11/Input!$G$10)^2+(C53/(Input!$G$10/2))^2)/((Input!$G$11/Input!$G$10)*(1+SQRT((Input!$G$11/Input!$G$10)^2+(C53/(Input!$G$10/2))^2+1))))+LN(((Input!$G$11/Input!$G$10)+SQRT((Input!$G$11/Input!$G$10)^2+1))*SQRT(1+(C53/(Input!$G$10/2))^2)/((Input!$G$11/Input!$G$10)+SQRT((Input!$G$11/Input!$G$10)^2+(C53/(Input!$G$10/2))^2+1))))/PI() | X53: =(C53/(Input!$G$10/2))/(2*PI())*ATAN((Input!$G$11/Input!$G$10)/((C53/(Input!$G$10/2))*SQRT((Input!$G$11/Input!$G$10)^2+(C53/(Input!$G$10/2))^2+1))) | Y53: =MAX(0,C53-MAX(B53,$G$8))/D53*IF(V53>=Input!$G$27*J53,1,0) | Z53: =4*Input!$G$9*(Input!$G$10/2)*(1-R53^2)/Q53*((W53-W52)+(1-2*R53)/(1-R53)*(X53-X52))*1000*Y53 | AA53: =IF(F53="Sand",0,0.009*(K53-10)) | AB53: =AA53*Input!$G$23 | AC53: =IF(F53="Sand",0,MAX(O53/Input!$G$24,J53)) | AD53: =IF(F53="Sand",0,1000*D53/(1+N53)*IF(J53+V53<=AC53,AB53*LOG10((J53+V53)/J53),AB53*LOG10(AC53/J53)+AA53*LOG10((J53+V53)/AC53)))*Y53 | AE53: =IF(F53="Sand",0,10^(INDEX(Korelasi!$C$5:$C$11,MIN(MATCH(MIN(MAX(K53,30),120),Korelasi!$A$5:$A$11,1),6))+(MIN(MAX(K53,30),120)-INDEX(Korelasi!$A$5:$A$11,MIN(MATCH(MIN(MAX(K53,30),120),Korelasi!$A$5:$A$11,1),6)))/(INDEX(Korelasi!$A$5:$A$11,MIN(MATCH(MIN(MAX(K53,30),120),Korelasi!$A$5:$A$11,1),6)+1)-INDEX(Korelasi!$A$5:$A$11,MIN(MATCH(MIN(MAX(K53,30),120),Korelasi!$A$5:$A$11,1),6)))*(INDEX(Korelasi!$C$5:$C$11,MIN(MATCH(MIN(MAX(K53,30),120),Korelasi!$A$5:$A$11,1),6)+1)-INDEX(Korelasi!$C$5:$C$11,MIN(MATCH(MIN(MAX(K53,30),120),Korelasi!$A$5:$A$11,1),6))))) | AF53: =IF(OR(F53="Sand",Y53=0),0,Input!$G$25*(D53/2)^2/(AE53*1E-4*31536000)) | AG53: =MAX(0,MIN(C53,Input!$G$15)-B53) | AH53: =MAX(0,MIN(C53,Input!$G$15)-MAX(B53,$G$8)) | AI53: =MAX(0,MIN(C53,$G$106)-B53)
A54: Sel kuning = data (SPT, lab, laporan). Jenis: Sand / Silt / Clay. Sublapisan di bawah kedalaman bor memakai data borehole terdekat (lihat Ket.).
A56: 3. DAYA DUKUNG TANAH DASAR (Terzaghi/Vesic, SNI 8460:2017)
A57: Kondisi undrained (jangka pendek) dihitung bila ada lanau/lempung dalam 0 - Hb; kondisi drained (jangka panjang) selalu dihitung; daya dukung = nilai terkecil. Tanah 0 - Dr yang diganti dianggap material granular (Input bagian D).
A58: a) TANPA PERBAIKAN
A59: Tebal lanau/lempung asli dalam 0 - Hb | F59: Σh | G59: =SUMPRODUCT(--(F13:F53<>"Sand"),AG13:AG53) | H59: m
A60: cu rata-rata lanau/lempung (0 - Hb) | F60: cu | G60: =IF($G$59=0,0,SUMPRODUCT(--(F13:F53<>"Sand"),AG13:AG53,O13:O53)/$G$59) | H60: kPa | I60: cu = k·N
A61: φ' rata-rata (0 - Hb) | F61: φ' | G61: =(SUMPRODUCT(AG13:AG53,P13:P53)+MIN(0,Input!$G$15)*Input!$G$31)/Input!$G$15 | H61: ° | I61: lapisan diganti memakai φ' material pengganti
A62: Berat isi efektif rata-rata (0 - Hb) | F62: γ' | G62: =(SUMPRODUCT(AG13:AG53,H13:H53)+MIN(0,Input!$G$15)*Input!$G$30)/Input!$G$15-10*MAX(0,Input!$G$15-$G$5)/Input!$G$15 | H62: kN/m³
A63: Undrained: faktor bentuk (Nc = 5,14) | F63: sc | G63: =1+0.2*Input!$G$10/Input!$G$11 | H63: -
A64: qu undrained = cu·Nc·sc | F64: qu,u | G64: =IF($G$59=0,"-",$G$60*5.14*$G$63) | H64: kPa | I64: tidak berlaku bila tidak ada lanau/lempung
A65: Drained: Nq = e^(π tanφ)·tan²(45+φ/2) | F65: Nq | G65: =EXP(PI()*TAN(RADIANS($G$61)))*TAN(RADIANS(45+$G$61/2))^2 | H65: -
A66: Nγ = 2(Nq+1)tanφ (Vesic 1975) | F66: Nγ | G66: =2*($G$65+1)*TAN(RADIANS($G$61)) | H66: -
A67: sγ = 1 - 0,4B/L ; rγ = 1 - 0,25log(B/2) (Bowles 1996) | F67: sγ·rγ | G67: =(1-0.4*Input!$G$10/Input!$G$11)*IF(Input!$G$10>2,1-0.25*LOG10(Input!$G$10/2),1) | H67: -
A68: qu drained = 0,5·γ'·B·Nγ·sγ·rγ (c' = 0, q = 0) | F68: qu,d | G68: =0.5*$G$62*Input!$G$10*$G$66*$G$67 | H68: kPa
A69: Daya dukung ultimit menentukan | F69: qu | G69: =IF($G$59=0,$G$68,MIN($G$64,$G$68)) | H69: kPa
A70: Daya dukung izin = qu / SF | F70: qall | G70: =$G$69/Input!$G$14 | H70: kPa
A71: Tekanan kerja (timbunan + beban merata) | F71: q | G71: =Input!$G$9 | H71: kPa
A72: Kontrol daya dukung | G72: =IF($G$70>=Input!$G$9,"qall ≥ q … OK","qall < q … NG")
A73: Faktor keamanan aktual = qu / q | F73: FS | G73: =$G$69/Input!$G$9 | H73: -
A74: Tinggi timbunan izin (dengan beban merata) | F74: H izin | G74: =MAX(0,($G$70-Input!$G$8)/Input!$G$7) | H74: m | I74: H izin = (qall - qs)/γf
A76: b) DENGAN PENGGANTIAN TANAH 0 - Dr (kondisi desain)
A77: Tebal lanau/lempung asli dalam 0 - Hb | F77: Σh | G77: =SUMPRODUCT(--(F13:F53<>"Sand"),AH13:AH53) | H77: m
A78: cu rata-rata lanau/lempung (0 - Hb) | F78: cu | G78: =IF($G$77=0,0,SUMPRODUCT(--(F13:F53<>"Sand"),AH13:AH53,O13:O53)/$G$77) | H78: kPa | I78: cu = k·N
A79: φ' rata-rata (0 - Hb) | F79: φ' | G79: =(SUMPRODUCT(AH13:AH53,P13:P53)+MIN($G$8,Input!$G$15)*Input!$G$31)/Input!$G$15 | H79: ° | I79: lapisan diganti memakai φ' material pengganti
A80: Berat isi efektif rata-rata (0 - Hb) | F80: γ' | G80: =(SUMPRODUCT(AH13:AH53,H13:H53)+MIN($G$8,Input!$G$15)*Input!$G$30)/Input!$G$15-10*MAX(0,Input!$G$15-$G$5)/Input!$G$15 | H80: kN/m³
A81: Undrained: faktor bentuk (Nc = 5,14) | F81: sc | G81: =1+0.2*Input!$G$10/Input!$G$11 | H81: -
A82: qu undrained = cu·Nc·sc | F82: qu,u | G82: =IF($G$77=0,"-",$G$78*5.14*$G$81) | H82: kPa | I82: tidak berlaku bila tidak ada lanau/lempung
A83: Drained: Nq = e^(π tanφ)·tan²(45+φ/2) | F83: Nq | G83: =EXP(PI()*TAN(RADIANS($G$79)))*TAN(RADIANS(45+$G$79/2))^2 | H83: -
A84: Nγ = 2(Nq+1)tanφ (Vesic 1975) | F84: Nγ | G84: =2*($G$83+1)*TAN(RADIANS($G$79)) | H84: -
A85: sγ = 1 - 0,4B/L ; rγ = 1 - 0,25log(B/2) (Bowles 1996) | F85: sγ·rγ | G85: =(1-0.4*Input!$G$10/Input!$G$11)*IF(Input!$G$10>2,1-0.25*LOG10(Input!$G$10/2),1) | H85: -
A86: qu drained = 0,5·γ'·B·Nγ·sγ·rγ (c' = 0, q = 0) | F86: qu,d | G86: =0.5*$G$80*Input!$G$10*$G$84*$G$85 | H86: kPa
A87: Daya dukung ultimit menentukan | F87: qu | G87: =IF($G$77=0,$G$86,MIN($G$82,$G$86)) | H87: kPa
A88: Daya dukung izin = qu / SF | F88: qall | G88: =$G$87/Input!$G$14 | H88: kPa
A89: Tekanan kerja (timbunan + beban merata) | F89: q | G89: =Input!$G$9 | H89: kPa
A90: Kontrol daya dukung | G90: =IF($G$88>=Input!$G$9,"qall ≥ q … OK","qall < q … NG")
A91: Faktor keamanan aktual = qu / q | F91: FS | G91: =$G$87/Input!$G$9 | H91: -
A92: Tinggi timbunan izin (dengan beban merata) | F92: H izin | G92: =MAX(0,($G$88-Input!$G$8)/Input!$G$7) | H92: m | I92: H izin = (qall - qs)/γf
A94: c) Tanah pasiran - daya dukung izin berbasis penurunan 25 mm (Meyerhof 1965, Bowles 1996)
A95: N60 rata-rata lapisan pasir (0 - Hb) | F95: N60 | G95: =IFERROR(SUMPRODUCT(--(F13:F53="Sand"),AG13:AG53,G13:G53)/SUMPRODUCT(--(F13:F53="Sand"),AG13:AG53)*Input!$G$20,"-") | H95: -
A96: qa (S = 25 mm) = (N55/0,08)·((B+0,3)/B)²·Kd | F96: qa | G96: =IFERROR(($G$95*60/55)/0.08*((Input!$G$10+0.3)/Input!$G$10)^2,"-") | H96: kPa | I96: Kd = 1 (beban di permukaan)
A97: Pada tanah pasiran daya dukung geser hampir selalu jauh di atas beban; penentu desain adalah penurunan (bagian 4).
A99: 4. PENURUNAN SEGERA (IMMEDIATE SETTLEMENT) - kondisi desain
A100: d) Teori elastis berlapis (Steinbrenner 1934; Bowles 1996): pusat area fleksibel B×L, tiap lapisan Si = 4q(B/2)(1-ν²)/E·[ΔF1 + (1-2ν)/(1-ν)·ΔF2]. Pasir: E drained, ν pasir; lanau/lempung: Eu undrained, ν = 0,5.
A101: Penurunan segera total (dalam kedalaman pengaruh) | F101: Si | G101: =SUM(Z13:Z53) | H101: mm
A102: - dari lapisan pasir | G102: =SUMPRODUCT(--(F13:F53="Sand"),Z13:Z53) | H102: mm
A103: - dari lapisan lanau/lempung (undrained) | G103: =$G$101-$G$102 | H103: mm
A105: e) Pemeriksaan tanah pasiran - Burland & Burbidge (1985), pasir NC: S = fs·fl·q·B^0,7·Ic, Ic = 1,71/N̄^1,4
A106: Kedalaman pengaruh zI = B^0,763 | F106: zI | G106: =MIN(Input!$G$10^0.763,C53) | H106: m
A107: N rata-rata dalam zI (N terukur) | F107: N̄ | G107: =SUMPRODUCT(AI13:AI53,G13:G53)/$G$106 | H107: -
...

Sheet BH-02
A1: ANALISIS DAYA DUKUNG, PENURUNAN SEGERA & KONSOLIDASI - BH-02 (Wellpad A)
A2: PSPE Bora Pulu - timbunan + beban merata (lihat sheet Input)
A4: 1. PARAMETER BOREHOLE
A5: Muka air tanah (GWL) | G5: 7 | H5: m | I5: GWL analisis likuefaksi (Report BP-00-GEO-RPT-003)
A6: Berat isi di atas GWL | G6: 18.5 | H6: kN/m³ | I6: Report Tabel 5.1 (hasil lab)
A7: Berat isi di bawah GWL | G7: 18.4 | H7: kN/m³ | I7: Report Tabel 5.1 (hasil lab)
A8: Kedalaman penggantian tanah (replacement) - kondisi desain | G8: 0 | H8: m | I8: 0 = tanpa perbaikan; tanah 0 - Dr diganti material granular (sheet Input bagian D)
A10: 2. TABEL TANAH & PERHITUNGAN PER LAPISAN (sublapisan = interval SPT 1,5 m)
A11: No | B11: Atas | C11: Bawah | D11: Tebal h | E11: Tengah z | F11: Jenis | G11: N-SPT | H11: γ | I11: σv bawah | J11: σ'v0 tengah | K11: LL | L11: PL | M11: PI | N11: e0 | O11: cu | P11: φ' | Q11: E | R11: ν | S11: m=B/2z | T11: n=L/2z | U11: I Bouss. | V11: Δσz pusat | W11: F1 (bawah) | X11: F2 (bawah) | Y11: faktor aktif | Z11: Si | AA11: Cc | AB11: Cr | AC11: σ'p | AD11: Sc | AE11: Cv | AF11: t90 | AG11: Δ 0-Hb | AH11: Δ 0-Hb sisa | AI11: Δ 0-zI | AJ11: Ket.
B12: m | C12: m | D12: m | E12: m | H12: kN/m³ | I12: kPa | J12: kPa | K12: % | L12: % | M12: % | N12: - | O12: kPa | P12: ° | Q12: kPa | R12: - | S12: - | T12: - | U12: - | V12: kPa | W12: - | X12: - | Y12: - | Z12: mm | AA12: - | AB12: - | AC12: kPa | AD12: mm | AE12: cm²/s | AF12: tahun | AG12: m | AH12: m | AI12: m
A13: 1 | B13: 0 | C13: 1.5 | D13: =C13-B13 | E13: =(B13+C13)/2 | F13: Sand | G13: 50 | H13: =IF(E13>$G$5,$G$7,$G$6) | I13: =H13*D13 | J13: =I13-H13*D13/2-10*MAX(E13-$G$5,0) | M13: =IF(K13="","",K13-L13) | N13: 0.65 | O13: =IF(F13="Sand",0,Input!$G$19*G13) | P13: =IF(F13="Sand",27.1+0.3*MIN(Input!$G$20*G13,60)-0.00054*MIN(Input!$G$20*G13,60)^2,MIN(MAX(DEGREES(ASIN(0.8-0.094*LN(MAX(IF(M13="",10,M13),5)))),20),30)) | Q13: =IF(F13="Sand",Input!$G$21*Input!$G$20*G13,Input!$G$22*O13) | R13: =IF(F13="Sand",Input!$G$26,0.5) | S13: =Input!$G$10/2/E13 | T13: =Input!$G$11/2/E13 | U13: =1/(4*PI())*(2*S13*T13*SQRT(S13^2+T13^2+1)/(S13^2+T13^2+1+S13^2*T13^2)*(S13^2+T13^2+2)/(S13^2+T13^2+1)+ATAN2(S13^2+T13^2+1-S13^2*T13^2,2*S13*T13*SQRT(S13^2+T13^2+1))) | V13: =4*Input!$G$9*U13 | W13: =((Input!$G$11/Input!$G$10)*LN((1+SQRT((Input!$G$11/Input!$G$10)^2+1))*SQRT((Input!$G$11/Input!$G$10)^2+(C13/(Input!$G$10/2))^2)/((Input!$G$11/Input!$G$10)*(1+SQRT((Input!$G$11/Input!$G$10)^2+(C13/(Input!$G$10/2))^2+1))))+LN(((Input!$G$11/Input!$G$10)+SQRT((Input!$G$11/Input!$G$10)^2+1))*SQRT(1+(C13/(Input!$G$10/2))^2)/((Input!$G$11/Input!$G$10)+SQRT((Input!$G$11/Input!$G$10)^2+(C13/(Input!$G$10/2))^2+1))))/PI() | X13: =(C13/(Input!$G$10/2))/(2*PI())*ATAN((Input!$G$11/Input!$G$10)/((C13/(Input!$G$10/2))*SQRT((Input!$G$11/Input!$G$10)^2+(C13/(Input!$G$10/2))^2+1))) | Y13: =MAX(0,C13-MAX(B13,$G$8))/D13*IF(V13>=Input!$G$27*J13,1,0) | Z13: =4*Input!$G$9*(Input!$G$10/2)*(1-R13^2)/Q13*((W13-0)+(1-2*R13)/(1-R13)*(X13-0))*1000*Y13 | AA13: =IF(F13="Sand",0,0.009*(K13-10)) | AB13: =AA13*Input!$G$23 | AC13: =IF(F13="Sand",0,MAX(O13/Input!$G$24,J13)) | AD13: =IF(F13="Sand",0,1000*D13/(1+N13)*IF(J13+V13<=AC13,AB13*LOG10((J13+V13)/J13),AB13*LOG10(AC13/J13)+AA13*LOG10((J13+V13)/AC13)))*Y13 | AE13: =IF(F13="Sand",0,10^(INDEX(Korelasi!$C$5:$C$11,MIN(MATCH(MIN(MAX(K13,30),120),Korelasi!$A$5:$A$11,1),6))+(MIN(MAX(K13,30),120)-INDEX(Korelasi!$A$5:$A$11,MIN(MATCH(MIN(MAX(K13,30),120),Korelasi!$A$5:$A$11,1),6)))/(INDEX(Korelasi!$A$5:$A$11,MIN(MATCH(MIN(MAX(K13,30),120),Korelasi!$A$5:$A$11,1),6)+1)-INDEX(Korelasi!$A$5:$A$11,MIN(MATCH(MIN(MAX(K13,30),120),Korelasi!$A$5:$A$11,1),6)))*(INDEX(Korelasi!$C$5:$C$11,MIN(MATCH(MIN(MAX(K13,30),120),Korelasi!$A$5:$A$11,1),6)+1)-INDEX(Korelasi!$C$5:$C$11,MIN(MATCH(MIN(MAX(K13,30),120),Korelasi!$A$5:$A$11,1),6))))) | AF13: =IF(OR(F13="Sand",Y13=0),0,Input!$G$25*(D13/2)^2/(AE13*1E-4*31536000)) | AG13: =MAX(0,MIN(C13,Input!$G$15)-B13) | AH13: =MAX(0,MIN(C13,Input!$G$15)-MAX(B13,$G$8)) | AI13: =MAX(0,MIN(C13,$G$106)-B13) | AJ13: 0-1,5 m tidak di-SPT: N lapisan berikut
A14: 2 | B14: 1.5 | C14: 3 | D14: =C14-B14 | E14: =(B14+C14)/2 | F14: Sand | G14: 50 | H14: =IF(E14>$G$5,$G$7,$G$6) | I14: =I13+H14*D14 | J14: =I14-H14*D14/2-10*MAX(E14-$G$5,0) | M14: =IF(K14="","",K14-L14) | N14: 0.65 | O14: =IF(F14="Sand",0,Input!$G$19*G14) | P14: =IF(F14="Sand",27.1+0.3*MIN(Input!$G$20*G14,60)-0.00054*MIN(Input!$G$20*G14,60)^2,MIN(MAX(DEGREES(ASIN(0.8-0.094*LN(MAX(IF(M14="",10,M14),5)))),20),30)) | Q14: =IF(F14="Sand",Input!$G$21*Input!$G$20*G14,Input!$G$22*O14) | R14: =IF(F14="Sand",Input!$G$26,0.5) | S14: =Input!$G$10/2/E14 | T14: =Input!$G$11/2/E14 | U14: =1/(4*PI())*(2*S14*T14*SQRT(S14^2+T14^2+1)/(S14^2+T14^2+1+S14^2*T14^2)*(S14^2+T14^2+2)/(S14^2+T14^2+1)+ATAN2(S14^2+T14^2+1-S14^2*T14^2,2*S14*T14*SQRT(S14^2+T14^2+1))) | V14: =4*Input!$G$9*U14 | W14: =((Input!$G$11/Input!$G$10)*LN((1+SQRT((Input!$G$11/Input!$G$10)^2+1))*SQRT((Input!$G$11/Input!$G$10)^2+(C14/(Input!$G$10/2))^2)/((Input!$G$11/Input!$G$10)*(1+SQRT((Input!$G$11/Input!$G$10)^2+(C14/(Input!$G$10/2))^2+1))))+LN(((Input!$G$11/Input!$G$10)+SQRT((Input!$G$11/Input!$G$10)^2+1))*SQRT(1+(C14/(Input!$G$10/2))^2)/((Input!$G$11/Input!$G$10)+SQRT((Input!$G$11/Input!$G$10)^2+(C14/(Input!$G$10/2))^2+1))))/PI() | X14: =(C14/(Input!$G$10/2))/(2*PI())*ATAN((Input!$G$11/Input!$G$10)/((C14/(Input!$G$10/2))*SQRT((Input!$G$11/Input!$G$10)^2+(C14/(Input!$G$10/2))^2+1))) | Y14: =MAX(0,C14-MAX(B14,$G$8))/D14*IF(V14>=Input!$G$27*J14,1,0) | Z14: =4*Input!$G$9*(Input!$G$10/2)*(1-R14^2)/Q14*((W14-W13)+(1-2*R14)/(1-R14)*(X14-X13))*1000*Y14 | AA14: =IF(F14="Sand",0,0.009*(K14-10)) | AB14: =AA14*Input!$G$23 | AC14: =IF(F14="Sand",0,MAX(O14/Input!$G$24,J14)) | AD14: =IF(F14="Sand",0,1000*D14/(1+N14)*IF(J14+V14<=AC14,AB14*LOG10((J14+V14)/J14),AB14*LOG10(AC14/J14)+AA14*LOG10((J14+V14)/AC14)))*Y14 | AE14: =IF(F14="Sand",0,10^(INDEX(Korelasi!$C$5:$C$11,MIN(MATCH(MIN(MAX(K14,30),120),Korelasi!$A$5:$A$11,1),6))+(MIN(MAX(K14,30),120)-INDEX(Korelasi!$A$5:$A$11,MIN(MATCH(MIN(MAX(K14,30),120),Korelasi!$A$5:$A$11,1),6)))/(INDEX(Korelasi!$A$5:$A$11,MIN(MATCH(MIN(MAX(K14,30),120),Korelasi!$A$5:$A$11,1),6)+1)-INDEX(Korelasi!$A$5:$A$11,MIN(MATCH(MIN(MAX(K14,30),120),Korelasi!$A$5:$A$11,1),6)))*(INDEX(Korelasi!$C$5:$C$11,MIN(MATCH(MIN(MAX(K14,30),120),Korelasi!$A$5:$A$11,1),6)+1)-INDEX(Korelasi!$C$5:$C$11,MIN(MATCH(MIN(MAX(K14,30),120),Korelasi!$A$5:$A$11,1),6))))) | AF14: =IF(OR(F14="Sand",Y14=0),0,Input!$G$25*(D14/2)^2/(AE14*1E-4*31536000)) | AG14: =MAX(0,MIN(C14,Input!$G$15)-B14) | AH14: =MAX(0,MIN(C14,Input!$G$15)-MAX(B14,$G$8)) | AI14: =MAX(0,MIN(C14,$G$106)-B14)
A15: 3 | B15: 3 | C15: 4.5 | D15: =C15-B15 | E15: =(B15+C15)/2 | F15: Sand | G15: 50 | H15: =IF(E15>$G$5,$G$7,$G$6) | I15: =I14+H15*D15 | J15: =I15-H15*D15/2-10*MAX(E15-$G$5,0) | M15: =IF(K15="","",K15-L15) | N15: 0.65 | O15: =IF(F15="Sand",0,Input!$G$19*G15) | P15: =IF(F15="Sand",27.1+0.3*MIN(Input!$G$20*G15,60)-0.00054*MIN(Input!$G$20*G15,60)^2,MIN(MAX(DEGREES(ASIN(0.8-0.094*LN(MAX(IF(M15="",10,M15),5)))),20),30)) | Q15: =IF(F15="Sand",Input!$G$21*Input!$G$20*G15,Input!$G$22*O15) | R15: =IF(F15="Sand",Input!$G$26,0.5) | S15: =Input!$G$10/2/E15 | T15: =Input!$G$11/2/E15 | U15: =1/(4*PI())*(2*S15*T15*SQRT(S15^2+T15^2+1)/(S15^2+T15^2+1+S15^2*T15^2)*(S15^2+T15^2+2)/(S15^2+T15^2+1)+ATAN2(S15^2+T15^2+1-S15^2*T15^2,2*S15*T15*SQRT(S15^2+T15^2+1))) | V15: =4*Input!$G$9*U15 | W15: =((Input!$G$11/Input!$G$10)*LN((1+SQRT((Input!$G$11/Input!$G$10)^2+1))*SQRT((Input!$G$11/Input!$G$10)^2+(C15/(Input!$G$10/2))^2)/((Input!$G$11/Input!$G$10)*(1+SQRT((Input!$G$11/Input!$G$10)^2+(C15/(Input!$G$10/2))^2+1))))+LN(((Input!$G$11/Input!$G$10)+SQRT((Input!$G$11/Input!$G$10)^2+1))*SQRT(1+(C15/(Input!$G$10/2))^2)/((Input!$G$11/Input!$G$10)+SQRT((Input!$G$11/Input!$G$10)^2+(C15/(Input!$G$10/2))^2+1))))/PI() | X15: =(C15/(Input!$G$10/2))/(2*PI())*ATAN((Input!$G$11/Input!$G$10)/((C15/(Input!$G$10/2))*SQRT((Input!$G$11/Input!$G$10)^2+(C15/(Input!$G$10/2))^2+1))) | Y15: =MAX(0,C15-MAX(B15,$G$8))/D15*IF(V15>=Input!$G$27*J15,1,0) | Z15: =4*Input!$G$9*(Input!$G$10/2)*(1-R15^2)/Q15*((W15-W14)+(1-2*R15)/(1-R15)*(X15-X14))*1000*Y15 | AA15: =IF(F15="Sand",0,0.009*(K15-10)) | AB15: =AA15*Input!$G$23 | AC15: =IF(F15="Sand",0,MAX(O15/Input!$G$24,J15)) | AD15: =IF(F15="Sand",0,1000*D15/(1+N15)*IF(J15+V15<=AC15,AB15*LOG10((J15+V15)/J15),AB15*LOG10(AC15/J15)+AA15*LOG10((J15+V15)/AC15)))*Y15 | AE15: =IF(F15="Sand",0,10^(INDEX(Korelasi!$C$5:$C$11,MIN(MATCH(MIN(MAX(K15,30),120),Korelasi!$A$5:$A$11,1),6))+(MIN(MAX(K15,30),120)-INDEX(Korelasi!$A$5:$A$11,MIN(MATCH(MIN(MAX(K15,30),120),Korelasi!$A$5:$A$11,1),6)))/(INDEX(Korelasi!$A$5:$A$11,MIN(MATCH(MIN(MAX(K15,30),120),Korelasi!$A$5:$A$11,1),6)+1)-INDEX(Korelasi!$A$5:$A$11,MIN(MATCH(MIN(MAX(K15,30),120),Korelasi!$A$5:$A$11,1),6)))*(INDEX(Korelasi!$C$5:$C$11,MIN(MATCH(MIN(MAX(K15,30),120),Korelasi!$A$5:$A$11,1),6)+1)-INDEX(Korelasi!$C$5:$C$11,MIN(MATCH(MIN(MAX(K15,30),120),Korelasi!$A$5:$A$11,1),6))))) | AF15: =IF(OR(F15="Sand",Y15=0),0,Input!$G$25*(D15/2)^2/(AE15*1E-4*31536000)) | AG15: =MAX(0,MIN(C15,Input!$G$15)-B15) | AH15: =MAX(0,MIN(C15,Input!$G$15)-MAX(B15,$G$8)) | AI15: =MAX(0,MIN(C15,$G$106)-B15)
A16: 4 | B16: 4.5 | C16: 6 | D16: =C16-B16 | E16: =(B16+C16)/2 | F16: Sand | G16: 41 | H16: =IF(E16>$G$5,$G$7,$G$6) | I16: =I15+H16*D16 | J16: =I16-H16*D16/2-10*MAX(E16-$G$5,0) | M16: =IF(K16="","",K16-L16) | N16: 0.588 | O16: =IF(F16="Sand",0,Input!$G$19*G16) | P16: =IF(F16="Sand",27.1+0.3*MIN(Input!$G$20*G16,60)-0.00054*MIN(Input!$G$20*G16,60)^2,MIN(MAX(DEGREES(ASIN(0.8-0.094*LN(MAX(IF(M16="",10,M16),5)))),20),30)) | Q16: =IF(F16="Sand",Input!$G$21*Input!$G$20*G16,Input!$G$22*O16) | R16: =IF(F16="Sand",Input!$G$26,0.5) | S16: =Input!$G$10/2/E16 | T16: =Input!$G$11/2/E16 | U16: =1/(4*PI())*(2*S16*T16*SQRT(S16^2+T16^2+1)/(S16^2+T16^2+1+S16^2*T16^2)*(S16^2+T16^2+2)/(S16^2+T16^2+1)+ATAN2(S16^2+T16^2+1-S16^2*T16^2,2*S16*T16*SQRT(S16^2+T16^2+1))) | V16: =4*Input!$G$9*U16 | W16: =((Input!$G$11/Input!$G$10)*LN((1+SQRT((Input!$G$11/Input!$G$10)^2+1))*SQRT((Input!$G$11/Input!$G$10)^2+(C16/(Input!$G$10/2))^2)/((Input!$G$11/Input!$G$10)*(1+SQRT((Input!$G$11/Input!$G$10)^2+(C16/(Input!$G$10/2))^2+1))))+LN(((Input!$G$11/Input!$G$10)+SQRT((Input!$G$11/Input!$G$10)^2+1))*SQRT(1+(C16/(Input!$G$10/2))^2)/((Input!$G$11/Input!$G$10)+SQRT((Input!$G$11/Input!$G$10)^2+(C16/(Input!$G$10/2))^2+1))))/PI() | X16: =(C16/(Input!$G$10/2))/(2*PI())*ATAN((Input!$G$11/Input!$G$10)/((C16/(Input!$G$10/2))*SQRT((Input!$G$11/Input!$G$10)^2+(C16/(Input!$G$10/2))^2+1))) | Y16: =MAX(0,C16-MAX(B16,$G$8))/D16*IF(V16>=Input!$G$27*J16,1,0) | Z16: =4*Input!$G$9*(Input!$G$10/2)*(1-R16^2)/Q16*((W16-W15)+(1-2*R16)/(1-R16)*(X16-X15))*1000*Y16 | AA16: =IF(F16="Sand",0,0.009*(K16-10)) | AB16: =AA16*Input!$G$23 | AC16: =IF(F16="Sand",0,MAX(O16/Input!$G$24,J16)) | AD16: =IF(F16="Sand",0,1000*D16/(1+N16)*IF(J16+V16<=AC16,AB16*LOG10((J16+V16)/J16),AB16*LOG10(AC16/J16)+AA16*LOG10((J16+V16)/AC16)))*Y16 | AE16: =IF(F16="Sand",0,10^(INDEX(Korelasi!$C$5:$C$11,MIN(MATCH(MIN(MAX(K16,30),120),Korelasi!$A$5:$A$11,1),6))+(MIN(MAX(K16,30),120)-INDEX(Korelasi!$A$5:$A$11,MIN(MATCH(MIN(MAX(K16,30),120),Korelasi!$A$5:$A$11,1),6)))/(INDEX(Korelasi!$A$5:$A$11,MIN(MATCH(MIN(MAX(K16,30),120),Korelasi!$A$5:$A$11,1),6)+1)-INDEX(Korelasi!$A$5:$A$11,MIN(MATCH(MIN(MAX(K16,30),120),Korelasi!$A$5:$A$11,1),6)))*(INDEX(Korelasi!$C$5:$C$11,MIN(MATCH(MIN(MAX(K16,30),120),Korelasi!$A$5:$A$11,1),6)+1)-INDEX(Korelasi!$C$5:$C$11,MIN(MATCH(MIN(MAX(K16,30),120),Korelasi!$A$5:$A$11,1),6))))) | AF16: =IF(OR(F16="Sand",Y16=0),0,Input!$G$25*(D16/2)^2/(AE16*1E-4*31536000)) | AG16: =MAX(0,MIN(C16,Input!$G$15)-B16) | AH16: =MAX(0,MIN(C16,Input!$G$15)-MAX(B16,$G$8)) | AI16: =MAX(0,MIN(C16,$G$106)-B16)
A17: 5 | B17: 6 | C17: 7.5 | D17: =C17-B17 | E17: =(B17+C17)/2 | F17: Sand | G17: 50 | H17: =IF(E17>$G$5,$G$7,$G$6) | I17: =I16+H17*D17 | J17: =I17-H17*D17/2-10*MAX(E17-$G$5,0) | M17: =IF(K17="","",K17-L17) | N17: 0.503 | O17: =IF(F17="Sand",0,Input!$G$19*G17) | P17: =IF(F17="Sand",27.1+0.3*MIN(Input!$G$20*G17,60)-0.00054*MIN(Input!$G$20*G17,60)^2,MIN(MAX(DEGREES(ASIN(0.8-0.094*LN(MAX(IF(M17="",10,M17),5)))),20),30)) | Q17: =IF(F17="Sand",Input!$G$21*Input!$G$20*G17,Input!$G$22*O17) | R17: =IF(F17="Sand",Input!$G$26,0.5) | S17: =Input!$G$10/2/E17 | T17: =Input!$G$11/2/E17 | U17: =1/(4*PI())*(2*S17*T17*SQRT(S17^2+T17^2+1)/(S17^2+T17^2+1+S17^2*T17^2)*(S17^2+T17^2+2)/(S17^2+T17^2+1)+ATAN2(S17^2+T17^2+1-S17^2*T17^2,2*S17*T17*SQRT(S17^2+T17^2+1))) | V17: =4*Input!$G$9*U17 | W17: =((Input!$G$11/Input!$G$10)*LN((1+SQRT((Input!$G$11/Input!$G$10)^2+1))*SQRT((Input!$G$11/Input!$G$10)^2+(C17/(Input!$G$10/2))^2)/((Input!$G$11/Input!$G$10)*(1+SQRT((Input!$G$11/Input!$G$10)^2+(C17/(Input!$G$10/2))^2+1))))+LN(((Input!$G$11/Input!$G$10)+SQRT((Input!$G$11/Input!$G$10)^2+1))*SQRT(1+(C17/(Input!$G$10/2))^2)/((Input!$G$11/Input!$G$10)+SQRT((Input!$G$11/Input!$G$10)^2+(C17/(Input!$G$10/2))^2+1))))/PI() | X17: =(C17/(Input!$G$10/2))/(2*PI())*ATAN((Input!$G$11/Input!$G$10)/((C17/(Input!$G$10/2))*SQRT((Input!$G$11/Input!$G$10)^2+(C17/(Input!$G$10/2))^2+1))) | Y17: =MAX(0,C17-MAX(B17,$G$8))/D17*IF(V17>=Input!$G$27*J17,1,0) | Z17: =4*Input!$G$9*(Input!$G$10/2)*(1-R17^2)/Q17*((W17-W16)+(1-2*R17)/(1-R17)*(X17-X16))*1000*Y17 | AA17: =IF(F17="Sand",0,0.009*(K17-10)) | AB17: =AA17*Input!$G$23 | AC17: =IF(F17="Sand",0,MAX(O17/Input!$G$24,J17)) | AD17: =IF(F17="Sand",0,1000*D17/(1+N17)*IF(J17+V17<=AC17,AB17*LOG10((J17+V17)/J17),AB17*LOG10(AC17/J17)+AA17*LOG10((J17+V17)/AC17)))*Y17 | AE17: =IF(F17="Sand",0,10^(INDEX(Korelasi!$C$5:$C$11,MIN(MATCH(MIN(MAX(K17,30),120),Korelasi!$A$5:$A$11,1),6))+(MIN(MAX(K17,30),120)-INDEX(Korelasi!$A$5:$A$11,MIN(MATCH(MIN(MAX(K17,30),120),Korelasi!$A$5:$A$11,1),6)))/(INDEX(Korelasi!$A$5:$A$11,MIN(MATCH(MIN(MAX(K17,30),120),Korelasi!$A$5:$A$11,1),6)+1)-INDEX(Korelasi!$A$5:$A$11,MIN(MATCH(MIN(MAX(K17,30),120),Korelasi!$A$5:$A$11,1),6)))*(INDEX(Korelasi!$C$5:$C$11,MIN(MATCH(MIN(MAX(K17,30),120),Korelasi!$A$5:$A$11,1),6)+1)-INDEX(Korelasi!$C$5:$C$11,MIN(MATCH(MIN(MAX(K17,30),120),Korelasi!$A$5:$A$11,1),6))))) | AF17: =IF(OR(F17="Sand",Y17=0),0,Input!$G$25*(D17/2)^2/(AE17*1E-4*31536000)) | AG17: =MAX(0,MIN(C17,Input!$G$15)-B17) | AH17: =MAX(0,MIN(C17,Input!$G$15)-MAX(B17,$G$8)) | AI17: =MAX(0,MIN(C17,$G$106)-B17)
A18: 6 | B18: 7.5 | C18: 9 | D18: =C18-B18 | E18: =(B18+C18)/2 | F18: Sand | G18: 26 | H18: =IF(E18>$G$5,$G$7,$G$6) | I18: =I17+H18*D18 | J18: =I18-H18*D18/2-10*MAX(E18-$G$5,0) | M18: =IF(K18="","",K18-L18) | N18: 0.65 | O18: =IF(F18="Sand",0,Input!$G$19*G18) | P18: =IF(F18="Sand",27.1+0.3*MIN(Input!$G$20*G18,60)-0.00054*MIN(Input!$G$20*G18,60)^2,MIN(MAX(DEGREES(ASIN(0.8-0.094*LN(MAX(IF(M18="",10,M18),5)))),20),30)) | Q18: =IF(F18="Sand",Input!$G$21*Input!$G$20*G18,Input!$G$22*O18) | R18: =IF(F18="Sand",Input!$G$26,0.5) | S18: =Input!$G$10/2/E18 | T18: =Input!$G$11/2/E18 | U18: =1/(4*PI())*(2*S18*T18*SQRT(S18^2+T18^2+1)/(S18^2+T18^2+1+S18^2*T18^2)*(S18^2+T18^2+2)/(S18^2+T18^2+1)+ATAN2(S18^2+T18^2+1-S18^2*T18^2,2*S18*T18*SQRT(S18^2+T18^2+1))) | V18: =4*Input!$G$9*U18 | W18: =((Input!$G$11/Input!$G$10)*LN((1+SQRT((Input!$G$11/Input!$G$10)^2+1))*SQRT((Input!$G$11/Input!$G$10)^2+(C18/(Input!$G$10/2))^2)/((Input!$G$11/Input!$G$10)*(1+SQRT((Input!$G$11/Input!$G$10)^2+(C18/(Input!$G$10/2))^2+1))))+LN(((Input!$G$11/Input!$G$10)+SQRT((Input!$G$11/Input!$G$10)^2+1))*SQRT(1+(C18/(Input!$G$10/2))^2)/((Input!$G$11/Input!$G$10)+SQRT((Input!$G$11/Input!$G$10)^2+(C18/(Input!$G$10/2))^2+1))))/PI() | X18: =(C18/(Input!$G$10/2))/(2*PI())*ATAN((Input!$G$11/Input!$G$10)/((C18/(Input!$G$10/2))*SQRT((Input!$G$11/Input!$G$10)^2+(C18/(Input!$G$10/2))^2+1))) | Y18: =MAX(0,C18-MAX(B18,$G$8))/D18*IF(V18>=Input!$G$27*J18,1,0) | Z18: =4*Input!$G$9*(Input!$G$10/2)*(1-R18^2)/Q18*((W18-W17)+(1-2*R18)/(1-R18)*(X18-X17))*1000*Y18 | AA18: =IF(F18="Sand",0,0.009*(K18-10)) | AB18: =AA18*Input!$G$23 | AC18: =IF(F18="Sand",0,MAX(O18/Input!$G$24,J18)) | AD18: =IF(F18="Sand",0,1000*D18/(1+N18)*IF(J18+V18<=AC18,AB18*LOG10((J18+V18)/J18),AB18*LOG10(AC18/J18)+AA18*LOG10((J18+V18)/AC18)))*Y18 | AE18: =IF(F18="Sand",0,10^(INDEX(Korelasi!$C$5:$C$11,MIN(MATCH(MIN(MAX(K18,30),120),Korelasi!$A$5:$A$11,1),6))+(MIN(MAX(K18,30),120)-INDEX(Korelasi!$A$5:$A$11,MIN(MATCH(MIN(MAX(K18,30),120),Korelasi!$A$5:$A$11,1),6)))/(INDEX(Korelasi!$A$5:$A$11,MIN(MATCH(MIN(MAX(K18,30),120),Korelasi!$A$5:$A$11,1),6)+1)-INDEX(Korelasi!$A$5:$A$11,MIN(MATCH(MIN(MAX(K18,30),120),Korelasi!$A$5:$A$11,1),6)))*(INDEX(Korelasi!$C$5:$C$11,MIN(MATCH(MIN(MAX(K18,30),120),Korelasi!$A$5:$A$11,1),6)+1)-INDEX(Korelasi!$C$5:$C$11,MIN(MATCH(MIN(MAX(K18,30),120),Korelasi!$A$5:$A$11,1),6))))) | AF18: =IF(OR(F18="Sand",Y18=0),0,Input!$G$25*(D18/2)^2/(AE18*1E-4*31536000)) | AG18: =MAX(0,MIN(C18,Input!$G$15)-B18) | AH18: =MAX(0,MIN(C18,Input!$G$15)-MAX(B18,$G$8)) | AI18: =MAX(0,MIN(C18,$G$106)-B18)
A19: 7 | B19: 9 | C19: 10.5 | D19: =C19-B19 | E19: =(B19+C19)/2 | F19: Sand | G19: 15 | H19: =IF(E19>$G$5,$G$7,$G$6) | I19: =I18+H19*D19 | J19: =I19-H19*D19/2-10*MAX(E19-$G$5,0) | M19: =IF(K19="","",K19-L19) | N19: 0.787 | O19: =IF(F19="Sand",0,Input!$G$19*G19) | P19: =IF(F19="Sand",27.1+0.3*MIN(Input!$G$20*G19,60)-0.00054*MIN(Input!$G$20*G19,60)^2,MIN(MAX(DEGREES(ASIN(0.8-0.094*LN(MAX(IF(M19="",10,M19),5)))),20),30)) | Q19: =IF(F19="Sand",Input!$G$21*Input!$G$20*G19,Input!$G$22*O19) | R19: =IF(F19="Sand",Input!$G$26,0.5) | S19: =Input!$G$10/2/E19 | T19: =Input!$G$11/2/E19 | U19: =1/(4*PI())*(2*S19*T19*SQRT(S19^2+T19^2+1)/(S19^2+T19^2+1+S19^2*T19^2)*(S19^2+T19^2+2)/(S19^2+T19^2+1)+ATAN2(S19^2+T19^2+1-S19^2*T19^2,2*S19*T19*SQRT(S19^2+T19^2+1))) | V19: =4*Input!$G$9*U19 | W19: =((Input!$G$11/Input!$G$10)*LN((1+SQRT((Input!$G$11/Input!$G$10)^2+1))*SQRT((Input!$G$11/Input!$G$10)^2+(C19/(Input!$G$10/2))^2)/((Input!$G$11/Input!$G$10)*(1+SQRT((Input!$G$11/Input!$G$10)^2+(C19/(Input!$G$10/2))^2+1))))+LN(((Input!$G$11/Input!$G$10)+SQRT((Input!$G$11/Input!$G$10)^2+1))*SQRT(1+(C19/(Input!$G$10/2))^2)/((Input!$G$11/Input!$G$10)+SQRT((Input!$G$11/Input!$G$10)^2+(C19/(Input!$G$10/2))^2+1))))/PI() | X19: =(C19/(Input!$G$10/2))/(2*PI())*ATAN((Input!$G$11/Input!$G$10)/((C19/(Input!$G$10/2))*SQRT((Input!$G$11/Input!$G$10)^2+(C19/(Input!$G$10/2))^2+1))) | Y19: =MAX(0,C19-MAX(B19,$G$8))/D19*IF(V19>=Input!$G$27*J19,1,0) | Z19: =4*Input!$G$9*(Input!$G$10/2)*(1-R19^2)/Q19*((W19-W18)+(1-2*R19)/(1-R19)*(X19-X18))*1000*Y19 | AA19: =IF(F19="Sand",0,0.009*(K19-10)) | AB19: =AA19*Input!$G$23 | AC19: =IF(F19="Sand",0,MAX(O19/Input!$G$24,J19)) | AD19: =IF(F19="Sand",0,1000*D19/(1+N19)*IF(J19+V19<=AC19,AB19*LOG10((J19+V19)/J19),AB19*LOG10(AC19/J19)+AA19*LOG10((J19+V19)/AC19)))*Y19 | AE19: =IF(F19="Sand",0,10^(INDEX(Korelasi!$C$5:$C$11,MIN(MATCH(MIN(MAX(K19,30),120),Korelasi!$A$5:$A$11,1),6))+(MIN(MAX(K19,30),120)-INDEX(Korelasi!$A$5:$A$11,MIN(MATCH(MIN(MAX(K19,30),120),Korelasi!$A$5:$A$11,1),6)))/(INDEX(Korelasi!$A$5:$A$11,MIN(MATCH(MIN(MAX(K19,30),120),Korelasi!$A$5:$A$11,1),6)+1)-INDEX(Korelasi!$A$5:$A$11,MIN(MATCH(MIN(MAX(K19,30),120),Korelasi!$A$5:$A$11,1),6)))*(INDEX(Korelasi!$C$5:$C$11,MIN(MATCH(MIN(MAX(K19,30),120),Korelasi!$A$5:$A$11,1),6)+1)-INDEX(Korelasi!$C$5:$C$11,MIN(MATCH(MIN(MAX(K19,30),120),Korelasi!$A$5:$A$11,1),6))))) | AF19: =IF(OR(F19="Sand",Y19=0),0,Input!$G$25*(D19/2)^2/(AE19*1E-4*31536000)) | AG19: =MAX(0,MIN(C19,Input!$G$15)-B19) | AH19: =MAX(0,MIN(C19,Input!$G$15)-MAX(B19,$G$8)) | AI19: =MAX(0,MIN(C19,$G$106)-B19)
A20: 8 | B20: 10.5 | C20: 12 | D20: =C20-B20 | E20: =(B20+C20)/2 | F20: Sand | G20: 25 | H20: =IF(E20>$G$5,$G$7,$G$6) | I20: =I19+H20*D20 | J20: =I20-H20*D20/2-10*MAX(E20-$G$5,0) | M20: =IF(K20="","",K20-L20) | N20: 0.645 | O20: =IF(F20="Sand",0,Input!$G$19*G20) | P20: =IF(F20="Sand",27.1+0.3*MIN(Input!$G$20*G20,60)-0.00054*MIN(Input!$G$20*G20,60)^2,MIN(MAX(DEGREES(ASIN(0.8-0.094*LN(MAX(IF(M20="",10,M20),5)))),20),30)) | Q20: =IF(F20="Sand",Input!$G$21*Input!$G$20*G20,Input!$G$22*O20) | R20: =IF(F20="Sand",Input!$G$26,0.5) | S20: =Input!$G$10/2/E20 | T20: =Input!$G$11/2/E20 | U20: =1/(4*PI())*(2*S20*T20*SQRT(S20^2+T20^2+1)/(S20^2+T20^2+1+S20^2*T20^2)*(S20^2+T20^2+2)/(S20^2+T20^2+1)+ATAN2(S20^2+T20^2+1-S20^2*T20^2,2*S20*T20*SQRT(S20^2+T20^2+1))) | V20: =4*Input!$G$9*U20 | W20: =((Input!$G$11/Input!$G$10)*LN((1+SQRT((Input!$G$11/Input!$G$10)^2+1))*SQRT((Input!$G$11/Input!$G$10)^2+(C20/(Input!$G$10/2))^2)/((Input!$G$11/Input!$G$10)*(1+SQRT((Input!$G$11/Input!$G$10)^2+(C20/(Input!$G$10/2))^2+1))))+LN(((Input!$G$11/Input!$G$10)+SQRT((Input!$G$11/Input!$G$10)^2+1))*SQRT(1+(C20/(Input!$G$10/2))^2)/((Input!$G$11/Input!$G$10)+SQRT((Input!$G$11/Input!$G$10)^2+(C20/(Input!$G$10/2))^2+1))))/PI() | X20: =(C20/(Input!$G$10/2))/(2*PI())*ATAN((Input!$G$11/Input!$G$10)/((C20/(Input!$G$10/2))*SQRT((Input!$G$11/Input!$G$10)^2+(C20/(Input!$G$10/2))^2+1))) | Y20: =MAX(0,C20-MAX(B20,$G$8))/D20*IF(V20>=Input!$G$27*J20,1,0) | Z20: =4*Input!$G$9*(Input!$G$10/2)*(1-R20^2)/Q20*((W20-W19)+(1-2*R20)/(1-R20)*(X20-X19))*1000*Y20 | AA20: =IF(F20="Sand",0,0.009*(K20-10)) | AB20: =AA20*Input!$G$23 | AC20: =IF(F20="Sand",0,MAX(O20/Input!$G$24,J20)) | AD20: =IF(F20="Sand",0,1000*D20/(1+N20)*IF(J20+V20<=AC20,AB20*LOG10((J20+V20)/J20),AB20*LOG10(AC20/J20)+AA20*LOG10((J20+V20)/AC20)))*Y20 | AE20: =IF(F20="Sand",0,10^(INDEX(Korelasi!$C$5:$C$11,MIN(MATCH(MIN(MAX(K20,30),120),Korelasi!$A$5:$A$11,1),6))+(MIN(MAX(K20,30),120)-INDEX(Korelasi!$A$5:$A$11,MIN(MATCH(MIN(MAX(K20,30),120),Korelasi!$A$5:$A$11,1),6)))/(INDEX(Korelasi!$A$5:$A$11,MIN(MATCH(MIN(MAX(K20,30),120),Korelasi!$A$5:$A$11,1),6)+1)-INDEX(Korelasi!$A$5:$A$11,MIN(MATCH(MIN(MAX(K20,30),120),Korelasi!$A$5:$A$11,1),6)))*(INDEX(Korelasi!$C$5:$C$11,MIN(MATCH(MIN(MAX(K20,30),120),Korelasi!$A$5:$A$11,1),6)+1)-INDEX(Korelasi!$C$5:$C$11,MIN(MATCH(MIN(MAX(K20,30),120),Korelasi!$A$5:$A$11,1),6))))) | AF20: =IF(OR(F20="Sand",Y20=0),0,Input!$G$25*(D20/2)^2/(AE20*1E-4*31536000)) | AG20: =MAX(0,MIN(C20,Input!$G$15)-B20) | AH20: =MAX(0,MIN(C20,Input!$G$15)-MAX(B20,$G$8)) | AI20: =MAX(0,MIN(C20,$G$106)-B20)
A21: 9 | B21: 12 | C21: 13.5 | D21: =C21-B21 | E21: =(B21+C21)/2 | F21: Sand | G21: 20 | H21: =IF(E21>$G$5,$G$7,$G$6) | I21: =I20+H21*D21 | J21: =I21-H21*D21/2-10*MAX(E21-$G$5,0) | M21: =IF(K21="","",K21-L21) | N21: 0.628 | O21: =IF(F21="Sand",0,Input!$G$19*G21) | P21: =IF(F21="Sand",27.1+0.3*MIN(Input!$G$20*G21,60)-0.00054*MIN(Input!$G$20*G21,60)^2,MIN(MAX(DEGREES(ASIN(0.8-0.094*LN(MAX(IF(M21="",10,M21),5)))),20),30)) | Q21: =IF(F21="Sand",Input!$G$21*Input!$G$20*G21,Input!$G$22*O21) | R21: =IF(F21="Sand",Input!$G$26,0.5) | S21: =Input!$G$10/2/E21 | T21: =Input!$G$11/2/E21 | U21: =1/(4*PI())*(2*S21*T21*SQRT(S21^2+T21^2+1)/(S21^2+T21^2+1+S21^2*T21^2)*(S21^2+T21^2+2)/(S21^2+T21^2+1)+ATAN2(S21^2+T21^2+1-S21^2*T21^2,2*S21*T21*SQRT(S21^2+T21^2+1))) | V21: =4*Input!$G$9*U21 | W21: =((Input!$G$11/Input!$G$10)*LN((1+SQRT((Input!$G$11/Input!$G$10)^2+1))*SQRT((Input!$G$11/Input!$G$10)^2+(C21/(Input!$G$10/2))^2)/((Input!$G$11/Input!$G$10)*(1+SQRT((Input!$G$11/Input!$G$10)^2+(C21/(Input!$G$10/2))^2+1))))+LN(((Input!$G$11/Input!$G$10)+SQRT((Input!$G$11/Input!$G$10)^2+1))*SQRT(1+(C21/(Input!$G$10/2))^2)/((Input!$G$11/Input!$G$10)+SQRT((Input!$G$11/Input!$G$10)^2+(C21/(Input!$G$10/2))^2+1))))/PI() | X21: =(C21/(Input!$G$10/2))/(2*PI())*ATAN((Input!$G$11/Input!$G$10)/((C21/(Input!$G$10/2))*SQRT((Input!$G$11/Input!$G$10)^2+(C21/(Input!$G$10/2))^2+1))) | Y21: =MAX(0,C21-MAX(B21,$G$8))/D21*IF(V21>=Input!$G$27*J21,1,0) | Z21: =4*Input!$G$9*(Input!$G$10/2)*(1-R21^2)/Q21*((W21-W20)+(1-2*R21)/(1-R21)*(X21-X20))*1000*Y21 | AA21: =IF(F21="Sand",0,0.009*(K21-10)) | AB21: =AA21*Input!$G$23 | AC21: =IF(F21="Sand",0,MAX(O21/Input!$G$24,J21)) | AD21: =IF(F21="Sand",0,1000*D21/(1+N21)*IF(J21+V21<=AC21,AB21*LOG10((J21+V21)/J21),AB21*LOG10(AC21/J21)+AA21*LOG10((J21+V21)/AC21)))*Y21 | AE21: =IF(F21="Sand",0,10^(INDEX(Korelasi!$C$5:$C$11,MIN(MATCH(MIN(MAX(K21,30),120),Korelasi!$A$5:$A$11,1),6))+(MIN(MAX(K21,30),120)-INDEX(Korelasi!$A$5:$A$11,MIN(MATCH(MIN(MAX(K21,30),120),Korelasi!$A$5:$A$11,1),6)))/(INDEX(Korelasi!$A$5:$A$11,MIN(MATCH(MIN(MAX(K21,30),120),Korelasi!$A$5:$A$11,1),6)+1)-INDEX(Korelasi!$A$5:$A$11,MIN(MATCH(MIN(MAX(K21,30),120),Korelasi!$A$5:$A$11,1),6)))*(INDEX(Korelasi!$C$5:$C$11,MIN(MATCH(MIN(MAX(K21,30),120),Korelasi!$A$5:$A$11,1),6)+1)-INDEX(Korelasi!$C$5:$C$11,MIN(MATCH(MIN(MAX(K21,30),120),Korelasi!$A$5:$A$11,1),6))))) | AF21: =IF(OR(F21="Sand",Y21=0),0,Input!$G$25*(D21/2)^2/(AE21*1E-4*31536000)) | AG21: =MAX(0,MIN(C21,Input!$G$15)-B21) | AH21: =MAX(0,MIN(C21,Input!$G$15)-MAX(B21,$G$8)) | AI21: =MAX(0,MIN(C21,$G$106)-B21)
A22: 10 | B22: 13.5 | C22: 15 | D22: =C22-B22 | E22: =(B22+C22)/2 | F22: Sand | G22: 47 | H22: =IF(E22>$G$5,$G$7,$G$6) | I22: =I21+H22*D22 | J22: =I22-H22*D22/2-10*MAX(E22-$G$5,0) | M22: =IF(K22="","",K22-L22) | N22: 0.565 | O22: =IF(F22="Sand",0,Input!$G$19*G22) | P22: =IF(F22="Sand",27.1+0.3*MIN(Input!$G$20*G22,60)-0.00054*MIN(Input!$G$20*G22,60)^2,MIN(MAX(DEGREES(ASIN(0.8-0.094*LN(MAX(IF(M22="",10,M22),5)))),20),30)) | Q22: =IF(F22="Sand",Input!$G$21*Input!$G$20*G22,Input!$G$22*O22) | R22: =IF(F22="Sand",Input!$G$26,0.5) | S22: =Input!$G$10/2/E22 | T22: =Input!$G$11/2/E22 | U22: =1/(4*PI())*(2*S22*T22*SQRT(S22^2+T22^2+1)/(S22^2+T22^2+1+S22^2*T22^2)*(S22^2+T22^2+2)/(S22^2+T22^2+1)+ATAN2(S22^2+T22^2+1-S22^2*T22^2,2*S22*T22*SQRT(S22^2+T22^2+1))) | V22: =4*Input!$G$9*U22 | W22: =((Input!$G$11/Input!$G$10)*LN((1+SQRT((Input!$G$11/Input!$G$10)^2+1))*SQRT((Input!$G$11/Input!$G$10)^2+(C22/(Input!$G$10/2))^2)/((Input!$G$11/Input!$G$10)*(1+SQRT((Input!$G$11/Input!$G$10)^2+(C22/(Input!$G$10/2))^2+1))))+LN(((Input!$G$11/Input!$G$10)+SQRT((Input!$G$11/Input!$G$10)^2+1))*SQRT(1+(C22/(Input!$G$10/2))^2)/((Input!$G$11/Input!$G$10)+SQRT((Input!$G$11/Input!$G$10)^2+(C22/(Input!$G$10/2))^2+1))))/PI() | X22: =(C22/(Input!$G$10/2))/(2*PI())*ATAN((Input!$G$11/Input!$G$10)/((C22/(Input!$G$10/2))*SQRT((Input!$G$11/Input!$G$10)^2+(C22/(Input!$G$10/2))^2+1))) | Y22: =MAX(0,C22-MAX(B22,$G$8))/D22*IF(V22>=Input!$G$27*J22,1,0) | Z22: =4*Input!$G$9*(Input!$G$10/2)*(1-R22^2)/Q22*((W22-W21)+(1-2*R22)/(1-R22)*(X22-X21))*1000*Y22 | AA22: =IF(F22="Sand",0,0.009*(K22-10)) | AB22: =AA22*Input!$G$23 | AC22: =IF(F22="Sand",0,MAX(O22/Input!$G$24,J22)) | AD22: =IF(F22="Sand",0,1000*D22/(1+N22)*IF(J22+V22<=AC22,AB22*LOG10((J22+V22)/J22),AB22*LOG10(AC22/J22)+AA22*LOG10((J22+V22)/AC22)))*Y22 | AE22: =IF(F22="Sand",0,10^(INDEX(Korelasi!$C$5:$C$11,MIN(MATCH(MIN(MAX(K22,30),120),Korelasi!$A$5:$A$11,1),6))+(MIN(MAX(K22,30),120)-INDEX(Korelasi!$A$5:$A$11,MIN(MATCH(MIN(MAX(K22,30),120),Korelasi!$A$5:$A$11,1),6)))/(INDEX(Korelasi!$A$5:$A$11,MIN(MATCH(MIN(MAX(K22,30),120),Korelasi!$A$5:$A$11,1),6)+1)-INDEX(Korelasi!$A$5:$A$11,MIN(MATCH(MIN(MAX(K22,30),120),Korelasi!$A$5:$A$11,1),6)))*(INDEX(Korelasi!$C$5:$C$11,MIN(MATCH(MIN(MAX(K22,30),120),Korelasi!$A$5:$A$11,1),6)+1)-INDEX(Korelasi!$C$5:$C$11,MIN(MATCH(MIN(MAX(K22,30),120),Korelasi!$A$5:$A$11,1),6))))) | AF22: =IF(OR(F22="Sand",Y22=0),0,Input!$G$25*(D22/2)^2/(AE22*1E-4*31536000)) | AG22: =MAX(0,MIN(C22,Input!$G$15)-B22) | AH22: =MAX(0,MIN(C22,Input!$G$15)-MAX(B22,$G$8)) | AI22: =MAX(0,MIN(C22,$G$106)-B22)
A23: 11 | B23: 15 | C23: 16.5 | D23: =C23-B23 | E23: =(B23+C23)/2 | F23: Sand | G23: 12 | H23: =IF(E23>$G$5,$G$7,$G$6) | I23: =I22+H23*D23 | J23: =I23-H23*D23/2-10*MAX(E23-$G$5,0) | M23: =IF(K23="","",K23-L23) | N23: 0.464 | O23: =IF(F23="Sand",0,Input!$G$19*G23) | P23: =IF(F23="Sand",27.1+0.3*MIN(Input!$G$20*G23,60)-0.00054*MIN(Input!$G$20*G23,60)^2,MIN(MAX(DEGREES(ASIN(0.8-0.094*LN(MAX(IF(M23="",10,M23),5)))),20),30)) | Q23: =IF(F23="Sand",Input!$G$21*Input!$G$20*G23,Input!$G$22*O23) | R23: =IF(F23="Sand",Input!$G$26,0.5) | S23: =Input!$G$10/2/E23 | T23: =Input!$G$11/2/E23 | U23: =1/(4*PI())*(2*S23*T23*SQRT(S23^2+T23^2+1)/(S23^2+T23^2+1+S23^2*T23^2)*(S23^2+T23^2+2)/(S23^2+T23^2+1)+ATAN2(S23^2+T23^2+1-S23^2*T23^2,2*S23*T23*SQRT(S23^2+T23^2+1))) | V23: =4*Input!$G$9*U23 | W23: =((Input!$G$11/Input!$G$10)*LN((1+SQRT((Input!$G$11/Input!$G$10)^2+1))*SQRT((Input!$G$11/Input!$G$10)^2+(C23/(Input!$G$10/2))^2)/((Input!$G$11/Input!$G$10)*(1+SQRT((Input!$G$11/Input!$G$10)^2+(C23/(Input!$G$10/2))^2+1))))+LN(((Input!$G$11/Input!$G$10)+SQRT((Input!$G$11/Input!$G$10)^2+1))*SQRT(1+(C23/(Input!$G$10/2))^2)/((Input!$G$11/Input!$G$10)+SQRT((Input!$G$11/Input!$G$10)^2+(C23/(Input!$G$10/2))^2+1))))/PI() | X23: =(C23/(Input!$G$10/2))/(2*PI())*ATAN((Input!$G$11/Input!$G$10)/((C23/(Input!$G$10/2))*SQRT((Input!$G$11/Input!$G$10)^2+(C23/(Input!$G$10/2))^2+1))) | Y23: =MAX(0,C23-MAX(B23,$G$8))/D23*IF(V23>=Input!$G$27*J23,1,0) | Z23: =4*Input!$G$9*(Input!$G$10/2)*(1-R23^2)/Q23*((W23-W22)+(1-2*R23)/(1-R23)*(X23-X22))*1000*Y23 | AA23: =IF(F23="Sand",0,0.009*(K23-10)) | AB23: =AA23*Input!$G$23 | AC23: =IF(F23="Sand",0,MAX(O23/Input!$G$24,J23)) | AD23: =IF(F23="Sand",0,1000*D23/(1+N23)*IF(J23+V23<=AC23,AB23*LOG10((J23+V23)/J23),AB23*LOG10(AC23/J23)+AA23*LOG10((J23+V23)/AC23)))*Y23 | AE23: =IF(F23="Sand",0,10^(INDEX(Korelasi!$C$5:$C$11,MIN(MATCH(MIN(MAX(K23,30),120),Korelasi!$A$5:$A$11,1),6))+(MIN(MAX(K23,30),120)-INDEX(Korelasi!$A$5:$A$11,MIN(MATCH(MIN(MAX(K23,30),120),Korelasi!$A$5:$A$11,1),6)))/(INDEX(Korelasi!$A$5:$A$11,MIN(MATCH(MIN(MAX(K23,30),120),Korelasi!$A$5:$A$11,1),6)+1)-INDEX(Korelasi!$A$5:$A$11,MIN(MATCH(MIN(MAX(K23,30),120),Korelasi!$A$5:$A$11,1),6)))*(INDEX(Korelasi!$C$5:$C$11,MIN(MATCH(MIN(MAX(K23,30),120),Korelasi!$A$5:$A$11,1),6)+1)-INDEX(Korelasi!$C$5:$C$11,MIN(MATCH(MIN(MAX(K23,30),120),Korelasi!$A$5:$A$11,1),6))))) | AF23: =IF(OR(F23="Sand",Y23=0),0,Input!$G$25*(D23/2)^2/(AE23*1E-4*31536000)) | AG23: =MAX(0,MIN(C23,Input!$G$15)-B23) | AH23: =MAX(0,MIN(C23,Input!$G$15)-MAX(B23,$G$8)) | AI23: =MAX(0,MIN(C23,$G$106)-B23)
A24: 12 | B24: 16.5 | C24: 18 | D24: =C24-B24 | E24: =(B24+C24)/2 | F24: Sand | G24: 23 | H24: =IF(E24>$G$5,$G$7,$G$6) | I24: =I23+H24*D24 | J24: =I24-H24*D24/2-10*MAX(E24-$G$5,0) | M24: =IF(K24="","",K24-L24) | N24: 0.65 | O24: =IF(F24="Sand",0,Input!$G$19*G24) | P24: =IF(F24="Sand",27.1+0.3*MIN(Input!$G$20*G24,60)-0.00054*MIN(Input!$G$20*G24,60)^2,MIN(MAX(DEGREES(ASIN(0.8-0.094*LN(MAX(IF(M24="",10,M24),5)))),20),30)) | Q24: =IF(F24="Sand",Input!$G$21*Input!$G$20*G24,Input!$G$22*O24) | R24: =IF(F24="Sand",Input!$G$26,0.5) | S24: =Input!$G$10/2/E24 | T24: =Input!$G$11/2/E24 | U24: =1/(4*PI())*(2*S24*T24*SQRT(S24^2+T24^2+1)/(S24^2+T24^2+1+S24^2*T24^2)*(S24^2+T24^2+2)/(S24^2+T24^2+1)+ATAN2(S24^2+T24^2+1-S24^2*T24^2,2*S24*T24*SQRT(S24^2+T24^2+1))) | V24: =4*Input!$G$9*U24 | W24: =((Input!$G$11/Input!$G$10)*LN((1+SQRT((Input!$G$11/Input!$G$10)^2+1))*SQRT((Input!$G$11/Input!$G$10)^2+(C24/(Input!$G$10/2))^2)/((Input!$G$11/Input!$G$10)*(1+SQRT((Input!$G$11/Input!$G$10)^2+(C24/(Input!$G$10/2))^2+1))))+LN(((Input!$G$11/Input!$G$10)+SQRT((Input!$G$11/Input!$G$10)^2+1))*SQRT(1+(C24/(Input!$G$10/2))^2)/((Input!$G$11/Input!$G$10)+SQRT((Input!$G$11/Input!$G$10)^2+(C24/(Input!$G$10/2))^2+1))))/PI() | X24: =(C24/(Input!$G$10/2))/(2*PI())*ATAN((Input!$G$11/Input!$G$10)/((C24/(Input!$G$10/2))*SQRT((Input!$G$11/Input!$G$10)^2+(C24/(Input!$G$10/2))^2+1))) | Y24: =MAX(0,C24-MAX(B24,$G$8))/D24*IF(V24>=Input!$G$27*J24,1,0) | Z24: =4*Input!$G$9*(Input!$G$10/2)*(1-R24^2)/Q24*((W24-W23)+(1-2*R24)/(1-R24)*(X24-X23))*1000*Y24 | AA24: =IF(F24="Sand",0,0.009*(K24-10)) | AB24: =AA24*Input!$G$23 | AC24: =IF(F24="Sand",0,MAX(O24/Input!$G$24,J24)) | AD24: =IF(F24="Sand",0,1000*D24/(1+N24)*IF(J24+V24<=AC24,AB24*LOG10((J24+V24)/J24),AB24*LOG10(AC24/J24)+AA24*LOG10((J24+V24)/AC24)))*Y24 | AE24: =IF(F24="Sand",0,10^(INDEX(Korelasi!$C$5:$C$11,MIN(MATCH(MIN(MAX(K24,30),120),Korelasi!$A$5:$A$11,1),6))+(MIN(MAX(K24,30),120)-INDEX(Korelasi!$A$5:$A$11,MIN(MATCH(MIN(MAX(K24,30),120),Korelasi!$A$5:$A$11,1),6)))/(INDEX(Korelasi!$A$5:$A$11,MIN(MATCH(MIN(MAX(K24,30),120),Korelasi!$A$5:$A$11,1),6)+1)-INDEX(Korelasi!$A$5:$A$11,MIN(MATCH(MIN(MAX(K24,30),120),Korelasi!$A$5:$A$11,1),6)))*(INDEX(Korelasi!$C$5:$C$11,MIN(MATCH(MIN(MAX(K24,30),120),Korelasi!$A$5:$A$11,1),6)+1)-INDEX(Korelasi!$C$5:$C$11,MIN(MATCH(MIN(MAX(K24,30),120),Korelasi!$A$5:$A$11,1),6))))) | AF24: =IF(OR(F24="Sand",Y24=0),0,Input!$G$25*(D24/2)^2/(AE24*1E-4*31536000)) | AG24: =MAX(0,MIN(C24,Input!$G$15)-B24) | AH24: =MAX(0,MIN(C24,Input!$G$15)-MAX(B24,$G$8)) | AI24: =MAX(0,MIN(C24,$G$106)-B24)
A25: 13 | B25: 18 | C25: 19.5 | D25: =C25-B25 | E25: =(B25+C25)/2 | F25: Sand | G25: 30 | H25: =IF(E25>$G$5,$G$7,$G$6) | I25: =I24+H25*D25 | J25: =I25-H25*D25/2-10*MAX(E25-$G$5,0) | M25: =IF(K25="","",K25-L25) | N25: 0.65 | O25: =IF(F25="Sand",0,Input!$G$19*G25) | P25: =IF(F25="Sand",27.1+0.3*MIN(Input!$G$20*G25,60)-0.00054*MIN(Input!$G$20*G25,60)^2,MIN(MAX(DEGREES(ASIN(0.8-0.094*LN(MAX(IF(M25="",10,M25),5)))),20),30)) | Q25: =IF(F25="Sand",Input!$G$21*Input!$G$20*G25,Input!$G$22*O25) | R25: =IF(F25="Sand",Input!$G$26,0.5) | S25: =Input!$G$10/2/E25 | T25: =Input!$G$11/2/E25 | U25: =1/(4*PI())*(2*S25*T25*SQRT(S25^2+T25^2+1)/(S25^2+T25^2+1+S25^2*T25^2)*(S25^2+T25^2+2)/(S25^2+T25^2+1)+ATAN2(S25^2+T25^2+1-S25^2*T25^2,2*S25*T25*SQRT(S25^2+T25^2+1))) | V25: =4*Input!$G$9*U25 | W25: =((Input!$G$11/Input!$G$10)*LN((1+SQRT((Input!$G$11/Input!$G$10)^2+1))*SQRT((Input!$G$11/Input!$G$10)^2+(C25/(Input!$G$10/2))^2)/((Input!$G$11/Input!$G$10)*(1+SQRT((Input!$G$11/Input!$G$10)^2+(C25/(Input!$G$10/2))^2+1))))+LN(((Input!$G$11/Input!$G$10)+SQRT((Input!$G$11/Input!$G$10)^2+1))*SQRT(1+(C25/(Input!$G$10/2))^2)/((Input!$G$11/Input!$G$10)+SQRT((Input!$G$11/Input!$G$10)^2+(C25/(Input!$G$10/2))^2+1))))/PI() | X25: =(C25/(Input!$G$10/2))/(2*PI())*ATAN((Input!$G$11/Input!$G$10)/((C25/(Input!$G$10/2))*SQRT((Input!$G$11/Input!$G$10)^2+(C25/(Input!$G$10/2))^2+1))) | Y25: =MAX(0,C25-MAX(B25,$G$8))/D25*IF(V25>=Input!$G$27*J25,1,0) | Z25: =4*Input!$G$9*(Input!$G$10/2)*(1-R25^2)/Q25*((W25-W24)+(1-2*R25)/(1-R25)*(X25-X24))*1000*Y25 | AA25: =IF(F25="Sand",0,0.009*(K25-10)) | AB25: =AA25*Input!$G$23 | AC25: =IF(F25="Sand",0,MAX(O25/Input!$G$24,J25)) | AD25: =IF(F25="Sand",0,1000*D25/(1+N25)*IF(J25+V25<=AC25,AB25*LOG10((J25+V25)/J25),AB25*LOG10(AC25/J25)+AA25*LOG10((J25+V25)/AC25)))*Y25 | AE25: =IF(F25="Sand",0,10^(INDEX(Korelasi!$C$5:$C$11,MIN(MATCH(MIN(MAX(K25,30),120),Korelasi!$A$5:$A$11,1),6))+(MIN(MAX(K25,30),120)-INDEX(Korelasi!$A$5:$A$11,MIN(MATCH(MIN(MAX(K25,30),120),Korelasi!$A$5:$A$11,1),6)))/(INDEX(Korelasi!$A$5:$A$11,MIN(MATCH(MIN(MAX(K25,30),120),Korelasi!$A$5:$A$11,1),6)+1)-INDEX(Korelasi!$A$5:$A$11,MIN(MATCH(MIN(MAX(K25,30),120),Korelasi!$A$5:$A$11,1),6)))*(INDEX(Korelasi!$C$5:$C$11,MIN(MATCH(MIN(MAX(K25,30),120),Korelasi!$A$5:$A$11,1),6)+1)-INDEX(Korelasi!$C$5:$C$11,MIN(MATCH(MIN(MAX(K25,30),120),Korelasi!$A$5:$A$11,1),6))))) | AF25: =IF(OR(F25="Sand",Y25=0),0,Input!$G$25*(D25/2)^2/(AE25*1E-4*31536000)) | AG25: =MAX(0,MIN(C25,Input!$G$15)-B25) | AH25: =MAX(0,MIN(C25,Input!$G$15)-MAX(B25,$G$8)) | AI25: =MAX(0,MIN(C25,$G$106)-B25)
... A53: 41 | B53: 59.5 | C53: 60 | D53: =C53-B53 | E53: =(B53+C53)/2 | F53: Sand | G53: 44 | H53: =IF(E53>$G$5,$G$7,$G$6) | I53: =I52+H53*D53 | J53: =I53-H53*D53/2-10*MAX(E53-$G$5,0) | M53: =IF(K53="","",K53-L53) | N53: 0.65 | O53: =IF(F53="Sand",0,Input!$G$19*G53) | P53: =IF(F53="Sand",27.1+0.3*MIN(Input!$G$20*G53,60)-0.00054*MIN(Input!$G$20*G53,60)^2,MIN(MAX(DEGREES(ASIN(0.8-0.094*LN(MAX(IF(M53="",10,M53),5)))),20),30)) | Q53: =IF(F53="Sand",Input!$G$21*Input!$G$20*G53,Input!$G$22*O53) | R53: =IF(F53="Sand",Input!$G$26,0.5) | S53: =Input!$G$10/2/E53 | T53: =Input!$G$11/2/E53 | U53: =1/(4*PI())*(2*S53*T53*SQRT(S53^2+T53^2+1)/(S53^2+T53^2+1+S53^2*T53^2)*(S53^2+T53^2+2)/(S53^2+T53^2+1)+ATAN2(S53^2+T53^2+1-S53^2*T53^2,2*S53*T53*SQRT(S53^2+T53^2+1))) | V53: =4*Input!$G$9*U53 | W53: =((Input!$G$11/Input!$G$10)*LN((1+SQRT((Input!$G$11/Input!$G$10)^2+1))*SQRT((Input!$G$11/Input!$G$10)^2+(C53/(Input!$G$10/2))^2)/((Input!$G$11/Input!$G$10)*(1+SQRT((Input!$G$11/Input!$G$10)^2+(C53/(Input!$G$10/2))^2+1))))+LN(((Input!$G$11/Input!$G$10)+SQRT((Input!$G$11/Input!$G$10)^2+1))*SQRT(1+(C53/(Input!$G$10/2))^2)/((Input!$G$11/Input!$G$10)+SQRT((Input!$G$11/Input!$G$10)^2+(C53/(Input!$G$10/2))^2+1))))/PI() | X53: =(C53/(Input!$G$10/2))/(2*PI())*ATAN((Input!$G$11/Input!$G$10)/((C53/(Input!$G$10/2))*SQRT((Input!$G$11/Input!$G$10)^2+(C53/(Input!$G$10/2))^2+1))) | Y53: =MAX(0,C53-MAX(B53,$G$8))/D53*IF(V53>=Input!$G$27*J53,1,0) | Z53: =4*Input!$G$9*(Input!$G$10/2)*(1-R53^2)/Q53*((W53-W52)+(1-2*R53)/(1-R53)*(X53-X52))*1000*Y53 | AA53: =IF(F53="Sand",0,0.009*(K53-10)) | AB53: =AA53*Input!$G$23 | AC53: =IF(F53="Sand",0,MAX(O53/Input!$G$24,J53)) | AD53: =IF(F53="Sand",0,1000*D53/(1+N53)*IF(J53+V53<=AC53,AB53*LOG10((J53+V53)/J53),AB53*LOG10(AC53/J53)+AA53*LOG10((J53+V53)/AC53)))*Y53 | AE53: =IF(F53="Sand",0,10^(INDEX(Korelasi!$C$5:$C$11,MIN(MATCH(MIN(MAX(K53,30),120),Korelasi!$A$5:$A$11,1),6))+(MIN(MAX(K53,30),120)-INDEX(Korelasi!$A$5:$A$11,MIN(MATCH(MIN(MAX(K53,30),120),Korelasi!$A$5:$A$11,1),6)))/(INDEX(Korelasi!$A$5:$A$11,MIN(MATCH(MIN(MAX(K53,30),120),Korelasi!$A$5:$A$11,1),6)+1)-INDEX(Korelasi!$A$5:$A$11,MIN(MATCH(MIN(MAX(K53,30),120),Korelasi!$A$5:$A$11,1),6)))*(INDEX(Korelasi!$C$5:$C$11,MIN(MATCH(MIN(MAX(K53,30),120),Korelasi!$A$5:$A$11,1),6)+1)-INDEX(Korelasi!$C$5:$C$11,MIN(MATCH(MIN(MAX(K53,30),120),Korelasi!$A$5:$A$11,1),6))))) | AF53: =IF(OR(F53="Sand",Y53=0),0,Input!$G$25*(D53/2)^2/(AE53*1E-4*31536000)) | AG53: =MAX(0,MIN(C53,Input!$G$15)-B53) | AH53: =MAX(0,MIN(C53,Input!$G$15)-MAX(B53,$G$8)) | AI53: =MAX(0,MIN(C53,$G$106)-B53)
A54: Sel kuning = data (SPT, lab, laporan). Jenis: Sand / Silt / Clay. Sublapisan di bawah kedalaman bor memakai data borehole terdekat (lihat Ket.).
A56: 3. DAYA DUKUNG TANAH DASAR (Terzaghi/Vesic, SNI 8460:2017)
A57: Kondisi undrained (jangka pendek) dihitung bila ada lanau/lempung dalam 0 - Hb; kondisi drained (jangka panjang) selalu dihitung; daya dukung = nilai terkecil. Tanah 0 - Dr yang diganti dianggap material granular (Input bagian D).
A58: a) TANPA PERBAIKAN
A59: Tebal lanau/lempung asli dalam 0 - Hb | F59: Σh | G59: =SUMPRODUCT(--(F13:F53<>"Sand"),AG13:AG53) | H59: m
A60: cu rata-rata lanau/lempung (0 - Hb) | F60: cu | G60: =IF($G$59=0,0,SUMPRODUCT(--(F13:F53<>"Sand"),AG13:AG53,O13:O53)/$G$59) | H60: kPa | I60: cu = k·N
A61: φ' rata-rata (0 - Hb) | F61: φ' | G61: =(SUMPRODUCT(AG13:AG53,P13:P53)+MIN(0,Input!$G$15)*Input!$G$31)/Input!$G$15 | H61: ° | I61: lapisan diganti memakai φ' material pengganti
A62: Berat isi efektif rata-rata (0 - Hb) | F62: γ' | G62: =(SUMPRODUCT(AG13:AG53,H13:H53)+MIN(0,Input!$G$15)*Input!$G$30)/Input!$G$15-10*MAX(0,Input!$G$15-$G$5)/Input!$G$15 | H62: kN/m³
A63: Undrained: faktor bentuk (Nc = 5,14) | F63: sc | G63: =1+0.2*Input!$G$10/Input!$G$11 | H63: -
A64: qu undrained = cu·Nc·sc | F64: qu,u | G64: =IF($G$59=0,"-",$G$60*5.14*$G$63) | H64: kPa | I64: tidak berlaku bila tidak ada lanau/lempung
A65: Drained: Nq = e^(π tanφ)·tan²(45+φ/2) | F65: Nq | G65: =EXP(PI()*TAN(RADIANS($G$61)))*TAN(RADIANS(45+$G$61/2))^2 | H65: -
A66: Nγ = 2(Nq+1)tanφ (Vesic 1975) | F66: Nγ | G66: =2*($G$65+1)*TAN(RADIANS($G$61)) | H66: -
A67: sγ = 1 - 0,4B/L ; rγ = 1 - 0,25log(B/2) (Bowles 1996) | F67: sγ·rγ | G67: =(1-0.4*Input!$G$10/Input!$G$11)*IF(Input!$G$10>2,1-0.25*LOG10(Input!$G$10/2),1) | H67: -
A68: qu drained = 0,5·γ'·B·Nγ·sγ·rγ (c' = 0, q = 0) | F68: qu,d | G68: =0.5*$G$62*Input!$G$10*$G$66*$G$67 | H68: kPa
A69: Daya dukung ultimit menentukan | F69: qu | G69: =IF($G$59=0,$G$68,MIN($G$64,$G$68)) | H69: kPa
A70: Daya dukung izin = qu / SF | F70: qall | G70: =$G$69/Input!$G$14 | H70: kPa
A71: Tekanan kerja (timbunan + beban merata) | F71: q | G71: =Input!$G$9 | H71: kPa
A72: Kontrol daya dukung | G72: =IF($G$70>=Input!$G$9,"qall ≥ q … OK","qall < q … NG")
A73: Faktor keamanan aktual = qu / q | F73: FS | G73: =$G$69/Input!$G$9 | H73: -
A74: Tinggi timbunan izin (dengan beban merata) | F74: H izin | G74: =MAX(0,($G$70-Input!$G$8)/Input!$G$7) | H74: m | I74: H izin = (qall - qs)/γf
A76: b) DENGAN PENGGANTIAN TANAH 0 - Dr (kondisi desain)
A77: Tebal lanau/lempung asli dalam 0 - Hb | F77: Σh | G77: =SUMPRODUCT(--(F13:F53<>"Sand"),AH13:AH53) | H77: m
A78: cu rata-rata lanau/lempung (0 - Hb) | F78: cu | G78: =IF($G$77=0,0,SUMPRODUCT(--(F13:F53<>"Sand"),AH13:AH53,O13:O53)/$G$77) | H78: kPa | I78: cu = k·N
A79: φ' rata-rata (0 - Hb) | F79: φ' | G79: =(SUMPRODUCT(AH13:AH53,P13:P53)+MIN($G$8,Input!$G$15)*Input!$G$31)/Input!$G$15 | H79: ° | I79: lapisan diganti memakai φ' material pengganti
A80: Berat isi efektif rata-rata (0 - Hb) | F80: γ' | G80: =(SUMPRODUCT(AH13:AH53,H13:H53)+MIN($G$8,Input!$G$15)*Input!$G$30)/Input!$G$15-10*MAX(0,Input!$G$15-$G$5)/Input!$G$15 | H80: kN/m³
A81: Undrained: faktor bentuk (Nc = 5,14) | F81: sc | G81: =1+0.2*Input!$G$10/Input!$G$11 | H81: -
A82: qu undrained = cu·Nc·sc | F82: qu,u | G82: =IF($G$77=0,"-",$G$78*5.14*$G$81) | H82: kPa | I82: tidak berlaku bila tidak ada lanau/lempung
A83: Drained: Nq = e^(π tanφ)·tan²(45+φ/2) | F83: Nq | G83: =EXP(PI()*TAN(RADIANS($G$79)))*TAN(RADIANS(45+$G$79/2))^2 | H83: -
A84: Nγ = 2(Nq+1)tanφ (Vesic 1975) | F84: Nγ | G84: =2*($G$83+1)*TAN(RADIANS($G$79)) | H84: -
A85: sγ = 1 - 0,4B/L ; rγ = 1 - 0,25log(B/2) (Bowles 1996) | F85: sγ·rγ | G85: =(1-0.4*Input!$G$10/Input!$G$11)*IF(Input!$G$10>2,1-0.25*LOG10(Input!$G$10/2),1) | H85: -
A86: qu drained = 0,5·γ'·B·Nγ·sγ·rγ (c' = 0, q = 0) | F86: qu,d | G86: =0.5*$G$80*Input!$G$10*$G$84*$G$85 | H86: kPa
A87: Daya dukung ultimit menentukan | F87: qu | G87: =IF($G$77=0,$G$86,MIN($G$82,$G$86)) | H87: kPa
A88: Daya dukung izin = qu / SF | F88: qall | G88: =$G$87/Input!$G$14 | H88: kPa
A89: Tekanan kerja (timbunan + beban merata) | F89: q | G89: =Input!$G$9 | H89: kPa
A90: Kontrol daya dukung | G90: =IF($G$88>=Input!$G$9,"qall ≥ q … OK","qall < q … NG")
A91: Faktor keamanan aktual = qu / q | F91: FS | G91: =$G$87/Input!$G$9 | H91: -
A92: Tinggi timbunan izin (dengan beban merata) | F92: H izin | G92: =MAX(0,($G$88-Input!$G$8)/Input!$G$7) | H92: m | I92: H izin = (qall - qs)/γf
A94: c) Tanah pasiran - daya dukung izin berbasis penurunan 25 mm (Meyerhof 1965, Bowles 1996)
A95: N60 rata-rata lapisan pasir (0 - Hb) | F95: N60 | G95: =IFERROR(SUMPRODUCT(--(F13:F53="Sand"),AG13:AG53,G13:G53)/SUMPRODUCT(--(F13:F53="Sand"),AG13:AG53)*Input!$G$20,"-") | H95: -
A96: qa (S = 25 mm) = (N55/0,08)·((B+0,3)/B)²·Kd | F96: qa | G96: =IFERROR(($G$95*60/55)/0.08*((Input!$G$10+0.3)/Input!$G$10)^2,"-") | H96: kPa | I96: Kd = 1 (beban di permukaan)
A97: Pada tanah pasiran daya dukung geser hampir selalu jauh di atas beban; penentu desain adalah penurunan (bagian 4).
A99: 4. PENURUNAN SEGERA (IMMEDIATE SETTLEMENT) - kondisi desain
A100: d) Teori elastis berlapis (Steinbrenner 1934; Bowles 1996): pusat area fleksibel B×L, tiap lapisan Si = 4q(B/2)(1-ν²)/E·[ΔF1 + (1-2ν)/(1-ν)·ΔF2]. Pasir: E drained, ν pasir; lanau/lempung: Eu undrained, ν = 0,5.
A101: Penurunan segera total (dalam kedalaman pengaruh) | F101: Si | G101: =SUM(Z13:Z53) | H101: mm
A102: - dari lapisan pasir | G102: =SUMPRODUCT(--(F13:F53="Sand"),Z13:Z53) | H102: mm
A103: - dari lapisan lanau/lempung (undrained) | G103: =$G$101-$G$102 | H103: mm
A105: e) Pemeriksaan tanah pasiran - Burland & Burbidge (1985), pasir NC: S = fs·fl·q·B^0,7·Ic, Ic = 1,71/N̄^1,4
A106: Kedalaman pengaruh zI = B^0,763 | F106: zI | G106: =MIN(Input!$G$10^0.763,C53) | H106: m
A107: N rata-rata dalam zI (N terukur) | F107: N̄ | G107: =SUMPRODUCT(AI13:AI53,G13:G53)/$G$106 | H107: -
A108: Indeks kompresibilitas | F108: Ic | G108: =1.71/$G$107^1.4 | H108: -
A109: Faktor bentuk fs = [1,25(L/B)/(L/B+0,25)]² | F109: fs | G109: =(1.25*Input!$G$11/Input!$G$10/(Input!$G$11/Input!$G$10+0.25))^2 | H109: -
A110: Penurunan (B&B), fl = 1 | F110: S | G110: =$G$109*Input!$G$9*Input!$G$10^0.7*$G$108 | H110: mm
A111: B&B menganggap seluruh zona pengaruh berupa pasir; bila ada lanau/lempung, pakai butir d) sebagai nilai desain.
A113: 5. PENURUNAN KONSOLIDASI PRIMER & WAKTU KONSOLIDASI (lapisan lanau/lempung) - kondisi desain
A114: Sc = h/(1+e0)·[Cr·log(σ'p/σ'0) + Cc·log((σ'0+Δσ)/σ'p)] (Das 2019); Δσ Boussinesq di pusat area; σ'p = max(cu/0,22 ; σ'0); t90 = Tv·Hdr²/Cv, drainase ganda (Hdr = h/2) karena diapit pasir.
A115: Penurunan konsolidasi total | F115: Sc | G115: =SUM(AD13:AD53) | H115: mm
A116: Waktu konsolidasi 90% (lapisan terlama) | F116: t90 | G116: =MAX(AF13:AF53) | H116: tahun
A118: 6. RINGKASAN
A119: Penurunan total jangka panjang = Si + Sc | F119: S | G119: =$G$101+$G$115 | H119: mm
A120: Kontrol terhadap batas penurunan | G120: =IF($G$119<=Input!$G$16,"S ≤ S izin … OK","S > S izin … NG")
A121: Penurunan pasca-likuefaksi saat gempa (laporan likuefaksi, Tabel 5.4: 100 - 383 mm) TIDAK termasuk; ditinjau terpisah.

Sheet BH-03
A1: ANALISIS DAYA DUKUNG, PENURUNAN SEGERA & KONSOLIDASI - BH-03 (Log Yard)
A2: PSPE Bora Pulu - timbunan + beban merata (lihat sheet Input)
A4: 1. PARAMETER BOREHOLE
A5: Muka air tanah (GWL) | G5: 8 | H5: m | I5: GWL analisis likuefaksi (Report BP-00-GEO-RPT-003)
A6: Berat isi di atas GWL | G6: 16.5 | H6: kN/m³ | I6: Report Tabel 5.1 (hasil lab)
A7: Berat isi di bawah GWL | G7: 19 | H7: kN/m³ | I7: Report Tabel 5.1 (hasil lab)
A8: Kedalaman penggantian tanah (replacement) - kondisi desain | G8: 0 | H8: m | I8: 0 = tanpa perbaikan; tanah 0 - Dr diganti material granular (sheet Input bagian D)
A10: 2. TABEL TANAH & PERHITUNGAN PER LAPISAN (sublapisan = interval SPT 1,5 m)
A11: No | B11: Atas | C11: Bawah | D11: Tebal h | E11: Tengah z | F11: Jenis | G11: N-SPT | H11: γ | I11: σv bawah | J11: σ'v0 tengah | K11: LL | L11: PL | M11: PI | N11: e0 | O11: cu | P11: φ' | Q11: E | R11: ν | S11: m=B/2z | T11: n=L/2z | U11: I Bouss. | V11: Δσz pusat | W11: F1 (bawah) | X11: F2 (bawah) | Y11: faktor aktif | Z11: Si | AA11: Cc | AB11: Cr | AC11: σ'p | AD11: Sc | AE11: Cv | AF11: t90 | AG11: Δ 0-Hb | AH11: Δ 0-Hb sisa | AI11: Δ 0-zI | AJ11: Ket.
B12: m | C12: m | D12: m | E12: m | H12: kN/m³ | I12: kPa | J12: kPa | K12: % | L12: % | M12: % | N12: - | O12: kPa | P12: ° | Q12: kPa | R12: - | S12: - | T12: - | U12: - | V12: kPa | W12: - | X12: - | Y12: - | Z12: mm | AA12: - | AB12: - | AC12: kPa | AD12: mm | AE12: cm²/s | AF12: tahun | AG12: m | AH12: m | AI12: m
A13: 1 | B13: 0 | C13: 1.5 | D13: =C13-B13 | E13: =(B13+C13)/2 | F13: Sand | G13: 10 | H13: =IF(E13>$G$5,$G$7,$G$6) | I13: =H13*D13 | J13: =I13-H13*D13/2-10*MAX(E13-$G$5,0) | M13: =IF(K13="","",K13-L13) | N13: 0.65 | O13: =IF(F13="Sand",0,Input!$G$19*G13) | P13: =IF(F13="Sand",27.1+0.3*MIN(Input!$G$20*G13,60)-0.00054*MIN(Input!$G$20*G13,60)^2,MIN(MAX(DEGREES(ASIN(0.8-0.094*LN(MAX(IF(M13="",10,M13),5)))),20),30)) | Q13: =IF(F13="Sand",Input!$G$21*Input!$G$20*G13,Input!$G$22*O13) | R13: =IF(F13="Sand",Input!$G$26,0.5) | S13: =Input!$G$10/2/E13 | T13: =Input!$G$11/2/E13 | U13: =1/(4*PI())*(2*S13*T13*SQRT(S13^2+T13^2+1)/(S13^2+T13^2+1+S13^2*T13^2)*(S13^2+T13^2+2)/(S13^2+T13^2+1)+ATAN2(S13^2+T13^2+1-S13^2*T13^2,2*S13*T13*SQRT(S13^2+T13^2+1))) | V13: =4*Input!$G$9*U13 | W13: =((Input!$G$11/Input!$G$10)*LN((1+SQRT((Input!$G$11/Input!$G$10)^2+1))*SQRT((Input!$G$11/Input!$G$10)^2+(C13/(Input!$G$10/2))^2)/((Input!$G$11/Input!$G$10)*(1+SQRT((Input!$G$11/Input!$G$10)^2+(C13/(Input!$G$10/2))^2+1))))+LN(((Input!$G$11/Input!$G$10)+SQRT((Input!$G$11/Input!$G$10)^2+1))*SQRT(1+(C13/(Input!$G$10/2))^2)/((Input!$G$11/Input!$G$10)+SQRT((Input!$G$11/Input!$G$10)^2+(C13/(Input!$G$10/2))^2+1))))/PI() | X13: =(C13/(Input!$G$10/2))/(2*PI())*ATAN((Input!$G$11/Input!$G$10)/((C13/(Input!$G$10/2))*SQRT((Input!$G$11/Input!$G$10)^2+(C13/(Input!$G$10/2))^2+1))) | Y13: =MAX(0,C13-MAX(B13,$G$8))/D13*IF(V13>=Input!$G$27*J13,1,0) | Z13: =4*Input!$G$9*(Input!$G$10/2)*(1-R13^2)/Q13*((W13-0)+(1-2*R13)/(1-R13)*(X13-0))*1000*Y13 | AA13: =IF(F13="Sand",0,0.009*(K13-10)) | AB13: =AA13*Input!$G$23 | AC13: =IF(F13="Sand",0,MAX(O13/Input!$G$24,J13)) | AD13: =IF(F13="Sand",0,1000*D13/(1+N13)*IF(J13+V13<=AC13,AB13*LOG10((J13+V13)/J13),AB13*LOG10(AC13/J13)+AA13*LOG10((J13+V13)/AC13)))*Y13 | AE13: =IF(F13="Sand",0,10^(INDEX(Korelasi!$C$5:$C$11,MIN(MATCH(MIN(MAX(K13,30),120),Korelasi!$A$5:$A$11,1),6))+(MIN(MAX(K13,30),120)-INDEX(Korelasi!$A$5:$A$11,MIN(MATCH(MIN(MAX(K13,30),120),Korelasi!$A$5:$A$11,1),6)))/(INDEX(Korelasi!$A$5:$A$11,MIN(MATCH(MIN(MAX(K13,30),120),Korelasi!$A$5:$A$11,1),6)+1)-INDEX(Korelasi!$A$5:$A$11,MIN(MATCH(MIN(MAX(K13,30),120),Korelasi!$A$5:$A$11,1),6)))*(INDEX(Korelasi!$C$5:$C$11,MIN(MATCH(MIN(MAX(K13,30),120),Korelasi!$A$5:$A$11,1),6)+1)-INDEX(Korelasi!$C$5:$C$11,MIN(MATCH(MIN(MAX(K13,30),120),Korelasi!$A$5:$A$11,1),6))))) | AF13: =IF(OR(F13="Sand",Y13=0),0,Input!$G$25*(D13/2)^2/(AE13*1E-4*31536000)) | AG13: =MAX(0,MIN(C13,Input!$G$15)-B13) | AH13: =MAX(0,MIN(C13,Input!$G$15)-MAX(B13,$G$8)) | AI13: =MAX(0,MIN(C13,$G$106)-B13) | AJ13: 0-1,5 m tidak di-SPT: N lapisan berikut
A14: 2 | B14: 1.5 | C14: 3 | D14: =C14-B14 | E14: =(B14+C14)/2 | F14: Sand | G14: 10 | H14: =IF(E14>$G$5,$G$7,$G$6) | I14: =I13+H14*D14 | J14: =I14-H14*D14/2-10*MAX(E14-$G$5,0) | M14: =IF(K14="","",K14-L14) | N14: 0.643 | O14: =IF(F14="Sand",0,Input!$G$19*G14) | P14: =IF(F14="Sand",27.1+0.3*MIN(Input!$G$20*G14,60)-0.00054*MIN(Input!$G$20*G14,60)^2,MIN(MAX(DEGREES(ASIN(0.8-0.094*LN(MAX(IF(M14="",10,M14),5)))),20),30)) | Q14: =IF(F14="Sand",Input!$G$21*Input!$G$20*G14,Input!$G$22*O14) | R14: =IF(F14="Sand",Input!$G$26,0.5) | S14: =Input!$G$10/2/E14 | T14: =Input!$G$11/2/E14 | U14: =1/(4*PI())*(2*S14*T14*SQRT(S14^2+T14^2+1)/(S14^2+T14^2+1+S14^2*T14^2)*(S14^2+T14^2+2)/(S14^2+T14^2+1)+ATAN2(S14^2+T14^2+1-S14^2*T14^2,2*S14*T14*SQRT(S14^2+T14^2+1))) | V14: =4*Input!$G$9*U14 | W14: =((Input!$G$11/Input!$G$10)*LN((1+SQRT((Input!$G$11/Input!$G$10)^2+1))*SQRT((Input!$G$11/Input!$G$10)^2+(C14/(Input!$G$10/2))^2)/((Input!$G$11/Input!$G$10)*(1+SQRT((Input!$G$11/Input!$G$10)^2+(C14/(Input!$G$10/2))^2+1))))+LN(((Input!$G$11/Input!$G$10)+SQRT((Input!$G$11/Input!$G$10)^2+1))*SQRT(1+(C14/(Input!$G$10/2))^2)/((Input!$G$11/Input!$G$10)+SQRT((Input!$G$11/Input!$G$10)^2+(C14/(Input!$G$10/2))^2+1))))/PI() | X14: =(C14/(Input!$G$10/2))/(2*PI())*ATAN((Input!$G$11/Input!$G$10)/((C14/(Input!$G$10/2))*SQRT((Input!$G$11/Input!$G$10)^2+(C14/(Input!$G$10/2))^2+1))) | Y14: =MAX(0,C14-MAX(B14,$G$8))/D14*IF(V14>=Input!$G$27*J14,1,0) | Z14: =4*Input!$G$9*(Input!$G$10/2)*(1-R14^2)/Q14*((W14-W13)+(1-2*R14)/(1-R14)*(X14-X13))*1000*Y14 | AA14: =IF(F14="Sand",0,0.009*(K14-10)) | AB14: =AA14*Input!$G$23 | AC14: =IF(F14="Sand",0,MAX(O14/Input!$G$24,J14)) | AD14: =IF(F14="Sand",0,1000*D14/(1+N14)*IF(J14+V14<=AC14,AB14*LOG10((J14+V14)/J14),AB14*LOG10(AC14/J14)+AA14*LOG10((J14+V14)/AC14)))*Y14 | AE14: =IF(F14="Sand",0,10^(INDEX(Korelasi!$C$5:$C$11,MIN(MATCH(MIN(MAX(K14,30),120),Korelasi!$A$5:$A$11,1),6))+(MIN(MAX(K14,30),120)-INDEX(Korelasi!$A$5:$A$11,MIN(MATCH(MIN(MAX(K14,30),120),Korelasi!$A$5:$A$11,1),6)))/(INDEX(Korelasi!$A$5:$A$11,MIN(MATCH(MIN(MAX(K14,30),120),Korelasi!$A$5:$A$11,1),6)+1)-INDEX(Korelasi!$A$5:$A$11,MIN(MATCH(MIN(MAX(K14,30),120),Korelasi!$A$5:$A$11,1),6)))*(INDEX(Korelasi!$C$5:$C$11,MIN(MATCH(MIN(MAX(K14,30),120),Korelasi!$A$5:$A$11,1),6)+1)-INDEX(Korelasi!$C$5:$C$11,MIN(MATCH(MIN(MAX(K14,30),120),Korelasi!$A$5:$A$11,1),6))))) | AF14: =IF(OR(F14="Sand",Y14=0),0,Input!$G$25*(D14/2)^2/(AE14*1E-4*31536000)) | AG14: =MAX(0,MIN(C14,Input!$G$15)-B14) | AH14: =MAX(0,MIN(C14,Input!$G$15)-MAX(B14,$G$8)) | AI14: =MAX(0,MIN(C14,$G$106)-B14)
A15: 3 | B15: 3 | C15: 4.5 | D15: =C15-B15 | E15: =(B15+C15)/2 | F15: Sand | G15: 18 | H15: =IF(E15>$G$5,$G$7,$G$6) | I15: =I14+H15*D15 | J15: =I15-H15*D15/2-10*MAX(E15-$G$5,0) | M15: =IF(K15="","",K15-L15) | N15: 0.881 | O15: =IF(F15="Sand",0,Input!$G$19*G15) | P15: =IF(F15="Sand",27.1+0.3*MIN(Input!$G$20*G15,60)-0.00054*MIN(Input!$G$20*G15,60)^2,MIN(MAX(DEGREES(ASIN(0.8-0.094*LN(MAX(IF(M15="",10,M15),5)))),20),30)) | Q15: =IF(F15="Sand",Input!$G$21*Input!$G$20*G15,Input!$G$22*O15) | R15: =IF(F15="Sand",Input!$G$26,0.5) | S15: =Input!$G$10/2/E15 | T15: =Input!$G$11/2/E15 | U15: =1/(4*PI())*(2*S15*T15*SQRT(S15^2+T15^2+1)/(S15^2+T15^2+1+S15^2*T15^2)*(S15^2+T15^2+2)/(S15^2+T15^2+1)+ATAN2(S15^2+T15^2+1-S15^2*T15^2,2*S15*T15*SQRT(S15^2+T15^2+1))) | V15: =4*Input!$G$9*U15 | W15: =((Input!$G$11/Input!$G$10)*LN((1+SQRT((Input!$G$11/Input!$G$10)^2+1))*SQRT((Input!$G$11/Input!$G$10)^2+(C15/(Input!$G$10/2))^2)/((Input!$G$11/Input!$G$10)*(1+SQRT((Input!$G$11/Input!$G$10)^2+(C15/(Input!$G$10/2))^2+1))))+LN(((Input!$G$11/Input!$G$10)+SQRT((Input!$G$11/Input!$G$10)^2+1))*SQRT(1+(C15/(Input!$G$10/2))^2)/((Input!$G$11/Input!$G$10)+SQRT((Input!$G$11/Input!$G$10)^2+(C15/(Input!$G$10/2))^2+1))))/PI() | X15: =(C15/(Input!$G$10/2))/(2*PI())*ATAN((Input!$G$11/Input!$G$10)/((C15/(Input!$G$10/2))*SQRT((Input!$G$11/Input!$G$10)^2+(C15/(Input!$G$10/2))^2+1))) | Y15: =MAX(0,C15-MAX(B15,$G$8))/D15*IF(V15>=Input!$G$27*J15,1,0) | Z15: =4*Input!$G$9*(Input!$G$10/2)*(1-R15^2)/Q15*((W15-W14)+(1-2*R15)/(1-R15)*(X15-X14))*1000*Y15 | AA15: =IF(F15="Sand",0,0.009*(K15-10)) | AB15: =AA15*Input!$G$23 | AC15: =IF(F15="Sand",0,MAX(O15/Input!$G$24,J15)) | AD15: =IF(F15="Sand",0,1000*D15/(1+N15)*IF(J15+V15<=AC15,AB15*LOG10((J15+V15)/J15),AB15*LOG10(AC15/J15)+AA15*LOG10((J15+V15)/AC15)))*Y15 | AE15: =IF(F15="Sand",0,10^(INDEX(Korelasi!$C$5:$C$11,MIN(MATCH(MIN(MAX(K15,30),120),Korelasi!$A$5:$A$11,1),6))+(MIN(MAX(K15,30),120)-INDEX(Korelasi!$A$5:$A$11,MIN(MATCH(MIN(MAX(K15,30),120),Korelasi!$A$5:$A$11,1),6)))/(INDEX(Korelasi!$A$5:$A$11,MIN(MATCH(MIN(MAX(K15,30),120),Korelasi!$A$5:$A$11,1),6)+1)-INDEX(Korelasi!$A$5:$A$11,MIN(MATCH(MIN(MAX(K15,30),120),Korelasi!$A$5:$A$11,1),6)))*(INDEX(Korelasi!$C$5:$C$11,MIN(MATCH(MIN(MAX(K15,30),120),Korelasi!$A$5:$A$11,1),6)+1)-INDEX(Korelasi!$C$5:$C$11,MIN(MATCH(MIN(MAX(K15,30),120),Korelasi!$A$5:$A$11,1),6))))) | AF15: =IF(OR(F15="Sand",Y15=0),0,Input!$G$25*(D15/2)^2/(AE15*1E-4*31536000)) | AG15: =MAX(0,MIN(C15,Input!$G$15)-B15) | AH15: =MAX(0,MIN(C15,Input!$G$15)-MAX(B15,$G$8)) | AI15: =MAX(0,MIN(C15,$G$106)-B15)
A16: 4 | B16: 4.5 | C16: 6 | D16: =C16-B16 | E16: =(B16+C16)/2 | F16: Sand | G16: 13 | H16: =IF(E16>$G$5,$G$7,$G$6) | I16: =I15+H16*D16 | J16: =I16-H16*D16/2-10*MAX(E16-$G$5,0) | M16: =IF(K16="","",K16-L16) | N16: 0.928 | O16: =IF(F16="Sand",0,Input!$G$19*G16) | P16: =IF(F16="Sand",27.1+0.3*MIN(Input!$G$20*G16,60)-0.00054*MIN(Input!$G$20*G16,60)^2,MIN(MAX(DEGREES(ASIN(0.8-0.094*LN(MAX(IF(M16="",10,M16),5)))),20),30)) | Q16: =IF(F16="Sand",Input!$G$21*Input!$G$20*G16,Input!$G$22*O16) | R16: =IF(F16="Sand",Input!$G$26,0.5) | S16: =Input!$G$10/2/E16 | T16: =Input!$G$11/2/E16 | U16: =1/(4*PI())*(2*S16*T16*SQRT(S16^2+T16^2+1)/(S16^2+T16^2+1+S16^2*T16^2)*(S16^2+T16^2+2)/(S16^2+T16^2+1)+ATAN2(S16^2+T16^2+1-S16^2*T16^2,2*S16*T16*SQRT(S16^2+T16^2+1))) | V16: =4*Input!$G$9*U16 | W16: =((Input!$G$11/Input!$G$10)*LN((1+SQRT((Input!$G$11/Input!$G$10)^2+1))*SQRT((Input!$G$11/Input!$G$10)^2+(C16/(Input!$G$10/2))^2)/((Input!$G$11/Input!$G$10)*(1+SQRT((Input!$G$11/Input!$G$10)^2+(C16/(Input!$G$10/2))^2+1))))+LN(((Input!$G$11/Input!$G$10)+SQRT((Input!$G$11/Input!$G$10)^2+1))*SQRT(1+(C16/(Input!$G$10/2))^2)/((Input!$G$11/Input!$G$10)+SQRT((Input!$G$11/Input!$G$10)^2+(C16/(Input!$G$10/2))^2+1))))/PI() | X16: =(C16/(Input!$G$10/2))/(2*PI())*ATAN((Input!$G$11/Input!$G$10)/((C16/(Input!$G$10/2))*SQRT((Input!$G$11/Input!$G$10)^2+(C16/(Input!$G$10/2))^2+1))) | Y16: =MAX(0,C16-MAX(B16,$G$8))/D16*IF(V16>=Input!$G$27*J16,1,0) | Z16: =4*Input!$G$9*(Input!$G$10/2)*(1-R16^2)/Q16*((W16-W15)+(1-2*R16)/(1-R16)*(X16-X15))*1000*Y16 | AA16: =IF(F16="Sand",0,0.009*(K16-10)) | AB16: =AA16*Input!$G$23 | AC16: =IF(F16="Sand",0,MAX(O16/Input!$G$24,J16)) | AD16: =IF(F16="Sand",0,1000*D16/(1+N16)*IF(J16+V16<=AC16,AB16*LOG10((J16+V16)/J16),AB16*LOG10(AC16/J16)+AA16*LOG10((J16+V16)/AC16)))*Y16 | AE16: =IF(F16="Sand",0,10^(INDEX(Korelasi!$C$5:$C$11,MIN(MATCH(MIN(MAX(K16,30),120),Korelasi!$A$5:$A$11,1),6))+(MIN(MAX(K16,30),120)-INDEX(Korelasi!$A$5:$A$11,MIN(MATCH(MIN(MAX(K16,30),120),Korelasi!$A$5:$A$11,1),6)))/(INDEX(Korelasi!$A$5:$A$11,MIN(MATCH(MIN(MAX(K16,30),120),Korelasi!$A$5:$A$11,1),6)+1)-INDEX(Korelasi!$A$5:$A$11,MIN(MATCH(MIN(MAX(K16,30),120),Korelasi!$A$5:$A$11,1),6)))*(INDEX(Korelasi!$C$5:$C$11,MIN(MATCH(MIN(MAX(K16,30),120),Korelasi!$A$5:$A$11,1),6)+1)-INDEX(Korelasi!$C$5:$C$11,MIN(MATCH(MIN(MAX(K16,30),120),Korelasi!$A$5:$A$11,1),6))))) | AF16: =IF(OR(F16="Sand",Y16=0),0,Input!$G$25*(D16/2)^2/(AE16*1E-4*31536000)) | AG16: =MAX(0,MIN(C16,Input!$G$15)-B16) | AH16: =MAX(0,MIN(C16,Input!$G$15)-MAX(B16,$G$8)) | AI16: =MAX(0,MIN(C16,$G$106)-B16)
A17: 5 | B17: 6 | C17: 7.5 | D17: =C17-B17 | E17: =(B17+C17)/2 | F17: Clay | G17: 8 | H17: =IF(E17>$G$5,$G$7,$G$6) | I17: =I16+H17*D17 | J17: =I17-H17*D17/2-10*MAX(E17-$G$5,0) | K17: 29.57 | L17: 20.64 | M17: =IF(K17="","",K17-L17) | N17: 0.9 | O17: =IF(F17="Sand",0,Input!$G$19*G17) | P17: =IF(F17="Sand",27.1+0.3*MIN(Input!$G$20*G17,60)-0.00054*MIN(Input!$G$20*G17,60)^2,MIN(MAX(DEGREES(ASIN(0.8-0.094*LN(MAX(IF(M17="",10,M17),5)))),20),30)) | Q17: =IF(F17="Sand",Input!$G$21*Input!$G$20*G17,Input!$G$22*O17) | R17: =IF(F17="Sand",Input!$G$26,0.5) | S17: =Input!$G$10/2/E17 | T17: =Input!$G$11/2/E17 | U17: =1/(4*PI())*(2*S17*T17*SQRT(S17^2+T17^2+1)/(S17^2+T17^2+1+S17^2*T17^2)*(S17^2+T17^2+2)/(S17^2+T17^2+1)+ATAN2(S17^2+T17^2+1-S17^2*T17^2,2*S17*T17*SQRT(S17^2+T17^2+1))) | V17: =4*Input!$G$9*U17 | W17: =((Input!$G$11/Input!$G$10)*LN((1+SQRT((Input!$G$11/Input!$G$10)^2+1))*SQRT((Input!$G$11/Input!$G$10)^2+(C17/(Input!$G$10/2))^2)/((Input!$G$11/Input!$G$10)*(1+SQRT((Input!$G$11/Input!$G$10)^2+(C17/(Input!$G$10/2))^2+1))))+LN(((Input!$G$11/Input!$G$10)+SQRT((Input!$G$11/Input!$G$10)^2+1))*SQRT(1+(C17/(Input!$G$10/2))^2)/((Input!$G$11/Input!$G$10)+SQRT((Input!$G$11/Input!$G$10)^2+(C17/(Input!$G$10/2))^2+1))))/PI() | X17: =(C17/(Input!$G$10/2))/(2*PI())*ATAN((Input!$G$11/Input!$G$10)/((C17/(Input!$G$10/2))*SQRT((Input!$G$11/Input!$G$10)^2+(C17/(Input!$G$10/2))^2+1))) | Y17: =MAX(0,C17-MAX(B17,$G$8))/D17*IF(V17>=Input!$G$27*J17,1,0) | Z17: =4*Input!$G$9*(Input!$G$10/2)*(1-R17^2)/Q17*((W17-W16)+(1-2*R17)/(1-R17)*(X17-X16))*1000*Y17 | AA17: =IF(F17="Sand",0,0.009*(K17-10)) | AB17: =AA17*Input!$G$23 | AC17: =IF(F17="Sand",0,MAX(O17/Input!$G$24,J17)) | AD17: =IF(F17="Sand",0,1000*D17/(1+N17)*IF(J17+V17<=AC17,AB17*LOG10((J17+V17)/J17),AB17*LOG10(AC17/J17)+AA17*LOG10((J17+V17)/AC17)))*Y17 | AE17: =IF(F17="Sand",0,10^(INDEX(Korelasi!$C$5:$C$11,MIN(MATCH(MIN(MAX(K17,30),120),Korelasi!$A$5:$A$11,1),6))+(MIN(MAX(K17,30),120)-INDEX(Korelasi!$A$5:$A$11,MIN(MATCH(MIN(MAX(K17,30),120),Korelasi!$A$5:$A$11,1),6)))/(INDEX(Korelasi!$A$5:$A$11,MIN(MATCH(MIN(MAX(K17,30),120),Korelasi!$A$5:$A$11,1),6)+1)-INDEX(Korelasi!$A$5:$A$11,MIN(MATCH(MIN(MAX(K17,30),120),Korelasi!$A$5:$A$11,1),6)))*(INDEX(Korelasi!$C$5:$C$11,MIN(MATCH(MIN(MAX(K17,30),120),Korelasi!$A$5:$A$11,1),6)+1)-INDEX(Korelasi!$C$5:$C$11,MIN(MATCH(MIN(MAX(K17,30),120),Korelasi!$A$5:$A$11,1),6))))) | AF17: =IF(OR(F17="Sand",Y17=0),0,Input!$G$25*(D17/2)^2/(AE17*1E-4*31536000)) | AG17: =MAX(0,MIN(C17,Input!$G$15)-B17) | AH17: =MAX(0,MIN(C17,Input!$G$15)-MAX(B17,$G$8)) | AI17: =MAX(0,MIN(C17,$G$106)-B17)
A18: 6 | B18: 7.5 | C18: 9 | D18: =C18-B18 | E18: =(B18+C18)/2 | F18: Sand | G18: 10 | H18: =IF(E18>$G$5,$G$7,$G$6) | I18: =I17+H18*D18 | J18: =I18-H18*D18/2-10*MAX(E18-$G$5,0) | M18: =IF(K18="","",K18-L18) | N18: 0.716 | O18: =IF(F18="Sand",0,Input!$G$19*G18) | P18: =IF(F18="Sand",27.1+0.3*MIN(Input!$G$20*G18,60)-0.00054*MIN(Input!$G$20*G18,60)^2,MIN(MAX(DEGREES(ASIN(0.8-0.094*LN(MAX(IF(M18="",10,M18),5)))),20),30)) | Q18: =IF(F18="Sand",Input!$G$21*Input!$G$20*G18,Input!$G$22*O18) | R18: =IF(F18="Sand",Input!$G$26,0.5) | S18: =Input!$G$10/2/E18 | T18: =Input!$G$11/2/E18 | U18: =1/(4*PI())*(2*S18*T18*SQRT(S18^2+T18^2+1)/(S18^2+T18^2+1+S18^2*T18^2)*(S18^2+T18^2+2)/(S18^2+T18^2+1)+ATAN2(S18^2+T18^2+1-S18^2*T18^2,2*S18*T18*SQRT(S18^2+T18^2+1))) | V18: =4*Input!$G$9*U18 | W18: =((Input!$G$11/Input!$G$10)*LN((1+SQRT((Input!$G$11/Input!$G$10)^2+1))*SQRT((Input!$G$11/Input!$G$10)^2+(C18/(Input!$G$10/2))^2)/((Input!$G$11/Input!$G$10)*(1+SQRT((Input!$G$11/Input!$G$10)^2+(C18/(Input!$G$10/2))^2+1))))+LN(((Input!$G$11/Input!$G$10)+SQRT((Input!$G$11/Input!$G$10)^2+1))*SQRT(1+(C18/(Input!$G$10/2))^2)/((Input!$G$11/Input!$G$10)+SQRT((Input!$G$11/Input!$G$10)^2+(C18/(Input!$G$10/2))^2+1))))/PI() | X18: =(C18/(Input!$G$10/2))/(2*PI())*ATAN((Input!$G$11/Input!$G$10)/((C18/(Input!$G$10/2))*SQRT((Input!$G$11/Input!$G$10)^2+(C18/(Input!$G$10/2))^2+1))) | Y18: =MAX(0,C18-MAX(B18,$G$8))/D18*IF(V18>=Input!$G$27*J18,1,0) | Z18: =4*Input!$G$9*(Input!$G$10/2)*(1-R18^2)/Q18*((W18-W17)+(1-2*R18)/(1-R18)*(X18-X17))*1000*Y18 | AA18: =IF(F18="Sand",0,0.009*(K18-10)) | AB18: =AA18*Input!$G$23 | AC18: =IF(F18="Sand",0,MAX(O18/Input!$G$24,J18)) | AD18: =IF(F18="Sand",0,1000*D18/(1+N18)*IF(J18+V18<=AC18,AB18*LOG10((J18+V18)/J18),AB18*LOG10(AC18/J18)+AA18*LOG10((J18+V18)/AC18)))*Y18 | AE18: =IF(F18="Sand",0,10^(INDEX(Korelasi!$C$5:$C$11,MIN(MATCH(MIN(MAX(K18,30),120),Korelasi!$A$5:$A$11,1),6))+(MIN(MAX(K18,30),120)-INDEX(Korelasi!$A$5:$A$11,MIN(MATCH(MIN(MAX(K18,30),120),Korelasi!$A$5:$A$11,1),6)))/(INDEX(Korelasi!$A$5:$A$11,MIN(MATCH(MIN(MAX(K18,30),120),Korelasi!$A$5:$A$11,1),6)+1)-INDEX(Korelasi!$A$5:$A$11,MIN(MATCH(MIN(MAX(K18,30),120),Korelasi!$A$5:$A$11,1),6)))*(INDEX(Korelasi!$C$5:$C$11,MIN(MATCH(MIN(MAX(K18,30),120),Korelasi!$A$5:$A$11,1),6)+1)-INDEX(Korelasi!$C$5:$C$11,MIN(MATCH(MIN(MAX(K18,30),120),Korelasi!$A$5:$A$11,1),6))))) | AF18: =IF(OR(F18="Sand",Y18=0),0,Input!$G$25*(D18/2)^2/(AE18*1E-4*31536000)) | AG18: =MAX(0,MIN(C18,Input!$G$15)-B18) | AH18: =MAX(0,MIN(C18,Input!$G$15)-MAX(B18,$G$8)) | AI18: =MAX(0,MIN(C18,$G$106)-B18)
A19: 7 | B19: 9 | C19: 10.5 | D19: =C19-B19 | E19: =(B19+C19)/2 | F19: Sand | G19: 29 | H19: =IF(E19>$G$5,$G$7,$G$6) | I19: =I18+H19*D19 | J19: =I19-H19*D19/2-10*MAX(E19-$G$5,0) | M19: =IF(K19="","",K19-L19) | N19: 0.65 | O19: =IF(F19="Sand",0,Input!$G$19*G19) | P19: =IF(F19="Sand",27.1+0.3*MIN(Input!$G$20*G19,60)-0.00054*MIN(Input!$G$20*G19,60)^2,MIN(MAX(DEGREES(ASIN(0.8-0.094*LN(MAX(IF(M19="",10,M19),5)))),20),30)) | Q19: =IF(F19="Sand",Input!$G$21*Input!$G$20*G19,Input!$G$22*O19) | R19: =IF(F19="Sand",Input!$G$26,0.5) | S19: =Input!$G$10/2/E19 | T19: =Input!$G$11/2/E19 | U19: =1/(4*PI())*(2*S19*T19*SQRT(S19^2+T19^2+1)/(S19^2+T19^2+1+S19^2*T19^2)*(S19^2+T19^2+2)/(S19^2+T19^2+1)+ATAN2(S19^2+T19^2+1-S19^2*T19^2,2*S19*T19*SQRT(S19^2+T19^2+1))) | V19: =4*Input!$G$9*U19 | W19: =((Input!$G$11/Input!$G$10)*LN((1+SQRT((Input!$G$11/Input!$G$10)^2+1))*SQRT((Input!$G$11/Input!$G$10)^2+(C19/(Input!$G$10/2))^2)/((Input!$G$11/Input!$G$10)*(1+SQRT((Input!$G$11/Input!$G$10)^2+(C19/(Input!$G$10/2))^2+1))))+LN(((Input!$G$11/Input!$G$10)+SQRT((Input!$G$11/Input!$G$10)^2+1))*SQRT(1+(C19/(Input!$G$10/2))^2)/((Input!$G$11/Input!$G$10)+SQRT((Input!$G$11/Input!$G$10)^2+(C19/(Input!$G$10/2))^2+1))))/PI() | X19: =(C19/(Input!$G$10/2))/(2*PI())*ATAN((Input!$G$11/Input!$G$10)/((C19/(Input!$G$10/2))*SQRT((Input!$G$11/Input!$G$10)^2+(C19/(Input!$G$10/2))^2+1))) | Y19: =MAX(0,C19-MAX(B19,$G$8))/D19*IF(V19>=Input!$G$27*J19,1,0) | Z19: =4*Input!$G$9*(Input!$G$10/2)*(1-R19^2)/Q19*((W19-W18)+(1-2*R19)/(1-R19)*(X19-X18))*1000*Y19 | AA19: =IF(F19="Sand",0,0.009*(K19-10)) | AB19: =AA19*Input!$G$23 | AC19: =IF(F19="Sand",0,MAX(O19/Input!$G$24,J19)) | AD19: =IF(F19="Sand",0,1000*D19/(1+N19)*IF(J19+V19<=AC19,AB19*LOG10((J19+V19)/J19),AB19*LOG10(AC19/J19)+AA19*LOG10((J19+V19)/AC19)))*Y19 | AE19: =IF(F19="Sand",0,10^(INDEX(Korelasi!$C$5:$C$11,MIN(MATCH(MIN(MAX(K19,30),120),Korelasi!$A$5:$A$11,1),6))+(MIN(MAX(K19,30),120)-INDEX(Korelasi!$A$5:$A$11,MIN(MATCH(MIN(MAX(K19,30),120),Korelasi!$A$5:$A$11,1),6)))/(INDEX(Korelasi!$A$5:$A$11,MIN(MATCH(MIN(MAX(K19,30),120),Korelasi!$A$5:$A$11,1),6)+1)-INDEX(Korelasi!$A$5:$A$11,MIN(MATCH(MIN(MAX(K19,30),120),Korelasi!$A$5:$A$11,1),6)))*(INDEX(Korelasi!$C$5:$C$11,MIN(MATCH(MIN(MAX(K19,30),120),Korelasi!$A$5:$A$11,1),6)+1)-INDEX(Korelasi!$C$5:$C$11,MIN(MATCH(MIN(MAX(K19,30),120),Korelasi!$A$5:$A$11,1),6))))) | AF19: =IF(OR(F19="Sand",Y19=0),0,Input!$G$25*(D19/2)^2/(AE19*1E-4*31536000)) | AG19: =MAX(0,MIN(C19,Input!$G$15)-B19) | AH19: =MAX(0,MIN(C19,Input!$G$15)-MAX(B19,$G$8)) | AI19: =MAX(0,MIN(C19,$G$106)-B19)
A20: 8 | B20: 10.5 | C20: 12 | D20: =C20-B20 | E20: =(B20+C20)/2 | F20: Silt | G20: 24 | H20: =IF(E20>$G$5,$G$7,$G$6) | I20: =I19+H20*D20 | J20: =I20-H20*D20/2-10*MAX(E20-$G$5,0) | K20: 36.39 | L20: 24.82 | M20: =IF(K20="","",K20-L20) | N20: 1.053 | O20: =IF(F20="Sand",0,Input!$G$19*G20) | P20: =IF(F20="Sand",27.1+0.3*MIN(Input!$G$20*G20,60)-0.00054*MIN(Input!$G$20*G20,60)^2,MIN(MAX(DEGREES(ASIN(0.8-0.094*LN(MAX(IF(M20="",10,M20),5)))),20),30)) | Q20: =IF(F20="Sand",Input!$G$21*Input!$G$20*G20,Input!$G$22*O20) | R20: =IF(F20="Sand",Input!$G$26,0.5) | S20: =Input!$G$10/2/E20 | T20: =Input!$G$11/2/E20 | U20: =1/(4*PI())*(2*S20*T20*SQRT(S20^2+T20^2+1)/(S20^2+T20^2+1+S20^2*T20^2)*(S20^2+T20^2+2)/(S20^2+T20^2+1)+ATAN2(S20^2+T20^2+1-S20^2*T20^2,2*S20*T20*SQRT(S20^2+T20^2+1))) | V20: =4*Input!$G$9*U20 | W20: =((Input!$G$11/Input!$G$10)*LN((1+SQRT((Input!$G$11/Input!$G$10)^2+1))*SQRT((Input!$G$11/Input!$G$10)^2+(C20/(Input!$G$10/2))^2)/((Input!$G$11/Input!$G$10)*(1+SQRT((Input!$G$11/Input!$G$10)^2+(C20/(Input!$G$10/2))^2+1))))+LN(((Input!$G$11/Input!$G$10)+SQRT((Input!$G$11/Input!$G$10)^2+1))*SQRT(1+(C20/(Input!$G$10/2))^2)/((Input!$G$11/Input!$G$10)+SQRT((Input!$G$11/Input!$G$10)^2+(C20/(Input!$G$10/2))^2+1))))/PI() | X20: =(C20/(Input!$G$10/2))/(2*PI())*ATAN((Input!$G$11/Input!$G$10)/((C20/(Input!$G$10/2))*SQRT((Input!$G$11/Input!$G$10)^2+(C20/(Input!$G$10/2))^2+1))) | Y20: =MAX(0,C20-MAX(B20,$G$8))/D20*IF(V20>=Input!$G$27*J20,1,0) | Z20: =4*Input!$G$9*(Input!$G$10/2)*(1-R20^2)/Q20*((W20-W19)+(1-2*R20)/(1-R20)*(X20-X19))*1000*Y20 | AA20: =IF(F20="Sand",0,0.009*(K20-10)) | AB20: =AA20*Input!$G$23 | AC20: =IF(F20="Sand",0,MAX(O20/Input!$G$24,J20)) | AD20: =IF(F20="Sand",0,1000*D20/(1+N20)*IF(J20+V20<=AC20,AB20*LOG10((J20+V20)/J20),AB20*LOG10(AC20/J20)+AA20*LOG10((J20+V20)/AC20)))*Y20 | AE20: =IF(F20="Sand",0,10^(INDEX(Korelasi!$C$5:$C$11,MIN(MATCH(MIN(MAX(K20,30),120),Korelasi!$A$5:$A$11,1),6))+(MIN(MAX(K20,30),120)-INDEX(Korelasi!$A$5:$A$11,MIN(MATCH(MIN(MAX(K20,30),120),Korelasi!$A$5:$A$11,1),6)))/(INDEX(Korelasi!$A$5:$A$11,MIN(MATCH(MIN(MAX(K20,30),120),Korelasi!$A$5:$A$11,1),6)+1)-INDEX(Korelasi!$A$5:$A$11,MIN(MATCH(MIN(MAX(K20,30),120),Korelasi!$A$5:$A$11,1),6)))*(INDEX(Korelasi!$C$5:$C$11,MIN(MATCH(MIN(MAX(K20,30),120),Korelasi!$A$5:$A$11,1),6)+1)-INDEX(Korelasi!$C$5:$C$11,MIN(MATCH(MIN(MAX(K20,30),120),Korelasi!$A$5:$A$11,1),6))))) | AF20: =IF(OR(F20="Sand",Y20=0),0,Input!$G$25*(D20/2)^2/(AE20*1E-4*31536000)) | AG20: =MAX(0,MIN(C20,Input!$G$15)-B20) | AH20: =MAX(0,MIN(C20,Input!$G$15)-MAX(B20,$G$8)) | AI20: =MAX(0,MIN(C20,$G$106)-B20)
A21: 9 | B21: 12 | C21: 13.5 | D21: =C21-B21 | E21: =(B21+C21)/2 | F21: Silt | G21: 10 | H21: =IF(E21>$G$5,$G$7,$G$6) | I21: =I20+H21*D21 | J21: =I21-H21*D21/2-10*MAX(E21-$G$5,0) | K21: 35.7 | L21: 24.25 | M21: =IF(K21="","",K21-L21) | N21: 0.974 | O21: =IF(F21="Sand",0,Input!$G$19*G21) | P21: =IF(F21="Sand",27.1+0.3*MIN(Input!$G$20*G21,60)-0.00054*MIN(Input!$G$20*G21,60)^2,MIN(MAX(DEGREES(ASIN(0.8-0.094*LN(MAX(IF(M21="",10,M21),5)))),20),30)) | Q21: =IF(F21="Sand",Input!$G$21*Input!$G$20*G21,Input!$G$22*O21) | R21: =IF(F21="Sand",Input!$G$26,0.5) | S21: =Input!$G$10/2/E21 | T21: =Input!$G$11/2/E21 | U21: =1/(4*PI())*(2*S21*T21*SQRT(S21^2+T21^2+1)/(S21^2+T21^2+1+S21^2*T21^2)*(S21^2+T21^2+2)/(S21^2+T21^2+1)+ATAN2(S21^2+T21^2+1-S21^2*T21^2,2*S21*T21*SQRT(S21^2+T21^2+1))) | V21: =4*Input!$G$9*U21 | W21: =((Input!$G$11/Input!$G$10)*LN((1+SQRT((Input!$G$11/Input!$G$10)^2+1))*SQRT((Input!$G$11/Input!$G$10)^2+(C21/(Input!$G$10/2))^2)/((Input!$G$11/Input!$G$10)*(1+SQRT((Input!$G$11/Input!$G$10)^2+(C21/(Input!$G$10/2))^2+1))))+LN(((Input!$G$11/Input!$G$10)+SQRT((Input!$G$11/Input!$G$10)^2+1))*SQRT(1+(C21/(Input!$G$10/2))^2)/((Input!$G$11/Input!$G$10)+SQRT((Input!$G$11/Input!$G$10)^2+(C21/(Input!$G$10/2))^2+1))))/PI() | X21: =(C21/(Input!$G$10/2))/(2*PI())*ATAN((Input!$G$11/Input!$G$10)/((C21/(Input!$G$10/2))*SQRT((Input!$G$11/Input!$G$10)^2+(C21/(Input!$G$10/2))^2+1))) | Y21: =MAX(0,C21-MAX(B21,$G$8))/D21*IF(V21>=Input!$G$27*J21,1,0) | Z21: =4*Input!$G$9*(Input!$G$10/2)*(1-R21^2)/Q21*((W21-W20)+(1-2*R21)/(1-R21)*(X21-X20))*1000*Y21 | AA21: =IF(F21="Sand",0,0.009*(K21-10)) | AB21: =AA21*Input!$G$23 | AC21: =IF(F21="Sand",0,MAX(O21/Input!$G$24,J21)) | AD21: =IF(F21="Sand",0,1000*D21/(1+N21)*IF(J21+V21<=AC21,AB21*LOG10((J21+V21)/J21),AB21*LOG10(AC21/J21)+AA21*LOG10((J21+V21)/AC21)))*Y21 | AE21: =IF(F21="Sand",0,10^(INDEX(Korelasi!$C$5:$C$11,MIN(MATCH(MIN(MAX(K21,30),120),Korelasi!$A$5:$A$11,1),6))+(MIN(MAX(K21,30),120)-INDEX(Korelasi!$A$5:$A$11,MIN(MATCH(MIN(MAX(K21,30),120),Korelasi!$A$5:$A$11,1),6)))/(INDEX(Korelasi!$A$5:$A$11,MIN(MATCH(MIN(MAX(K21,30),120),Korelasi!$A$5:$A$11,1),6)+1)-INDEX(Korelasi!$A$5:$A$11,MIN(MATCH(MIN(MAX(K21,30),120),Korelasi!$A$5:$A$11,1),6)))*(INDEX(Korelasi!$C$5:$C$11,MIN(MATCH(MIN(MAX(K21,30),120),Korelasi!$A$5:$A$11,1),6)+1)-INDEX(Korelasi!$C$5:$C$11,MIN(MATCH(MIN(MAX(K21,30),120),Korelasi!$A$5:$A$11,1),6))))) | AF21: =IF(OR(F21="Sand",Y21=0),0,Input!$G$25*(D21/2)^2/(AE21*1E-4*31536000)) | AG21: =MAX(0,MIN(C21,Input!$G$15)-B21) | AH21: =MAX(0,MIN(C21,Input!$G$15)-MAX(B21,$G$8)) | AI21: =MAX(0,MIN(C21,$G$106)-B21)
A22: 10 | B22: 13.5 | C22: 15 | D22: =C22-B22 | E22: =(B22+C22)/2 | F22: Sand | G22: 35 | H22: =IF(E22>$G$5,$G$7,$G$6) | I22: =I21+H22*D22 | J22: =I22-H22*D22/2-10*MAX(E22-$G$5,0) | M22: =IF(K22="","",K22-L22) | N22: 0.557 | O22: =IF(F22="Sand",0,Input!$G$19*G22) | P22: =IF(F22="Sand",27.1+0.3*MIN(Input!$G$20*G22,60)-0.00054*MIN(Input!$G$20*G22,60)^2,MIN(MAX(DEGREES(ASIN(0.8-0.094*LN(MAX(IF(M22="",10,M22),5)))),20),30)) | Q22: =IF(F22="Sand",Input!$G$21*Input!$G$20*G22,Input!$G$22*O22) | R22: =IF(F22="Sand",Input!$G$26,0.5) | S22: =Input!$G$10/2/E22 | T22: =Input!$G$11/2/E22 | U22: =1/(4*PI())*(2*S22*T22*SQRT(S22^2+T22^2+1)/(S22^2+T22^2+1+S22^2*T22^2)*(S22^2+T22^2+2)/(S22^2+T22^2+1)+ATAN2(S22^2+T22^2+1-S22^2*T22^2,2*S22*T22*SQRT(S22^2+T22^2+1))) | V22: =4*Input!$G$9*U22 | W22: =((Input!$G$11/Input!$G$10)*LN((1+SQRT((Input!$G$11/Input!$G$10)^2+1))*SQRT((Input!$G$11/Input!$G$10)^2+(C22/(Input!$G$10/2))^2)/((Input!$G$11/Input!$G$10)*(1+SQRT((Input!$G$11/Input!$G$10)^2+(C22/(Input!$G$10/2))^2+1))))+LN(((Input!$G$11/Input!$G$10)+SQRT((Input!$G$11/Input!$G$10)^2+1))*SQRT(1+(C22/(Input!$G$10/2))^2)/((Input!$G$11/Input!$G$10)+SQRT((Input!$G$11/Input!$G$10)^2+(C22/(Input!$G$10/2))^2+1))))/PI() | X22: =(C22/(Input!$G$10/2))/(2*PI())*ATAN((Input!$G$11/Input!$G$10)/((C22/(Input!$G$10/2))*SQRT((Input!$G$11/Input!$G$10)^2+(C22/(Input!$G$10/2))^2+1))) | Y22: =MAX(0,C22-MAX(B22,$G$8))/D22*IF(V22>=Input!$G$27*J22,1,0) | Z22: =4*Input!$G$9*(Input!$G$10/2)*(1-R22^2)/Q22*((W22-W21)+(1-2*R22)/(1-R22)*(X22-X21))*1000*Y22 | AA22: =IF(F22="Sand",0,0.009*(K22-10)) | AB22: =AA22*Input!$G$23 | AC22: =IF(F22="Sand",0,MAX(O22/Input!$G$24,J22)) | AD22: =IF(F22="Sand",0,1000*D22/(1+N22)*IF(J22+V22<=AC22,AB22*LOG10((J22+V22)/J22),AB22*LOG10(AC22/J22)+AA22*LOG10((J22+V22)/AC22)))*Y22 | AE22: =IF(F22="Sand",0,10^(INDEX(Korelasi!$C$5:$C$11,MIN(MATCH(MIN(MAX(K22,30),120),Korelasi!$A$5:$A$11,1),6))+(MIN(MAX(K22,30),120)-INDEX(Korelasi!$A$5:$A$11,MIN(MATCH(MIN(MAX(K22,30),120),Korelasi!$A$5:$A$11,1),6)))/(INDEX(Korelasi!$A$5:$A$11,MIN(MATCH(MIN(MAX(K22,30),120),Korelasi!$A$5:$A$11,1),6)+1)-INDEX(Korelasi!$A$5:$A$11,MIN(MATCH(MIN(MAX(K22,30),120),Korelasi!$A$5:$A$11,1),6)))*(INDEX(Korelasi!$C$5:$C$11,MIN(MATCH(MIN(MAX(K22,30),120),Korelasi!$A$5:$A$11,1),6)+1)-INDEX(Korelasi!$C$5:$C$11,MIN(MATCH(MIN(MAX(K22,30),120),Korelasi!$A$5:$A$11,1),6))))) | AF22: =IF(OR(F22="Sand",Y22=0),0,Input!$G$25*(D22/2)^2/(AE22*1E-4*31536000)) | AG22: =MAX(0,MIN(C22,Input!$G$15)-B22) | AH22: =MAX(0,MIN(C22,Input!$G$15)-MAX(B22,$G$8)) | AI22: =MAX(0,MIN(C22,$G$106)-B22)
A23: 11 | B23: 15 | C23: 16.5 | D23: =C23-B23 | E23: =(B23+C23)/2 | F23: Sand | G23: 39 | H23: =IF(E23>$G$5,$G$7,$G$6) | I23: =I22+H23*D23 | J23: =I23-H23*D23/2-10*MAX(E23-$G$5,0) | M23: =IF(K23="","",K23-L23) | N23: 0.458 | O23: =IF(F23="Sand",0,Input!$G$19*G23) | P23: =IF(F23="Sand",27.1+0.3*MIN(Input!$G$20*G23,60)-0.00054*MIN(Input!$G$20*G23,60)^2,MIN(MAX(DEGREES(ASIN(0.8-0.094*LN(MAX(IF(M23="",10,M23),5)))),20),30)) | Q23: =IF(F23="Sand",Input!$G$21*Input!$G$20*G23,Input!$G$22*O23) | R23: =IF(F23="Sand",Input!$G$26,0.5) | S23: =Input!$G$10/2/E23 | T23: =Input!$G$11/2/E23 | U23: =1/(4*PI())*(2*S23*T23*SQRT(S23^2+T23^2+1)/(S23^2+T23^2+1+S23^2*T23^2)*(S23^2+T23^2+2)/(S23^2+T23^2+1)+ATAN2(S23^2+T23^2+1-S23^2*T23^2,2*S23*T23*SQRT(S23^2+T23^2+1))) | V23: =4*Input!$G$9*U23 | W23: =((Input!$G$11/Input!$G$10)*LN((1+SQRT((Input!$G$11/Input!$G$10)^2+1))*SQRT((Input!$G$11/Input!$G$10)^2+(C23/(Input!$G$10/2))^2)/((Input!$G$11/Input!$G$10)*(1+SQRT((Input!$G$11/Input!$G$10)^2+(C23/(Input!$G$10/2))^2+1))))+LN(((Input!$G$11/Input!$G$10)+SQRT((Input!$G$11/Input!$G$10)^2+1))*SQRT(1+(C23/(Input!$G$10/2))^2)/((Input!$G$11/Input!$G$10)+SQRT((Input!$G$11/Input!$G$10)^2+(C23/(Input!$G$10/2))^2+1))))/PI() | X23: =(C23/(Input!$G$10/2))/(2*PI())*ATAN((Input!$G$11/Input!$G$10)/((C23/(Input!$G$10/2))*SQRT((Input!$G$11/Input!$G$10)^2+(C23/(Input!$G$10/2))^2+1))) | Y23: =MAX(0,C23-MAX(B23,$G$8))/D23*IF(V23>=Input!$G$27*J23,1,0) | Z23: =4*Input!$G$9*(Input!$G$10/2)*(1-R23^2)/Q23*((W23-W22)+(1-2*R23)/(1-R23)*(X23-X22))*1000*Y23 | AA23: =IF(F23="Sand",0,0.009*(K23-10)) | AB23: =AA23*Input!$G$23 | AC23: =IF(F23="Sand",0,MAX(O23/Input!$G$24,J23)) | AD23: =IF(F23="Sand",0,1000*D23/(1+N23)*IF(J23+V23<=AC23,AB23*LOG10((J23+V23)/J23),AB23*LOG10(AC23/J23)+AA23*LOG10((J23+V23)/AC23)))*Y23 | AE23: =IF(F23="Sand",0,10^(INDEX(Korelasi!$C$5:$C$11,MIN(MATCH(MIN(MAX(K23,30),120),Korelasi!$A$5:$A$11,1),6))+(MIN(MAX(K23,30),120)-INDEX(Korelasi!$A$5:$A$11,MIN(MATCH(MIN(MAX(K23,30),120),Korelasi!$A$5:$A$11,1),6)))/(INDEX(Korelasi!$A$5:$A$11,MIN(MATCH(MIN(MAX(K23,30),120),Korelasi!$A$5:$A$11,1),6)+1)-INDEX(Korelasi!$A$5:$A$11,MIN(MATCH(MIN(MAX(K23,30),120),Korelasi!$A$5:$A$11,1),6)))*(INDEX(Korelasi!$C$5:$C$11,MIN(MATCH(MIN(MAX(K23,30),120),Korelasi!$A$5:$A$11,1),6)+1)-INDEX(Korelasi!$C$5:$C$11,MIN(MATCH(MIN(MAX(K23,30),120),Korelasi!$A$5:$A$11,1),6))))) | AF23: =IF(OR(F23="Sand",Y23=0),0,Input!$G$25*(D23/2)^2/(AE23*1E-4*31536000)) | AG23: =MAX(0,MIN(C23,Input!$G$15)-B23) | AH23: =MAX(0,MIN(C23,Input!$G$15)-MAX(B23,$G$8)) | AI23: =MAX(0,MIN(C23,$G$106)-B23)
A24: 12 | B24: 16.5 | C24: 18 | D24: =C24-B24 | E24: =(B24+C24)/2 | F24: Sand | G24: 26 | H24: =IF(E24>$G$5,$G$7,$G$6) | I24: =I23+H24*D24 | J24: =I24-H24*D24/2-10*MAX(E24-$G$5,0) | M24: =IF(K24="","",K24-L24) | N24: 0.556 | O24: =IF(F24="Sand",0,Input!$G$19*G24) | P24: =IF(F24="Sand",27.1+0.3*MIN(Input!$G$20*G24,60)-0.00054*MIN(Input!$G$20*G24,60)^2,MIN(MAX(DEGREES(ASIN(0.8-0.094*LN(MAX(IF(M24="",10,M24),5)))),20),30)) | Q24: =IF(F24="Sand",Input!$G$21*Input!$G$20*G24,Input!$G$22*O24) | R24: =IF(F24="Sand",Input!$G$26,0.5) | S24: =Input!$G$10/2/E24 | T24: =Input!$G$11/2/E24 | U24: =1/(4*PI())*(2*S24*T24*SQRT(S24^2+T24^2+1)/(S24^2+T24^2+1+S24^2*T24^2)*(S24^2+T24^2+2)/(S24^2+T24^2+1)+ATAN2(S24^2+T24^2+1-S24^2*T24^2,2*S24*T24*SQRT(S24^2+T24^2+1))) | V24: =4*Input!$G$9*U24 | W24: =((Input!$G$11/Input!$G$10)*LN((1+SQRT((Input!$G$11/Input!$G$10)^2+1))*SQRT((Input!$G$11/Input!$G$10)^2+(C24/(Input!$G$10/2))^2)/((Input!$G$11/Input!$G$10)*(1+SQRT((Input!$G$11/Input!$G$10)^2+(C24/(Input!$G$10/2))^2+1))))+LN(((Input!$G$11/Input!$G$10)+SQRT((Input!$G$11/Input!$G$10)^2+1))*SQRT(1+(C24/(Input!$G$10/2))^2)/((Input!$G$11/Input!$G$10)+SQRT((Input!$G$11/Input!$G$10)^2+(C24/(Input!$G$10/2))^2+1))))/PI() | X24: =(C24/(Input!$G$10/2))/(2*PI())*ATAN((Input!$G$11/Input!$G$10)/((C24/(Input!$G$10/2))*SQRT((Input!$G$11/Input!$G$10)^2+(C24/(Input!$G$10/2))^2+1))) | Y24: =MAX(0,C24-MAX(B24,$G$8))/D24*IF(V24>=Input!$G$27*J24,1,0) | Z24: =4*Input!$G$9*(Input!$G$10/2)*(1-R24^2)/Q24*((W24-W23)+(1-2*R24)/(1-R24)*(X24-X23))*1000*Y24 | AA24: =IF(F24="Sand",0,0.009*(K24-10)) | AB24: =AA24*Input!$G$23 | AC24: =IF(F24="Sand",0,MAX(O24/Input!$G$24,J24)) | AD24: =IF(F24="Sand",0,1000*D24/(1+N24)*IF(J24+V24<=AC24,AB24*LOG10((J24+V24)/J24),AB24*LOG10(AC24/J24)+AA24*LOG10((J24+V24)/AC24)))*Y24 | AE24: =IF(F24="Sand",0,10^(INDEX(Korelasi!$C$5:$C$11,MIN(MATCH(MIN(MAX(K24,30),120),Korelasi!$A$5:$A$11,1),6))+(MIN(MAX(K24,30),120)-INDEX(Korelasi!$A$5:$A$11,MIN(MATCH(MIN(MAX(K24,30),120),Korelasi!$A$5:$A$11,1),6)))/(INDEX(Korelasi!$A$5:$A$11,MIN(MATCH(MIN(MAX(K24,30),120),Korelasi!$A$5:$A$11,1),6)+1)-INDEX(Korelasi!$A$5:$A$11,MIN(MATCH(MIN(MAX(K24,30),120),Korelasi!$A$5:$A$11,1),6)))*(INDEX(Korelasi!$C$5:$C$11,MIN(MATCH(MIN(MAX(K24,30),120),Korelasi!$A$5:$A$11,1),6)+1)-INDEX(Korelasi!$C$5:$C$11,MIN(MATCH(MIN(MAX(K24,30),120),Korelasi!$A$5:$A$11,1),6))))) | AF24: =IF(OR(F24="Sand",Y24=0),0,Input!$G$25*(D24/2)^2/(AE24*1E-4*31536000)) | AG24: =MAX(0,MIN(C24,Input!$G$15)-B24) | AH24: =MAX(0,MIN(C24,Input!$G$15)-MAX(B24,$G$8)) | AI24: =MAX(0,MIN(C24,$G$106)-B24)
A25: 13 | B25: 18 | C25: 19.5 | D25: =C25-B25 | E25: =(B25+C25)/2 | F25: Sand | G25: 22 | H25: =IF(E25>$G$5,$G$7,$G$6) | I25: =I24+H25*D25 | J25: =I25-H25*D25/2-10*MAX(E25-$G$5,0) | M25: =IF(K25="","",K25-L25) | N25: 0.351 | O25: =IF(F25="Sand",0,Input!$G$19*G25) | P25: =IF(F25="Sand",27.1+0.3*MIN(Input!$G$20*G25,60)-0.00054*MIN(Input!$G$20*G25,60)^2,MIN(MAX(DEGREES(ASIN(0.8-0.094*LN(MAX(IF(M25="",10,M25),5)))),20),30)) | Q25: =IF(F25="Sand",Input!$G$21*Input!$G$20*G25,Input!$G$22*O25) | R25: =IF(F25="Sand",Input!$G$26,0.5) | S25: =Input!$G$10/2/E25 | T25: =Input!$G$11/2/E25 | U25: =1/(4*PI())*(2*S25*T25*SQRT(S25^2+T25^2+1)/(S25^2+T25^2+1+S25^2*T25^2)*(S25^2+T25^2+2)/(S25^2+T25^2+1)+ATAN2(S25^2+T25^2+1-S25^2*T25^2,2*S25*T25*SQRT(S25^2+T25^2+1))) | V25: =4*Input!$G$9*U25 | W25: =((Input!$G$11/Input!$G$10)*LN((1+SQRT((Input!$G$11/Input!$G$10)^2+1))*SQRT((Input!$G$11/Input!$G$10)^2+(C25/(Input!$G$10/2))^2)/((Input!$G$11/Input!$G$10)*(1+SQRT((Input!$G$11/Input!$G$10)^2+(C25/(Input!$G$10/2))^2+1))))+LN(((Input!$G$11/Input!$G$10)+SQRT((Input!$G$11/Input!$G$10)^2+1))*SQRT(1+(C25/(Input!$G$10/2))^2)/((Input!$G$11/Input!$G$10)+SQRT((Input!$G$11/Input!$G$10)^2+(C25/(Input!$G$10/2))^2+1))))/PI() | X25: =(C25/(Input!$G$10/2))/(2*PI())*ATAN((Input!$G$11/Input!$G$10)/((C25/(Input!$G$10/2))*SQRT((Input!$G$11/Input!$G$10)^2+(C25/(Input!$G$10/2))^2+1))) | Y25: =MAX(0,C25-MAX(B25,$G$8))/D25*IF(V25>=Input!$G$27*J25,1,0) | Z25: =4*Input!$G$9*(Input!$G$10/2)*(1-R25^2)/Q25*((W25-W24)+(1-2*R25)/(1-R25)*(X25-X24))*1000*Y25 | AA25: =IF(F25="Sand",0,0.009*(K25-10)) | AB25: =AA25*Input!$G$23 | AC25: =IF(F25="Sand",0,MAX(O25/Input!$G$24,J25)) | AD25: =IF(F25="Sand",0,1000*D25/(1+N25)*IF(J25+V25<=AC25,AB25*LOG10((J25+V25)/J25),AB25*LOG10(AC25/J25)+AA25*LOG10((J25+V25)/AC25)))*Y25 | AE25: =IF(F25="Sand",0,10^(INDEX(Korelasi!$C$5:$C$11,MIN(MATCH(MIN(MAX(K25,30),120),Korelasi!$A$5:$A$11,1),6))+(MIN(MAX(K25,30),120)-INDEX(Korelasi!$A$5:$A$11,MIN(MATCH(MIN(MAX(K25,30),120),Korelasi!$A$5:$A$11,1),6)))/(INDEX(Korelasi!$A$5:$A$11,MIN(MATCH(MIN(MAX(K25,30),120),Korelasi!$A$5:$A$11,1),6)+1)-INDEX(Korelasi!$A$5:$A$11,MIN(MATCH(MIN(MAX(K25,30),120),Korelasi!$A$5:$A$11,1),6)))*(INDEX(Korelasi!$C$5:$C$11,MIN(MATCH(MIN(MAX(K25,30),120),Korelasi!$A$5:$A$11,1),6)+1)-INDEX(Korelasi!$C$5:$C$11,MIN(MATCH(MIN(MAX(K25,30),120),Korelasi!$A$5:$A$11,1),6))))) | AF25: =IF(OR(F25="Sand",Y25=0),0,Input!$G$25*(D25/2)^2/(AE25*1E-4*31536000)) | AG25: =MAX(0,MIN(C25,Input!$G$15)-B25) | AH25: =MAX(0,MIN(C25,Input!$G$15)-MAX(B25,$G$8)) | AI25: =MAX(0,MIN(C25,$G$106)-B25)
