Workbook

Sheet Input
C2: PROJECT : | H2: GEOTHERMAL WELLPAD PSPE BORA PULU - SIGI, CENTRAL SULAWESI | X2: Prepared by : | AB2: Date
C3: CLIENT : | H3: PT EDC PANAS BUMI INDONESIA | X3: DF | AB3: 46301
C4: LOCATION : | H4: All boreholes (BH-01 to BH-05) | X4: Verified by : | AB4: Date
C5: SHEET : | H5: DESIGN INPUT & CORRELATIONS | X5: BC | AB5: 46301
C7: 1. DESIGN INPUT
C8: Input cells are shaded blue. All borehole sheets and the summary are calculated from this sheet.
C10: 1.1. Design load
C11: Height of embankment fill | O11: design brief | X11: Hf = | AA11: 2 | AD11: m
C12: Unit weight of compacted fill | O12: assumed | X12: γf = | AA12: 18 | AD12: kN/m³
C13: Uniform surcharge on platform | O13: design brief | X13: qs = | AA13: 100 | AD13: kPa
C14: Total pressure on subgrade | O14: q = Hf·γf + qs | X14: q = | AA14: =$AA$11*$AA$12+$AA$13 -> 136 | AD14: kPa
C15: Width of embankment area | O15: design brief | X15: B = | AA15: 74 | AD15: m
C16: Length of embankment area (L ≥ B) | O16: design brief | X16: L = | AA16: 202 | AD16: m
C18: 1.2. Design criteria
C19: Factor of safety for bearing capacity | O19: SNI 8460:2017 | X19: SF = | AA19: 3 | AD19: -
C20: Depth for averaging shear strength | X20: Hb = | AA20: 5 | AD20: m
C21: Influence depth limit: Δσz / σ'v0 ≥ | X21: ratio = | AA21: 0.2 | AD21: -
C22: Allowable total settlement (assumed) | X22: S all = | AA22: 100 | AD22: mm
C23: Embankment side slope, horizontal : 1 vertical | O23: 1V : nH | X23: n = | AA23: 2 | AD23: -
C24: Required FS against lateral squeeze | O24: FHWA-NHI-06-088 | X24: FS req = | AA24: 1.5 | AD24: -
C25: Upper limit of squeezing factor Nc* (0 = no limit) | O25: optional, conservative | X25: Nc*max = | AA25: 0 | AD25: -
C27: 1.3. Replacement material
C28: Unit weight of compacted granular fill | X28: γr = | AA28: 19 | AD28: kN/m³
C29: Friction angle of granular fill | X29: φ'r = | AA29: 25 | AD29: °
C32: 2. CORRELATIONS (used where no laboratory test is available)
C34: Undrained shear strength, cu = k·N | O34: Stroud (1974) | X34: k = | AA34: 5 | AD34: kPa
C35: Energy correction, N60 = CE·N | O35: liquefaction report | X35: CE = | AA35: 1.083 | AD35: -
C36: Sand modulus, Es = k·N60 | O36: Kulhawy & Mayne (1990) | X36: k = | AA36: 1000 | AD36: kPa
C37: Silt/clay undrained modulus, Eu = k·cu | O37: Bowles (1996) | X37: k = | AA37: 500 | AD37: -
C38: Poisson ratio of sand (drained) | O38: silt/clay undrained ν = 0.5 | X38: ν = | AA38: 0.3 | AD38: -
C39: Recompression ratio Cr / Cc | O39: Das (2019) | X39: Cr/Cc = | AA39: 0.2 | AD39: -
C40: Strength ratio su / σ'p | O40: Mesri (1975) | X40: ratio = | AA40: 0.22 | AD40: -
C41: Time factor for 90 % consolidation | O41: Terzaghi | X41: Tv = | AA41: 0.848 | AD41: -
C43: Compression index Cc = 0.009 (LL - 10) (Terzaghi & Peck, 1967).
C44: Sand friction angle φ' = 27.1 + 0.3 N60 - 0.00054 N60² (Wolff, 1989).
C45: Silt/clay friction angle sin φ' = 0.8 - 0.094 ln(PI) (Terzaghi, Peck & Mesri, 1996), limited to 20° - 30°.
C46: No oedometer test is available; Cc, Cr, σ'p and Cv are correlated values.
C48: 3. COEFFICIENT OF CONSOLIDATION vs LIQUID LIMIT (NAVFAC DM-7.1)
C49: LL | I49: Cv | Q49: log10 Cv
C50: % | I50: cm²/s | Q50: -
C51: 30 | I51: 0.003 | Q51: =LOG10(I51) -> -2.5228787
C52: 40 | I52: 0.0015 | Q52: =LOG10(I52) -> -2.8239087
C53: 50 | I53: 0.0007 | Q53: =LOG10(I53) -> -3.154902
C54: 60 | I54: 0.0004 | Q54: =LOG10(I54) -> -3.39794
C55: 80 | I55: 0.0002 | Q55: =LOG10(I55) -> -3.69897
C56: 100 | I56: 0.00012 | Q56: =LOG10(I56) -> -3.9208188
C57: 120 | I57: 8e-05 | Q57: =LOG10(I57) -> -4.09691
X73: Sheet : | AB73: 1

Sheet Summary
C2: PROJECT : | H2: GEOTHERMAL WELLPAD PSPE BORA PULU - SIGI, CENTRAL SULAWESI | X2: Prepared by : | AB2: Date
C3: CLIENT : | H3: PT EDC PANAS BUMI INDONESIA | X3: DF | AB3: 46301
C4: LOCATION : | H4: All boreholes (BH-01 to BH-05) | X4: Verified by : | AB4: Date
C5: SHEET : | H5: SUMMARY - BEARING CAPACITY AND SETTLEMENT | X5: BC | AB5: 46301
C7: SUMMARY OF BEARING CAPACITY AND SETTLEMENT OF SUBGRADE
C8: ="Load: "&TEXT(Input!$AA$11,"0.0")&" m embankment fill + "&TEXT(Input!$AA$13,"0")&" kPa uniform surcharge → q = "&TEXT(Input!$AA$14,"0")&" kPa; loaded area "&TEXT(Input!$AA$15,"0")&" m × "&TEXT(Input!$AA$16,"0")&" m" -> Load: 2.0 m embankment fill + 100 kPa uniform surcharge → q = 136 kPa; loaded area 74 m × 202 m
C10: Item | M10: Unit | P10: BH-01 | S10: BH-02 | V10: BH-03 | Y10: BH-04 | AB10: BH-05
P11: Wellpad D | S11: Wellpad A | V11: Log Yard | Y11: Wellpad D | AB11: Wellpad A
C12: Silt/clay thickness within 0 - Hb | M12: m | P12: ='BH-01'!$AA$173 -> 3 | S12: ='BH-02'!$AA$173 -> 0 | V12: ='BH-03'!$AA$173 -> 0 | Y12: ='BH-04'!$AA$173 -> 3 | AB12: ='BH-05'!$AA$173 -> 0
C13: Average cu (silt/clay) | M13: kPa | P13: ='BH-01'!$AA$174 -> 25 | S13: ='BH-02'!$AA$174 -> 0 | V13: ='BH-03'!$AA$174 -> 0 | Y13: ='BH-04'!$AA$174 -> 25 | AB13: ='BH-05'!$AA$174 -> 0
C14: Average φ' | M14: ° | P14: ='BH-01'!$AA$175 -> 31.097197 | S14: ='BH-02'!$AA$175 -> 41.521062 | V14: ='BH-03'!$AA$175 -> 31.115962 | Y14: ='BH-04'!$AA$175 -> 34.599761 | AB14: ='BH-05'!$AA$175 -> 41.127766
C15: qall - without improvement | M15: kPa | P15: ='BH-01'!$AA$185 -> 147.33575 | S15: ='BH-02'!$AA$185 -> 16903.564 | V15: ='BH-03'!$AA$185 -> 2792.7422 | Y15: ='BH-04'!$AA$185 -> 147.33575 | AB15: ='BH-05'!$AA$185 -> 15595.999
C16: FS - without improvement | M16: - | P16: ='BH-01'!$AA$187 -> 3.2500534 | S16: ='BH-02'!$AA$187 -> 372.87273 | V16: ='BH-03'!$AA$187 -> 61.604608 | Y16: ='BH-04'!$AA$187 -> 3.2500534 | AB16: ='BH-05'!$AA$187 -> 344.0294
C17: Check - without improvement | P17: ='BH-01'!$X$189 -> qall ≥ q …. OK!! | S17: ='BH-02'!$X$189 -> qall ≥ q …. OK!! | V17: ='BH-03'!$X$189 -> qall ≥ q …. OK!! | Y17: ='BH-04'!$X$189 -> qall ≥ q …. OK!! | AB17: ='BH-05'!$X$189 -> qall ≥ q …. OK!!
C18: Replacement depth Dr | M18: m | P18: ='BH-01'!$AA$23 -> 0.5 | S18: ='BH-02'!$AA$23 -> 0 | V18: ='BH-03'!$AA$23 -> 0 | Y18: ='BH-04'!$AA$23 -> 0.5 | AB18: ='BH-05'!$AA$23 -> 0
C19: qall - design condition | M19: kPa | P19: ='BH-01'!$AA$204 -> 169.39736 | S19: ='BH-02'!$AA$204 -> 16903.564 | V19: ='BH-03'!$AA$204 -> 2792.7422 | Y19: ='BH-04'!$AA$204 -> 169.39736 | AB19: ='BH-05'!$AA$204 -> 15595.999
C20: FS - design condition | M20: - | P20: ='BH-01'!$AA$206 -> 3.7367065 | S20: ='BH-02'!$AA$206 -> 372.87273 | V20: ='BH-03'!$AA$206 -> 61.604608 | Y20: ='BH-04'!$AA$206 -> 3.7367065 | AB20: ='BH-05'!$AA$206 -> 344.0294
C21: Check - design condition | P21: ='BH-01'!$X$208 -> qall ≥ q …. OK!! | S21: ='BH-02'!$X$208 -> qall ≥ q …. OK!! | V21: ='BH-03'!$X$208 -> qall ≥ q …. OK!! | Y21: ='BH-04'!$X$208 -> qall ≥ q …. OK!! | AB21: ='BH-05'!$X$208 -> qall ≥ q …. OK!!
C22: Nc* (thin soft layer) - design | M22: - | P22: ='BH-01'!$AA$196 -> 18.94 | S22: ='BH-02'!$AA$196 -> 5.14 | V22: ='BH-03'!$AA$196 -> 5.14 | Y22: ='BH-04'!$AA$196 -> 18.94 | AB22: ='BH-05'!$AA$196 -> 5.14
C23: FS lateral squeeze - design | M23: - | P23: ='BH-01'!$AA$259 -> 2.9832516 | S23: ='BH-02'!$AA$259 -> n/a | V23: ='BH-03'!$AA$259 -> n/a | Y23: ='BH-04'!$AA$259 -> 2.9832516 | AB23: ='BH-05'!$AA$259 -> n/a
C24: Check lateral squeeze - design | P24: ='BH-01'!$X$260 -> FS ≥ FS req …. OK!! | S24: ='BH-02'!$X$260 -> No soft layer - n/a | V24: ='BH-03'!$X$260 -> No soft layer - n/a | Y24: ='BH-04'!$X$260 -> FS ≥ FS req …. OK!! | AB24: ='BH-05'!$X$260 -> No soft layer - n/a
C25: Allowable fill height (design) | M25: m | P25: ='BH-01'!$AA$207 -> 3.8554089 | S25: ='BH-02'!$AA$207 -> 933.53131 | V25: ='BH-03'!$AA$207 -> 149.59679 | Y25: ='BH-04'!$AA$207 -> 3.8554089 | AB25: ='BH-05'!$AA$207 -> 860.88885
C26: qa for 25 mm (granular soil) | M26: kPa | P26: ='BH-01'!$AA$225 -> 267.987 | S26: ='BH-02'!$AA$225 -> 731.00898 | V26: ='BH-03'!$AA$225 -> 189.07972 | Y26: ='BH-04'!$AA$225 -> 729.52016 | AB26: ='BH-05'!$AA$225 -> 708.67673
C27: Immediate settlement Si | M27: mm | P27: ='BH-01'!$AA$345 -> 93.56296 | S27: ='BH-02'!$AA$345 -> 130.95981 | V27: ='BH-03'!$AA$345 -> 138.7165 | Y27: ='BH-04'!$AA$345 -> 61.540226 | AB27: ='BH-05'!$AA$345 -> 104.5857
C28: Consolidation settlement Sc | M28: mm | P28: ='BH-01'!$AA$484 -> 139.1874 | S28: ='BH-02'!$AA$484 -> 0 | V28: ='BH-03'!$AA$484 -> 67.075646 | Y28: ='BH-04'!$AA$484 -> 178.41664 | AB28: ='BH-05'!$AA$484 -> 6.6895547
C29: Time for 90 % consolidation | M29: year | P29: ='BH-01'!$AA$485 -> 0.1225617 | S29: ='BH-02'!$AA$485 -> 0 | V29: ='BH-03'!$AA$485 -> 0.078514286 | Y29: ='BH-04'!$AA$485 -> 0.1225617 | AB29: ='BH-05'!$AA$485 -> 0.050418569
C30: Total settlement S = Si + Sc | M30: mm | P30: ='BH-01'!$AA$522 -> 232.75036 | S30: ='BH-02'!$AA$522 -> 130.95981 | V30: ='BH-03'!$AA$522 -> 205.79215 | Y30: ='BH-04'!$AA$522 -> 239.95686 | AB30: ='BH-05'!$AA$522 -> 111.27525
C32: NOTES
C33: 1. Bearing capacity: undrained (cu·Nc) where silt/clay exists within 0 - Hb; drained (Vesic) for granular soil.
C34: For a wide loaded area the Nγ term gives a very large drained capacity, i.e. shear failure does not govern;
C35: settlement governs the design.
C36: 2. Granular soil: (a) drained bearing capacity with φ' from N-SPT; (b) allowable pressure for 25 mm settlement
C37: (Meyerhof/Bowles); (c) sand is assumed to undergo immediate (elastic) settlement only - no primary
C38: consolidation; (d) loose saturated sand: add post-liquefaction settlement for the seismic case.
X73: Sheet : | AB73: 1

Sheet BH-01
C2: PROJECT : | H2: GEOTHERMAL WELLPAD PSPE BORA PULU - SIGI, CENTRAL SULAWESI | X2: Prepared by : | AB2: Date
C3: CLIENT : | H3: PT EDC PANAS BUMI INDONESIA | X3: DF | AB3: 46301
C4: LOCATION : | H4: BH-01 (Wellpad D) | X4: Verified by : | AB4: Date
C5: SHEET : | H5: BEARING CAPACITY AND SETTLEMENT OF SUBGRADE | X5: BC | AB5: 46301
C7: 1. GENERAL
C8: This sheet evaluates the bearing capacity, lateral squeeze, immediate settlement and primary consolidation settlement
C9: of the subgrade below the wellpad embankment (2 m fill + 100 kPa uniform surcharge) at the borehole location.
C11: 1.1. Load and loaded area
C12: Height of embankment fill | X12: Hf = | AA12: =Input!$AA$11 -> 2 | AD12: m
C13: Uniform surcharge | X13: qs = | AA13: =Input!$AA$13 -> 100 | AD13: kPa
C14: Total pressure on subgrade | O14: q = Hf·γf + qs | X14: q = | AA14: =Input!$AA$14 -> 136 | AD14: kPa
C15: Loaded area (assumed) | O15: B × L | X15: B = | AA15: =Input!$AA$15 -> 74 | AD15: m
X16: L = | AA16: =Input!$AA$16 -> 202 | AD16: m
C17: Embankment side slope | O17: 1V : nH | X17: n = | AA17: =Input!$AA$23 -> 2 | AD17: -
C19: 1.2. Borehole data
C20: Design groundwater level (below ground) | X20: GWL = | AA20: 9 | AD20: m
C21: Unit weight above GWL | X21: γ = | AA21: 17.8 | AD21: kN/m³
C22: Unit weight below GWL | X22: γsat = | AA22: 19.2 | AD22: kN/m³
C23: Replacement depth (design condition) | O23: 0 = no improvement | X23: Dr = | AA23: 1.5 | AD23: m
C41: Figure 1. Typical cross-section of the wellpad embankment, design load and subsoil
X73: Sheet : | AB73: 1
C74: PROJECT : | H74: GEOTHERMAL WELLPAD PSPE BORA PULU - SIGI, CENTRAL SULAWESI | X74: Prepared by : | AB74: Date
C75: CLIENT : | H75: PT EDC PANAS BUMI INDONESIA | X75: DF | AB75: 46301
C76: LOCATION : | H76: BH-01 (Wellpad D) | X76: Verified by : | AB76: Date
C77: SHEET : | H77: BEARING CAPACITY AND SETTLEMENT OF SUBGRADE | X77: BC | AB77: 46301
C79: 2. SOIL PARAMETERS
C80: Table 1. Soil parameters of BH-01 (sub-layers = SPT intervals) | AI80: Helper calculation per sub-layer (not printed)
C81: No | E81: Top | H81: Bottom | K81: Soil | N81: N-SPT | Q81: γ | T81: LL | V81: PI | X81: e0 | Z81: cu | AC81: φ' | AI81: top | AJ81: bot | AK81: h | AL81: z | AM81: typ | AN81: N | AO81: g | AP81: sv | AQ81: s0 | AR81: LL | AS81: PL | AT81: PI | AU81: e0 | AV81: cu | AW81: phi | AX81: E | AY81: nu | AZ81: m | BA81: n | BB81: I | BC81: ds | BD81: F1 | BE81: F2 | BF81: keep | BG81: Si | BH81: Cc | BI81: Cr | BJ81: sp | BK81: Sc | BL81: Cv | BM81: t90 | BN81: hb0 | BO81: hbr | BP81: St | BQ81: ket
E82: m | H82: m | Q82: kN/m³ | T82: % | V82: % | X82: - | Z82: kPa | AC82: °
C83: 1 | E83: =AI83 -> 0 | H83: =AJ83 -> 1.5 | K83: =AM83 -> Clay | N83: =AN83 -> 5 | Q83: =AO83 -> 17.8 | T83: =IF(AR83="","-",AR83) -> 29.665 | V83: =IF(AT83="","-",AT83) -> 9.859 | X83: =AU83 -> 0.681 | Z83: =AV83 -> 25 | AC83: =AW83 -> 30 | AI83: 0 | AJ83: 1.5 | AK83: =AJ83-AI83 -> 1.5 | AL83: =(AI83+AJ83)/2 -> 0.75 | AM83: Clay | AN83: 5 | AO83: =IF(AL83>$AA$20,$AA$22,$AA$21) -> 17.8 | AP83: =AO83*AK83 -> 26.7 | AQ83: =AP83-AO83*AK83/2-10*MAX(AL83-$AA$20,0) -> 13.35 | AR83: 29.665 | AS83: 19.806 | AT83: =IF(AR83="","",AR83-AS83) -> 9.859 | AU83: 0.681 | AV83: =IF(AM83="Sand",0,Input!$AA$34*AN83) -> 25 | AW83: =IF(AM83="Sand",27.1+0.3*MIN(Input!$AA$35*AN83,60)-0.00054*MIN(Input!$AA$35*AN83,60)^2,MIN(MAX(DEGREES(ASIN(0.8-0.094*LN(MAX(IF(AT83="",10,AT83),5)))),20),30)) -> 30 | AX83: =IF(AM83="Sand",Input!$AA$36*Input!$AA$35*AN83,Input!$AA$37*AV83) -> 12500 | AY83: =IF(AM83="Sand",Input!$AA$38,0.5) -> 0.5 | AZ83: =Input!$AA$15/2/AL83 -> 49.333333 | BA83: =Input!$AA$16/2/AL83 -> 134.66667 | BB83: =1/(4*PI())*(2*AZ83*BA83*SQRT(AZ83^2+BA83^2+1)/(AZ83^2+BA83^2+1+AZ83^2*BA83^2)*(AZ83^2+BA83^2+2)/(AZ83^2+BA83^2+1)+ATAN2(AZ83^2+BA83^2+1-AZ83^2*BA83^2,2*AZ83*BA83*SQRT(AZ83^2+BA83^2+1))) -> 0.2499991 | BC83: =4*Input!$AA$14*BB83 -> 135.99951 | BD83: =((Input!$AA$16/Input!$AA$15)*LN((1+SQRT((Input!$AA$16/Input!$AA$15)^2+1))*SQRT((Input!$AA$16/Input!$AA$15)^2+(AJ83/(Input!$AA$15/2))^2)/((Input!$AA$16/Input!$AA$15)*(1+SQRT((Input!$AA$16/Input!$AA$15)^2+(AJ83/(Input!$AA$15/2))^2+1))))+LN(((Input!$AA$16/Input!$AA$15)+SQRT((Input!$AA$16/Input!$AA$15)^2+1))*SQRT(1+(AJ83/(Input!$AA$15/2))^2)/((Input!$AA$16/Input!$AA$15)+SQRT((Input!$AA$16/Input!$AA$15)^2+(AJ83/(Input!$AA$15/2))^2+1))))/PI() -> 0.00027835774 | BE83: =(AJ83/(Input!$AA$15/2))/(2*PI())*ATAN((Input!$AA$16/Input!$AA$15)/((AJ83/(Input!$AA$15/2))*SQRT((Input!$AA$16/Input!$AA$15)^2+(AJ83/(Input!$AA$15/2))^2+1))) -> 0.0098567045 | BF83: =MAX(0,AJ83-MAX(AI83,$AA$23))/AK83*IF(BC83>=Input!$AA$21*AQ83,1,0) -> 0.66666667 | BG83: =4*Input!$AA$14*(Input!$AA$15/2)*(1-AY83^2)/AX83*((BD83-0)+(1-2*AY83)/(1-AY83)*(BE83-0))*1000*BF83 -> 0.22411138 | BH83: =IF(AM83="Sand",0,0.009*(AR83-10)) -> 0.176985 | BI83: =BH83*Input!$AA$39 -> 0.035397 | BJ83: =IF(AM83="Sand",0,MAX(AV83/Input!$AA$40,AQ83)) -> 113.63636 | BK83: =IF(AM83="Sand",0,1000*AK83/(1+AU83)*IF(AQ83+BC83<=BJ83,BI83*LOG10((AQ83+BC83)/AQ83),BI83*LOG10(BJ83/AQ83)+BH83*LOG10((AQ83+BC83)/BJ83)))*BF83 -> 32.079841 | BL83: =IF(AM83="Sand",0,10^(INDEX(Input!$Q$51:$Q$57,MIN(MATCH(MIN(MAX(AR83,30),120),Input!$C$51:$C$57,1),6))+(MIN(MAX(AR83,30),120)-INDEX(Input!$C$51:$C$57,MIN(MATCH(MIN(MAX(AR83,30),120),Input!$C$51:$C$57,1),6)))/(INDEX(Input!$C$51:$C$57,MIN(MATCH(MIN(MAX(AR83,30),120),Input!$C$51:$C$57,1),6)+1)-INDEX(Input!$C$51:$C$57,MIN(MATCH(MIN(MAX(AR83,30),120),Input!$C$51:$C$57,1),6)))*(INDEX(Input!$Q$51:$Q$57,MIN(MATCH(MIN(MAX(AR83,30),120),Input!$C$51:$C$57,1),6)+1)-INDEX(Input!$Q$51:$Q$57,MIN(MATCH(MIN(MAX(AR83,30),120),Input!$C$51:$C$57,1),6))))) -> 0.003 | BM83: =IF(OR(AM83="Sand",BF83=0),0,Input!$AA$41*(AK83/2)^2/(BL83*0.0001*31536000)) -> 0.050418569 | BN83: =MAX(0,MIN(AJ83,Input!$AA$20)-AI83) -> 1.5 | BO83: =MAX(0,MIN(AJ83,Input!$AA$20)-MAX(AI83,$AA$23)) -> 1 | BP83: =BG83+BK83 -> 32.303952 | BQ83: 0-1.5 m not tested: N of next layer; LL/PL/e0 = borehole average
C84: 2 | E84: =AI84 -> 1.5 | H84: =AJ84 -> 3 | K84: =AM84 -> Clay | N84: =AN84 -> 5 | Q84: =AO84 -> 17.8 | T84: =IF(AR84="","-",AR84) -> 29.665 | V84: =IF(AT84="","-",AT84) -> 9.859 | X84: =AU84 -> 0.952 | Z84: =AV84 -> 25 | AC84: =AW84 -> 30 | AI84: 1.5 | AJ84: 3 | AK84: =AJ84-AI84 -> 1.5 | AL84: =(AI84+AJ84)/2 -> 2.25 | AM84: Clay | AN84: 5 | AO84: =IF(AL84>$AA$20,$AA$22,$AA$21) -> 17.8 | AP84: =AP83+AO84*AK84 -> 53.4 | AQ84: =AP84-AO84*AK84/2-10*MAX(AL84-$AA$20,0) -> 40.05 | AR84: 29.665 | AS84: 19.806 | AT84: =IF(AR84="","",AR84-AS84) -> 9.859 | AU84: 0.952 | AV84: =IF(AM84="Sand",0,Input!$AA$34*AN84) -> 25 | AW84: =IF(AM84="Sand",27.1+0.3*MIN(Input!$AA$35*AN84,60)-0.00054*MIN(Input!$AA$35*AN84,60)^2,MIN(MAX(DEGREES(ASIN(0.8-0.094*LN(MAX(IF(AT84="",10,AT84),5)))),20),30)) -> 30 | AX84: =IF(AM84="Sand",Input!$AA$36*Input!$AA$35*AN84,Input!$AA$37*AV84) -> 12500 | AY84: =IF(AM84="Sand",Input!$AA$38,0.5) -> 0.5 | AZ84: =Input!$AA$15/2/AL84 -> 16.444444 | BA84: =Input!$AA$16/2/AL84 -> 44.888889 | BB84: =1/(4*PI())*(2*AZ84*BA84*SQRT(AZ84^2+BA84^2+1)/(AZ84^2+BA84^2+1+AZ84^2*BA84^2)*(AZ84^2+BA84^2+2)/(AZ84^2+BA84^2+1)+ATAN2(AZ84^2+BA84^2+1-AZ84^2*BA84^2,2*AZ84*BA84*SQRT(AZ84^2+BA84^2+1))) -> 0.24997579 | BC84: =4*Input!$AA$14*BB84 -> 135.98683 | BD84: =((Input!$AA$16/Input!$AA$15)*LN((1+SQRT((Input!$AA$16/Input!$AA$15)^2+1))*SQRT((Input!$AA$16/Input!$AA$15)^2+(AJ84/(Input!$AA$15/2))^2)/((Input!$AA$16/Input!$AA$15)*(1+SQRT((Input!$AA$16/Input!$AA$15)^2+(AJ84/(Input!$AA$15/2))^2+1))))+LN(((Input!$AA$16/Input!$AA$15)+SQRT((Input!$AA$16/Input!$AA$15)^2+1))*SQRT(1+(AJ84/(Input!$AA$15/2))^2)/((Input!$AA$16/Input!$AA$15)+SQRT((Input!$AA$16/Input!$AA$15)^2+(AJ84/(Input!$AA$15/2))^2+1))))/PI() -> 0.0011108169 | BE84: =(AJ84/(Input!$AA$15/2))/(2*PI())*ATAN((Input!$AA$16/Input!$AA$15)/((AJ84/(Input!$AA$15/2))*SQRT((Input!$AA$16/Input!$AA$15)^2+(AJ84/(Input!$AA$15/2))^2+1))) -> 0.019158291 | BF84: =MAX(0,AJ84-MAX(AI84,$AA$23))/AK84*IF(BC84>=Input!$AA$21*AQ84,1,0) -> 1 | BG84: =4*Input!$AA$14*(Input!$AA$15/2)*(1-AY84^2)/AX84*((BD84-BD83)+(1-2*AY84)/(1-AY84)*(BE84-BE83))*1000*BF84 -> 1.0053442 | BH84: =IF(AM84="Sand",0,0.009*(AR84-10)) -> 0.176985 | BI84: =BH84*Input!$AA$39 -> 0.035397 | BJ84: =IF(AM84="Sand",0,MAX(AV84/Input!$AA$40,AQ84)) -> 113.63636 | BK84: =IF(AM84="Sand",0,1000*AK84/(1+AU84)*IF(AQ84+BC84<=BJ84,BI84*LOG10((AQ84+BC84)/AQ84),BI84*LOG10(BJ84/AQ84)+BH84*LOG10((AQ84+BC84)/BJ84)))*BF84 -> 38.171799 | BL84: =IF(AM84="Sand",0,10^(INDEX(Input!$Q$51:$Q$57,MIN(MATCH(MIN(MAX(AR84,30),120),Input!$C$51:$C$57,1),6))+(MIN(MAX(AR84,30),120)-INDEX(Input!$C$51:$C$57,MIN(MATCH(MIN(MAX(AR84,30),120),Input!$C$51:$C$57,1),6)))/(INDEX(Input!$C$51:$C$57,MIN(MATCH(MIN(MAX(AR84,30),120),Input!$C$51:$C$57,1),6)+1)-INDEX(Input!$C$51:$C$57,MIN(MATCH(MIN(MAX(AR84,30),120),Input!$C$51:$C$57,1),6)))*(INDEX(Input!$Q$51:$Q$57,MIN(MATCH(MIN(MAX(AR84,30),120),Input!$C$51:$C$57,1),6)+1)-INDEX(Input!$Q$51:$Q$57,MIN(MATCH(MIN(MAX(AR84,30),120),Input!$C$51:$C$57,1),6))))) -> 0.003 | BM84: =IF(OR(AM84="Sand",BF84=0),0,Input!$AA$41*(AK84/2)^2/(BL84*0.0001*31536000)) -> 0.050418569 | BN84: =MAX(0,MIN(AJ84,Input!$AA$20)-AI84) -> 1.5 | BO84: =MAX(0,MIN(AJ84,Input!$AA$20)-MAX(AI84,$AA$23)) -> 1.5 | BP84: =BG84+BK84 -> 39.177143 | BQ84: LL/PL/e0 = borehole average
C85: 3 | E85: =AI85 -> 3 | H85: =AJ85 -> 5.5 | K85: =AM85 -> Sand | N85: =AN85 -> 18 | Q85: =AO85 -> 17.8 | T85: =IF(AR85="","-",AR85) -> - | V85: =IF(AT85="","-",AT85) -> - | X85: =AU85 -> 0.759 | Z85: =AV85 -> 0 | AC85: =AW85 -> 32.742991 | AI85: 3 | AJ85: 5.5 | AK85: =AJ85-AI85 -> 2.5 | AL85: =(AI85+AJ85)/2 -> 4.25 | AM85: Sand | AN85: 18 | AO85: =IF(AL85>$AA$20,$AA$22,$AA$21) -> 17.8 | AP85: =AP84+AO85*AK85 -> 97.9 | AQ85: =AP85-AO85*AK85/2-10*MAX(AL85-$AA$20,0) -> 75.65 | AT85: =IF(AR85="","",AR85-AS85) | AU85: 0.759 | AV85: =IF(AM85="Sand",0,Input!$AA$34*AN85) -> 0 | AW85: =IF(AM85="Sand",27.1+0.3*MIN(Input!$AA$35*AN85,60)-0.00054*MIN(Input!$AA$35*AN85,60)^2,MIN(MAX(DEGREES(ASIN(0.8-0.094*LN(MAX(IF(AT85="",10,AT85),5)))),20),30)) -> 32.742991 | AX85: =IF(AM85="Sand",Input!$AA$36*Input!$AA$35*AN85,Input!$AA$37*AV85) -> 19494 | AY85: =IF(AM85="Sand",Input!$AA$38,0.5) -> 0.3 | AZ85: =Input!$AA$15/2/AL85 -> 8.7058824 | BA85: =Input!$AA$16/2/AL85 -> 23.764706 | BB85: =1/(4*PI())*(2*AZ85*BA85*SQRT(AZ85^2+BA85^2+1)/(AZ85^2+BA85^2+1+AZ85^2*BA85^2)*(AZ85^2+BA85^2+2)/(AZ85^2+BA85^2+1)+ATAN2(AZ85^2+BA85^2+1-AZ85^2*BA85^2,2*AZ85*BA85*SQRT(AZ85^2+BA85^2+1))) -> 0.24983868 | BC85: =4*Input!$AA$14*BB85 -> 135.91224 | BD85: =((Input!$AA$16/Input!$AA$15)*LN((1+SQRT((Input!$AA$16/Input!$AA$15)^2+1))*SQRT((Input!$AA$16/Input!$AA$15)^2+(AJ85/(Input!$AA$15/2))^2)/((Input!$AA$16/Input!$AA$15)*(1+SQRT((Input!$AA$16/Input!$AA$15)^2+(AJ85/(Input!$AA$15/2))^2+1))))+LN(((Input!$AA$16/Input!$AA$15)+SQRT((Input!$AA$16/Input!$AA$15)^2+1))*SQRT(1+(AJ85/(Input!$AA$15/2))^2)/((Input!$AA$16/Input!$AA$15)+SQRT((Input!$AA$16/Input!$AA$15)^2+(AJ85/(Input!$AA$15/2))^2+1))))/PI() -> 0.0037062835 | BE85: =(AJ85/(Input!$AA$15/2))/(2*PI())*ATAN((Input!$AA$16/Input!$AA$15)/((AJ85/(Input!$AA$15/2))*SQRT((Input!$AA$16/Input!$AA$15)^2+(AJ85/(Input!$AA$15/2))^2+1))) -> 0.033442908 | BF85: =MAX(0,AJ85-MAX(AI85,$AA$23))/AK85*IF(BC85>=Input!$AA$21*AQ85,1,0) -> 1 | BG85: =4*Input!$AA$14*(Input!$AA$15/2)*(1-AY85^2)/AX85*((BD85-BD84)+(1-2*AY85)/(1-AY85)*(BE85-BE84))*1000*BF85 -> 10.10827 | BH85: =IF(AM85="Sand",0,0.009*(AR85-10)) -> 0 | BI85: =BH85*Input!$AA$39 -> 0 | BJ85: =IF(AM85="Sand",0,MAX(AV85/Input!$AA$40,AQ85)) -> 0 | BK85: =IF(AM85="Sand",0,1000*AK85/(1+AU85)*IF(AQ85+BC85<=BJ85,BI85*LOG10((AQ85+BC85)/AQ85),BI85*LOG10(BJ85/AQ85)+BH85*LOG10((AQ85+BC85)/BJ85)))*BF85 -> 0 | BL85: =IF(AM85="Sand",0,10^(INDEX(Input!$Q$51:$Q$57,MIN(MATCH(MIN(MAX(AR85,30),120),Input!$C$51:$C$57,1),6))+(MIN(MAX(AR85,30),120)-INDEX(Input!$C$51:$C$57,MIN(MATCH(MIN(MAX(AR85,30),120),Input!$C$51:$C$57,1),6)))/(INDEX(Input!$C$51:$C$57,MIN(MATCH(MIN(MAX(AR85,30),120),Input!$C$51:$C$57,1),6)+1)-INDEX(Input!$C$51:$C$57,MIN(MATCH(MIN(MAX(AR85,30),120),Input!$C$51:$C$57,1),6)))*(INDEX(Input!$Q$51:$Q$57,MIN(MATCH(MIN(MAX(AR85,30),120),Input!$C$51:$C$57,1),6)+1)-INDEX(Input!$Q$51:$Q$57,MIN(MATCH(MIN(MAX(AR85,30),120),Input!$C$51:$C$57,1),6))))) -> 0 | BM85: =IF(OR(AM85="Sand",BF85=0),0,Input!$AA$41*(AK85/2)^2/(BL85*0.0001*31536000)) -> 0 | BN85: =MAX(0,MIN(AJ85,Input!$AA$20)-AI85) -> 2 | BO85: =MAX(0,MIN(AJ85,Input!$AA$20)-MAX(AI85,$AA$23)) -> 2 | BP85: =BG85+BK85 -> 10.10827
C86: 4 | E86: =AI86 -> 5.5 | H86: =AJ86 -> 6 | K86: =AM86 -> Silt | N86: =AN86 -> 28 | Q86: =AO86 -> 17.8 | T86: =IF(AR86="","-",AR86) -> 29.665 | V86: =IF(AT86="","-",AT86) -> 9.859 | X86: =AU86 -> 0.681 | Z86: =AV86 -> 140 | AC86: =AW86 -> 30 | AI86: 5.5 | AJ86: 6 | AK86: =AJ86-AI86 -> 0.5 | AL86: =(AI86+AJ86)/2 -> 5.75 | AM86: Silt | AN86: 28 | AO86: =IF(AL86>$AA$20,$AA$22,$AA$21) -> 17.8 | AP86: =AP85+AO86*AK86 -> 106.8 | AQ86: =AP86-AO86*AK86/2-10*MAX(AL86-$AA$20,0) -> 102.35 | AR86: 29.665 | AS86: 19.806 | AT86: =IF(AR86="","",AR86-AS86) -> 9.859 | AU86: 0.681 | AV86: =IF(AM86="Sand",0,Input!$AA$34*AN86) -> 140 | AW86: =IF(AM86="Sand",27.1+0.3*MIN(Input!$AA$35*AN86,60)-0.00054*MIN(Input!$AA$35*AN86,60)^2,MIN(MAX(DEGREES(ASIN(0.8-0.094*LN(MAX(IF(AT86="",10,AT86),5)))),20),30)) -> 30 | AX86: =IF(AM86="Sand",Input!$AA$36*Input!$AA$35*AN86,Input!$AA$37*AV86) -> 70000 | AY86: =IF(AM86="Sand",Input!$AA$38,0.5) -> 0.5 | AZ86: =Input!$AA$15/2/AL86 -> 6.4347826 | BA86: =Input!$AA$16/2/AL86 -> 17.565217 | BB86: =1/(4*PI())*(2*AZ86*BA86*SQRT(AZ86^2+BA86^2+1)/(AZ86^2+BA86^2+1+AZ86^2*BA86^2)*(AZ86^2+BA86^2+2)/(AZ86^2+BA86^2+1)+ATAN2(AZ86^2+BA86^2+1-AZ86^2*BA86^2,2*AZ86*BA86*SQRT(AZ86^2+BA86^2+1))) -> 0.24960554 | BC86: =4*Input!$AA$14*BB86 -> 135.78541 | BD86: =((Input!$AA$16/Input!$AA$15)*LN((1+SQRT((Input!$AA$16/Input!$AA$15)^2+1))*SQRT((Input!$AA$16/Input!$AA$15)^2+(AJ86/(Input!$AA$15/2))^2)/((Input!$AA$16/Input!$AA$15)*(1+SQRT((Input!$AA$16/Input!$AA$15)^2+(AJ86/(Input!$AA$15/2))^2+1))))+LN(((Input!$AA$16/Input!$AA$15)+SQRT((Input!$AA$16/Input!$AA$15)^2+1))*SQRT(1+(AJ86/(Input!$AA$15/2))^2)/((Input!$AA$16/Input!$AA$15)+SQRT((Input!$AA$16/Input!$AA$15)^2+(AJ86/(Input!$AA$15/2))^2+1))))/PI() -> 0.0044021053 | BE86: =(AJ86/(Input!$AA$15/2))/(2*PI())*ATAN((Input!$AA$16/Input!$AA$15)/((AJ86/(Input!$AA$15/2))*SQRT((Input!$AA$16/Input!$AA$15)^2+(AJ86/(Input!$AA$15/2))^2+1))) -> 0.036120125 | BF86: =MAX(0,AJ86-MAX(AI86,$AA$23))/AK86*IF(BC86>=Input!$AA$21*AQ86,1,0) -> 1 | BG86: =4*Input!$AA$14*(Input!$AA$15/2)*(1-AY86^2)/AX86*((BD86-BD85)+(1-2*AY86)/(1-AY86)*(BE86-BE85))*1000*BF86 -> 0.15005894 | BH86: =IF(AM86="Sand",0,0.009*(AR86-10)) -> 0.176985 | BI86: =BH86*Input!$AA$39 -> 0.035397 | BJ86: =IF(AM86="Sand",0,MAX(AV86/Input!$AA$40,AQ86)) -> 636.36364 | BK86: =IF(AM86="Sand",0,1000*AK86/(1+AU86)*IF(AQ86+BC86<=BJ86,BI86*LOG10((AQ86+BC86)/AQ86),BI86*LOG10(BJ86/AQ86)+BH86*LOG10((AQ86+BC86)/BJ86)))*BF86 -> 3.8612014 | BL86: =IF(AM86="Sand",0,10^(INDEX(Input!$Q$51:$Q$57,MIN(MATCH(MIN(MAX(AR86,30),120),Input!$C$51:$C$57,1),6))+(MIN(MAX(AR86,30),120)-INDEX(Input!$C$51:$C$57,MIN(MATCH(MIN(MAX(AR86,30),120),Input!$C$51:$C$57,1),6)))/(INDEX(Input!$C$51:$C$57,MIN(MATCH(MIN(MAX(AR86,30),120),Input!$C$51:$C$57,1),6)+1)-INDEX(Input!$C$51:$C$57,MIN(MATCH(MIN(MAX(AR86,30),120),Input!$C$51:$C$57,1),6)))*(INDEX(Input!$Q$51:$Q$57,MIN(MATCH(MIN(MAX(AR86,30),120),Input!$C$51:$C$57,1),6)+1)-INDEX(Input!$Q$51:$Q$57,MIN(MATCH(MIN(MAX(AR86,30),120),Input!$C$51:$C$57,1),6))))) -> 0.003 | BM86: =IF(OR(AM86="Sand",BF86=0),0,Input!$AA$41*(AK86/2)^2/(BL86*0.0001*31536000)) -> 0.0056020633 | BN86: =MAX(0,MIN(AJ86,Input!$AA$20)-AI86) -> 0 | BO86: =MAX(0,MIN(AJ86,Input!$AA$20)-MAX(AI86,$AA$23)) -> 0 | BP86: =BG86+BK86 -> 4.0112603 | BQ86: LL/PL/e0 = borehole average
C87: 5 | E87: =AI87 -> 6 | H87: =AJ87 -> 7.5 | K87: =AM87 -> Silt | N87: =AN87 -> 30 | Q87: =AO87 -> 17.8 | T87: =IF(AR87="","-",AR87) -> 29.665 | V87: =IF(AT87="","-",AT87) -> 9.859 | X87: =AU87 -> 0.681 | Z87: =AV87 -> 150 | AC87: =AW87 -> 30 | AI87: 6 | AJ87: 7.5 | AK87: =AJ87-AI87 -> 1.5 | AL87: =(AI87+AJ87)/2 -> 6.75 | AM87: Silt | AN87: 30 | AO87: =IF(AL87>$AA$20,$AA$22,$AA$21) -> 17.8 | AP87: =AP86+AO87*AK87 -> 133.5 | AQ87: =AP87-AO87*AK87/2-10*MAX(AL87-$AA$20,0) -> 120.15 | AR87: 29.665 | AS87: 19.806 | AT87: =IF(AR87="","",AR87-AS87) -> 9.859 | AU87: 0.681 | AV87: =IF(AM87="Sand",0,Input!$AA$34*AN87) -> 150 | AW87: =IF(AM87="Sand",27.1+0.3*MIN(Input!$AA$35*AN87,60)-0.00054*MIN(Input!$AA$35*AN87,60)^2,MIN(MAX(DEGREES(ASIN(0.8-0.094*LN(MAX(IF(AT87="",10,AT87),5)))),20),30)) -> 30 | AX87: =IF(AM87="Sand",Input!$AA$36*Input!$AA$35*AN87,Input!$AA$37*AV87) -> 75000 | AY87: =IF(AM87="Sand",Input!$AA$38,0.5) -> 0.5 | AZ87: =Input!$AA$15/2/AL87 -> 5.4814815 | BA87: =Input!$AA$16/2/AL87 -> 14.962963 | BB87: =1/(4*PI())*(2*AZ87*BA87*SQRT(AZ87^2+BA87^2+1)/(AZ87^2+BA87^2+1+AZ87^2*BA87^2)*(AZ87^2+BA87^2+2)/(AZ87^2+BA87^2+1)+ATAN2(AZ87^2+BA87^2+1-AZ87^2*BA87^2,2*AZ87*BA87*SQRT(AZ87^2+BA87^2+1))) -> 0.24936854 | BC87: =4*Input!$AA$14*BB87 -> 135.65648 | BD87: =((Input!$AA$16/Input!$AA$15)*LN((1+SQRT((Input!$AA$16/Input!$AA$15)^2+1))*SQRT((Input!$AA$16/Input!$AA$15)^2+(AJ87/(Input!$AA$15/2))^2)/((Input!$AA$16/Input!$AA$15)*(1+SQRT((Input!$AA$16/Input!$AA$15)^2+(AJ87/(Input!$AA$15/2))^2+1))))+LN(((Input!$AA$16/Input!$AA$15)+SQRT((Input!$AA$16/Input!$AA$15)^2+1))*SQRT(1+(AJ87/(Input!$AA$15/2))^2)/((Input!$AA$16/Input!$AA$15)+SQRT((Input!$AA$16/Input!$AA$15)^2+(AJ87/(Input!$AA$15/2))^2+1))))/PI() -> 0.0068311102 | BE87: =(AJ87/(Input!$AA$15/2))/(2*PI())*ATAN((Input!$AA$16/Input!$AA$15)/((AJ87/(Input!$AA$15/2))*SQRT((Input!$AA$16/Input!$AA$15)^2+(AJ87/(Input!$AA$15/2))^2+1))) -> 0.043800367 | BF87: =MAX(0,AJ87-MAX(AI87,$AA$23))/AK87*IF(BC87>=Input!$AA$21*AQ87,1,0) -> 1 | BG87: =4*Input!$AA$14*(Input!$AA$15/2)*(1-AY87^2)/AX87*((BD87-BD86)+(1-2*AY87)/(1-AY87)*(BE87-BE86))*1000*BF87 -> 0.48891009 | BH87: =IF(AM87="Sand",0,0.009*(AR87-10)) -> 0.176985 | BI87: =BH87*Input!$AA$39 -> 0.035397 | BJ87: =IF(AM87="Sand",0,MAX(AV87/Input!$AA$40,AQ87)) -> 681.81818 | BK87: =IF(AM87="Sand",0,1000*AK87/(1+AU87)*IF(AQ87+BC87<=BJ87,BI87*LOG10((AQ87+BC87)/AQ87),BI87*LOG10(BJ87/AQ87)+BH87*LOG10((AQ87+BC87)/BJ87)))*BF87 -> 10.366028 | BL87: =IF(AM87="Sand",0,10^(INDEX(Input!$Q$51:$Q$57,MIN(MATCH(MIN(MAX(AR87,30),120),Input!$C$51:$C$57,1),6))+(MIN(MAX(AR87,30),120)-INDEX(Input!$C$51:$C$57,MIN(MATCH(MIN(MAX(AR87,30),120),Input!$C$51:$C$57,1),6)))/(INDEX(Input!$C$51:$C$57,MIN(MATCH(MIN(MAX(AR87,30),120),Input!$C$51:$C$57,1),6)+1)-INDEX(Input!$C$51:$C$57,MIN(MATCH(MIN(MAX(AR87,30),120),Input!$C$51:$C$57,1),6)))*(INDEX(Input!$Q$51:$Q$57,MIN(MATCH(MIN(MAX(AR87,30),120),Input!$C$51:$C$57,1),6)+1)-INDEX(Input!$Q$51:$Q$57,MIN(MATCH(MIN(MAX(AR87,30),120),Input!$C$51:$C$57,1),6))))) -> 0.003 | BM87: =IF(OR(AM87="Sand",BF87=0),0,Input!$AA$41*(AK87/2)^2/(BL87*0.0001*31536000)) -> 0.050418569 | BN87: =MAX(0,MIN(AJ87,Input!$AA$20)-AI87) -> 0 | BO87: =MAX(0,MIN(AJ87,Input!$AA$20)-MAX(AI87,$AA$23)) -> 0 | BP87: =BG87+BK87 -> 10.854939 | BQ87: LL/PL/e0 = borehole average
C88: 6 | E88: =AI88 -> 7.5 | H88: =AJ88 -> 9 | K88: =AM88 -> Sand | N88: =AN88 -> 35 | Q88: =AO88 -> 17.8 | T88: =IF(AR88="","-",AR88) -> - | V88: =IF(AT88="","-",AT88) -> - | X88: =AU88 -> 0.65 | Z88: =AV88 -> 0 | AC88: =AW88 -> 37.695634 | AI88: 7.5 | AJ88: 9 | AK88: =AJ88-AI88 -> 1.5 | AL88: =(AI88+AJ88)/2 -> 8.25 | AM88: Sand | AN88: 35 | AO88: =IF(AL88>$AA$20,$AA$22,$AA$21) -> 17.8 | AP88: =AP87+AO88*AK88 -> 160.2 | AQ88: =AP88-AO88*AK88/2-10*MAX(AL88-$AA$20,0) -> 146.85 | AT88: =IF(AR88="","",AR88-AS88) | AU88: 0.65 | AV88: =IF(AM88="Sand",0,Input!$AA$34*AN88) -> 0 | AW88: =IF(AM88="Sand",27.1+0.3*MIN(Input!$AA$35*AN88,60)-0.00054*MIN(Input!$AA$35*AN88,60)^2,MIN(MAX(DEGREES(ASIN(0.8-0.094*LN(MAX(IF(AT88="",10,AT88),5)))),20),30)) -> 37.695634 | AX88: =IF(AM88="Sand",Input!$AA$36*Input!$AA$35*AN88,Input!$AA$37*AV88) -> 37905 | AY88: =IF(AM88="Sand",Input!$AA$38,0.5) -> 0.3 | AZ88: =Input!$AA$15/2/AL88 -> 4.4848485 | BA88: =Input!$AA$16/2/AL88 -> 12.242424 | BB88: =1/(4*PI())*(2*AZ88*BA88*SQRT(AZ88^2+BA88^2+1)/(AZ88^2+BA88^2+1+AZ88^2*BA88^2)*(AZ88^2+BA88^2+2)/(AZ88^2+BA88^2+1)+ATAN2(AZ88^2+BA88^2+1-AZ88^2*BA88^2,2*AZ88*BA88*SQRT(AZ88^2+BA88^2+1))) -> 0.24886842 | BC88: =4*Input!$AA$14*BB88 -> 135.38442 | BD88: =((Input!$AA$16/Input!$AA$15)*LN((1+SQRT((Input!$AA$16/Input!$AA$15)^2+1))*SQRT((Input!$AA$16/Input!$AA$15)^2+(AJ88/(Input!$AA$15/2))^2)/((Input!$AA$16/Input!$AA$15)*(1+SQRT((Input!$AA$16/Input!$AA$15)^2+(AJ88/(Input!$AA$15/2))^2+1))))+LN(((Input!$AA$16/Input!$AA$15)+SQRT((Input!$AA$16/Input!$AA$15)^2+1))*SQRT(1+(AJ88/(Input!$AA$15/2))^2)/((Input!$AA$16/Input!$AA$15)+SQRT((Input!$AA$16/Input!$AA$15)^2+(AJ88/(Input!$AA$15/2))^2+1))))/PI() -> 0.0097554689 | BE88: =(AJ88/(Input!$AA$15/2))/(2*PI())*ATAN((Input!$AA$16/Input!$AA$15)/((AJ88/(Input!$AA$15/2))*SQRT((Input!$AA$16/Input!$AA$15)^2+(AJ88/(Input!$AA$15/2))^2+1))) -> 0.050964938 | BF88: =MAX(0,AJ88-MAX(AI88,$AA$23))/AK88*IF(BC88>=Input!$AA$21*AQ88,1,0) -> 1 | BG88: =4*Input!$AA$14*(Input!$AA$15/2)*(1-AY88^2)/AX88*((BD88-BD87)+(1-2*AY88)/(1-AY88)*(BE88-BE87))*1000*BF88 -> 3.3914356 | BH88: =IF(AM88="Sand",0,0.009*(AR88-10)) -> 0 | BI88: =BH88*Input!$AA$39 -> 0 | BJ88: =IF(AM88="Sand",0,MAX(AV88/Input!$AA$40,AQ88)) -> 0 | BK88: =IF(AM88="Sand",0,1000*AK88/(1+AU88)*IF(AQ88+BC88<=BJ88,BI88*LOG10((AQ88+BC88)/AQ88),BI88*LOG10(BJ88/AQ88)+BH88*LOG10((AQ88+BC88)/BJ88)))*BF88 -> 0 | BL88: =IF(AM88="Sand",0,10^(INDEX(Input!$Q$51:$Q$57,MIN(MATCH(MIN(MAX(AR88,30),120),Input!$C$51:$C$57,1),6))+(MIN(MAX(AR88,30),120)-INDEX(Input!$C$51:$C$57,MIN(MATCH(MIN(MAX(AR88,30),120),Input!$C$51:$C$57,1),6)))/(INDEX(Input!$C$51:$C$57,MIN(MATCH(MIN(MAX(AR88,30),120),Input!$C$51:$C$57,1),6)+1)-INDEX(Input!$C$51:$C$57,MIN(MATCH(MIN(MAX(AR88,30),120),Input!$C$51:$C$57,1),6)))*(INDEX(Input!$Q$51:$Q$57,MIN(MATCH(MIN(MAX(AR88,30),120),Input!$C$51:$C$57,1),6)+1)-INDEX(Input!$Q$51:$Q$57,MIN(MATCH(MIN(MAX(AR88,30),120),Input!$C$51:$C$57,1),6))))) -> 0 | BM88: =IF(OR(AM88="Sand",BF88=0),0,Input!$AA$41*(AK88/2)^2/(BL88*0.0001*31536000)) -> 0 | BN88: =MAX(0,MIN(AJ88,Input!$AA$20)-AI88) -> 0 | BO88: =MAX(0,MIN(AJ88,Input!$AA$20)-MAX(AI88,$AA$23)) -> 0 | BP88: =BG88+BK88 -> 3.3914356
C89: 7 | E89: =AI89 -> 9 | H89: =AJ89 -> 10.5 | K89: =AM89 -> Sand | N89: =AN89 -> 34 | Q89: =AO89 -> 19.2 | T89: =IF(AR89="","-",AR89) -> - | V89: =IF(AT89="","-",AT89) -> - | X89: =AU89 -> 0.465 | Z89: =AV89 -> 0 | AC89: =AW89 -> 37.414436 | AI89: 9 | AJ89: 10.5 | AK89: =AJ89-AI89 -> 1.5 | AL89: =(AI89+AJ89)/2 -> 9.75 | AM89: Sand | AN89: 34 | AO89: =IF(AL89>$AA$20,$AA$22,$AA$21) -> 19.2 | AP89: =AP88+AO89*AK89 -> 189 | AQ89: =AP89-AO89*AK89/2-10*MAX(AL89-$AA$20,0) -> 167.1 | AT89: =IF(AR89="","",AR89-AS89) | AU89: 0.465 | AV89: =IF(AM89="Sand",0,Input!$AA$34*AN89) -> 0 | AW89: =IF(AM89="Sand",27.1+0.3*MIN(Input!$AA$35*AN89,60)-0.00054*MIN(Input!$AA$35*AN89,60)^2,MIN(MAX(DEGREES(ASIN(0.8-0.094*LN(MAX(IF(AT89="",10,AT89),5)))),20),30)) -> 37.414436 | AX89: =IF(AM89="Sand",Input!$AA$36*Input!$AA$35*AN89,Input!$AA$37*AV89) -> 36822 | AY89: =IF(AM89="Sand",Input!$AA$38,0.5) -> 0.3 | AZ89: =Input!$AA$15/2/AL89 -> 3.7948718 | BA89: =Input!$AA$16/2/AL89 -> 10.358974 | BB89: =1/(4*PI())*(2*AZ89*BA89*SQRT(AZ89^2+BA89^2+1)/(AZ89^2+BA89^2+1+AZ89^2*BA89^2)*(AZ89^2+BA89^2+2)/(AZ89^2+BA89^2+1)+ATAN2(AZ89^2+BA89^2+1-AZ89^2*BA89^2,2*AZ89*BA89*SQRT(AZ89^2+BA89^2+1))) -> 0.24817291 | BC89: =4*Input!$AA$14*BB89 -> 135.00606 | BD89: =((Input!$AA$16/Input!$AA$15)*LN((1+SQRT((Input!$AA$16/Input!$AA$15)^2+1))*SQRT((Input!$AA$16/Input!$AA$15)^2+(AJ89/(Input!$AA$15/2))^2)/((Input!$AA$16/Input!$AA$15)*(1+SQRT((Input!$AA$16/Input!$AA$15)^2+(AJ89/(Input!$AA$15/2))^2+1))))+LN(((Input!$AA$16/Input!$AA$15)+SQRT((Input!$AA$16/Input!$AA$15)^2+1))*SQRT(1+(AJ89/(Input!$AA$15/2))^2)/((Input!$AA$16/Input!$AA$15)+SQRT((Input!$AA$16/Input!$AA$15)^2+(AJ89/(Input!$AA$15/2))^2+1))))/PI() -> 0.01315062 | BE89: =(AJ89/(Input!$AA$15/2))/(2*PI())*ATAN((Input!$AA$16/Input!$AA$15)/((AJ89/(Input!$AA$15/2))*SQRT((Input!$AA$16/Input!$AA$15)^2+(AJ89/(Input!$AA$15/2))^2+1))) -> 0.057630488 | BF89: =MAX(0,AJ89-MAX(AI89,$AA$23))/AK89*IF(BC89>=Input!$AA$21*AQ89,1,0) -> 1 | BG89: =4*Input!$AA$14*(Input!$AA$15/2)*(1-AY89^2)/AX89*((BD89-BD88)+(1-2*AY89)/(1-AY89)*(BE89-BE88))*1000*BF89 -> 3.5835261 | BH89: =IF(AM89="Sand",0,0.009*(AR89-10)) -> 0 | BI89: =BH89*Input!$AA$39 -> 0 | BJ89: =IF(AM89="Sand",0,MAX(AV89/Input!$AA$40,AQ89)) -> 0 | BK89: =IF(AM89="Sand",0,1000*AK89/(1+AU89)*IF(AQ89+BC89<=BJ89,BI89*LOG10((AQ89+BC89)/AQ89),BI89*LOG10(BJ89/AQ89)+BH89*LOG10((AQ89+BC89)/BJ89)))*BF89 -> 0 | BL89: =IF(AM89="Sand",0,10^(INDEX(Input!$Q$51:$Q$57,MIN(MATCH(MIN(MAX(AR89,30),120),Input!$C$51:$C$57,1),6))+(MIN(MAX(AR89,30),120)-INDEX(Input!$C$51:$C$57,MIN(MATCH(MIN(MAX(AR89,30),120),Input!$C$51:$C$57,1),6)))/(INDEX(Input!$C$51:$C$57,MIN(MATCH(MIN(MAX(AR89,30),120),Input!$C$51:$C$57,1),6)+1)-INDEX(Input!$C$51:$C$57,MIN(MATCH(MIN(MAX(AR89,30),120),Input!$C$51:$C$57,1),6)))*(INDEX(Input!$Q$51:$Q$57,MIN(MATCH(MIN(MAX(AR89,30),120),Input!$C$51:$C$57,1),6)+1)-INDEX(Input!$Q$51:$Q$57,MIN(MATCH(MIN(MAX(AR89,30),120),Input!$C$51:$C$57,1),6))))) -> 0 | BM89: =IF(OR(AM89="Sand",BF89=0),0,Input!$AA$41*(AK89/2)^2/(BL89*0.0001*31536000)) -> 0 | BN89: =MAX(0,MIN(AJ89,Input!$AA$20)-AI89) -> 0 | BO89: =MAX(0,MIN(AJ89,Input!$AA$20)-MAX(AI89,$AA$23)) -> 0 | BP89: =BG89+BK89 -> 3.5835261
C90: 8 | E90: =AI90 -> 10.5 | H90: =AJ90 -> 12 | K90: =AM90 -> Sand | N90: =AN90 -> 13 | Q90: =AO90 -> 19.2 | T90: =IF(AR90="","-",AR90) -> - | V90: =IF(AT90="","-",AT90) -> - | X90: =AU90 -> 0.65 | Z90: =AV90 -> 0 | AC90: =AW90 -> 31.216662 | AI90: 10.5 | AJ90: 12 | AK90: =AJ90-AI90 -> 1.5 | AL90: =(AI90+AJ90)/2 -> 11.25 | AM90: Sand | AN90: 13 | AO90: =IF(AL90>$AA$20,$AA$22,$AA$21) -> 19.2 | AP90: =AP89+AO90*AK90 -> 217.8 | AQ90: =AP90-AO90*AK90/2-10*MAX(AL90-$AA$20,0) -> 180.9 | AT90: =IF(AR90="","",AR90-AS90) | AU90: 0.65 | AV90: =IF(AM90="Sand",0,Input!$AA$34*AN90) -> 0 | AW90: =IF(AM90="Sand",27.1+0.3*MIN(Input!$AA$35*AN90,60)-0.00054*MIN(Input!$AA$35*AN90,60)^2,MIN(MAX(DEGREES(ASIN(0.8-0.094*LN(MAX(IF(AT90="",10,AT90),5)))),20),30)) -> 31.216662 | AX90: =IF(AM90="Sand",Input!$AA$36*Input!$AA$35*AN90,Input!$AA$37*AV90) -> 14079 | AY90: =IF(AM90="Sand",Input!$AA$38,0.5) -> 0.3 | AZ90: =Input!$AA$15/2/AL90 -> 3.2888889 | BA90: =Input!$AA$16/2/AL90 -> 8.9777778 | BB90: =1/(4*PI())*(2*AZ90*BA90*SQRT(AZ90^2+BA90^2+1)/(AZ90^2+BA90^2+1+AZ90^2*BA90^2)*(AZ90^2+BA90^2+2)/(AZ90^2+BA90^2+1)+ATAN2(AZ90^2+BA90^2+1-AZ90^2*BA90^2,2*AZ90*BA90*SQRT(AZ90^2+BA90^2+1))) -> 0.24726322 | BC90: =4*Input!$AA$14*BB90 -> 134.51119 | BD90: =((Input!$AA$16/Input!$AA$15)*LN((1+SQRT((Input!$AA$16/Input!$AA$15)^2+1))*SQRT((Input!$AA$16/Input!$AA$15)^2+(AJ90/(Input!$AA$15/2))^2)/((Input!$AA$16/Input!$AA$15)*(1+SQRT((Input!$AA$16/Input!$AA$15)^2+(AJ90/(Input!$AA$15/2))^2+1))))+LN(((Input!$AA$16/Input!$AA$15)+SQRT((Input!$AA$16/Input!$AA$15)^2+1))*SQRT(1+(AJ90/(Input!$AA$15/2))^2)/((Input!$AA$16/Input!$AA$15)+SQRT((Input!$AA$16/Input!$AA$15)^2+(AJ90/(Input!$AA$15/2))^2+1))))/PI() -> 0.016989259 | BE90: =(AJ90/(Input!$AA$15/2))/(2*PI())*ATAN((Input!$AA$16/Input!$AA$15)/((AJ90/(Input!$AA$15/2))*SQRT((Input!$AA$16/Input!$AA$15)^2+(AJ90/(Input!$AA$15/2))^2+1))) -> 0.06381565 | BF90: =MAX(0,AJ90-MAX(AI90,$AA$23))/AK90*IF(BC90>=Input!$AA$21*AQ90,1,0) -> 1 | BG90: =4*Input!$AA$14*(Input!$AA$15/2)*(1-AY90^2)/AX90*((BD90-BD89)+(1-2*AY90)/(1-AY90)*(BE90-BE89))*1000*BF90 -> 9.5921389 | BH90: =IF(AM90="Sand",0,0.009*(AR90-10)) -> 0 | BI90: =BH90*Input!$AA$39 -> 0 | BJ90: =IF(AM90="Sand",0,MAX(AV90/Input!$AA$40,AQ90)) -> 0 | BK90: =IF(AM90="Sand",0,1000*AK90/(1+AU90)*IF(AQ90+BC90<=BJ90,BI90*LOG10((AQ90+BC90)/AQ90),BI90*LOG10(BJ90/AQ90)+BH90*LOG10((AQ90+BC90)/BJ90)))*BF90 -> 0 | BL90: =IF(AM90="Sand",0,10^(INDEX(Input!$Q$51:$Q$57,MIN(MATCH(MIN(MAX(AR90,30),120),Input!$C$51:$C$57,1),6))+(MIN(MAX(AR90,30),120)-INDEX(Input!$C$51:$C$57,MIN(MATCH(MIN(MAX(AR90,30),120),Input!$C$51:$C$57,1),6)))/(INDEX(Input!$C$51:$C$57,MIN(MATCH(MIN(MAX(AR90,30),120),Input!$C$51:$C$57,1),6)+1)-INDEX(Input!$C$51:$C$57,MIN(MATCH(MIN(MAX(AR90,30),120),Input!$C$51:$C$57,1),6)))*(INDEX(Input!$Q$51:$Q$57,MIN(MATCH(MIN(MAX(AR90,30),120),Input!$C$51:$C$57,1),6)+1)-INDEX(Input!$Q$51:$Q$57,MIN(MATCH(MIN(MAX(AR90,30),120),Input!$C$51:$C$57,1),6))))) -> 0 | BM90: =IF(OR(AM90="Sand",BF90=0),0,Input!$AA$41*(AK90/2)^2/(BL90*0.0001*31536000)) -> 0 | BN90: =MAX(0,MIN(AJ90,Input!$AA$20)-AI90) -> 0 | BO90: =MAX(0,MIN(AJ90,Input!$AA$20)-MAX(AI90,$AA$23)) -> 0 | BP90: =BG90+BK90 -> 9.5921389
C91: 9 | E91: =AI91 -> 12 | H91: =AJ91 -> 13.5 | K91: =AM91 -> Sand | N91: =AN91 -> 17 | Q91: =AO91 -> 19.2 | T91: =IF(AR91="","-",AR91) -> - | V91: =IF(AT91="","-",AT91) -> - | X91: =AU91 -> 0.414 | Z91: =AV91 -> 0 | AC91: =AW91 -> 32.440259 | AI91: 12 | AJ91: 13.5 | AK91: =AJ91-AI91 -> 1.5 | AL91: =(AI91+AJ91)/2 -> 12.75 | AM91: Sand | AN91: 17 | AO91: =IF(AL91>$AA$20,$AA$22,$AA$21) -> 19.2 | AP91: =AP90+AO91*AK91 -> 246.6 | AQ91: =AP91-AO91*AK91/2-10*MAX(AL91-$AA$20,0) -> 194.7 | AT91: =IF(AR91="","",AR91-AS91) | AU91: 0.414 | AV91: =IF(AM91="Sand",0,Input!$AA$34*AN91) -> 0 | AW91: =IF(AM91="Sand",27.1+0.3*MIN(Input!$AA$35*AN91,60)-0.00054*MIN(Input!$AA$35*AN91,60)^2,MIN(MAX(DEGREES(ASIN(0.8-0.094*LN(MAX(IF(AT91="",10,AT91),5)))),20),30)) -> 32.440259 | AX91: =IF(AM91="Sand",Input!$AA$36*Input!$AA$35*AN91,Input!$AA$37*AV91) -> 18411 | AY91: =IF(AM91="Sand",Input!$AA$38,0.5) -> 0.3 | AZ91: =Input!$AA$15/2/AL91 -> 2.9019608 | BA91: =Input!$AA$16/2/AL91 -> 7.9215686 | BB91: =1/(4*PI())*(2*AZ91*BA91*SQRT(AZ91^2+BA91^2+1)/(AZ91^2+BA91^2+1+AZ91^2*BA91^2)*(AZ91^2+BA91^2+2)/(AZ91^2+BA91^2+1)+ATAN2(AZ91^2+BA91^2+1-AZ91^2*BA91^2,2*AZ91*BA91*SQRT(AZ91^2+BA91^2+1))) -> 0.24612697 | BC91: =4*Input!$AA$14*BB91 -> 133.89307 | BD91: =((Input!$AA$16/Input!$AA$15)*LN((1+SQRT((Input!$AA$16/Input!$AA$15)^2+1))*SQRT((Input!$AA$16/Input!$AA$15)^2+(AJ91/(Input!$AA$15/2))^2)/((Input!$AA$16/Input!$AA$15)*(1+SQRT((Input!$AA$16/Input!$AA$15)^2+(AJ91/(Input!$AA$15/2))^2+1))))+LN(((Input!$AA$16/Input!$AA$15)+SQRT((Input!$AA$16/Input!$AA$15)^2+1))*SQRT(1+(AJ91/(Input!$AA$15/2))^2)/((Input!$AA$16/Input!$AA$15)+SQRT((Input!$AA$16/Input!$AA$15)^2+(AJ91/(Input!$AA$15/2))^2+1))))/PI() -> 0.021242015 | BE91: =(AJ91/(Input!$AA$15/2))/(2*PI())*ATAN((Input!$AA$16/Input!$AA$15)/((AJ91/(Input!$AA$15/2))*SQRT((Input!$AA$16/Input!$AA$15)^2+(AJ91/(Input!$AA$15/2))^2+1))) -> 0.069540621 | BF91: =MAX(0,AJ91-MAX(AI91,$AA$23))/AK91*IF(BC91>=Input!$AA$21*AQ91,1,0) -> 1 | BG91: =4*Input!$AA$14*(Input!$AA$15/2)*(1-AY91^2)/AX91*((BD91-BD90)+(1-2*AY91)/(1-AY91)*(BE91-BE90))*1000*BF91 -> 7.4855398 | BH91: =IF(AM91="Sand",0,0.009*(AR91-10)) -> 0 | BI91: =BH91*Input!$AA$39 -> 0 | BJ91: =IF(AM91="Sand",0,MAX(AV91/Input!$AA$40,AQ91)) -> 0 | BK91: =IF(AM91="Sand",0,1000*AK91/(1+AU91)*IF(AQ91+BC91<=BJ91,BI91*LOG10((AQ91+BC91)/AQ91),BI91*LOG10(BJ91/AQ91)+BH91*LOG10((AQ91+BC91)/BJ91)))*BF91 -> 0 | BL91: =IF(AM91="Sand",0,10^(INDEX(Input!$Q$51:$Q$57,MIN(MATCH(MIN(MAX(AR91,30),120),Input!$C$51:$C$57,1),6))+(MIN(MAX(AR91,30),120)-INDEX(Input!$C$51:$C$57,MIN(MATCH(MIN(MAX(AR91,30),120),Input!$C$51:$C$57,1),6)))/(INDEX(Input!$C$51:$C$57,MIN(MATCH(MIN(MAX(AR91,30),120),Input!$C$51:$C$57,1),6)+1)-INDEX(Input!$C$51:$C$57,MIN(MATCH(MIN(MAX(AR91,30),120),Input!$C$51:$C$57,1),6)))*(INDEX(Input!$Q$51:$Q$57,MIN(MATCH(MIN(MAX(AR91,30),120),Input!$C$51:$C$57,1),6)+1)-INDEX(Input!$Q$51:$Q$57,MIN(MATCH(MIN(MAX(AR91,30),120),Input!$C$51:$C$57,1),6))))) -> 0 | BM91: =IF(OR(AM91="Sand",BF91=0),0,Input!$AA$41*(AK91/2)^2/(BL91*0.0001*31536000)) -> 0 | BN91: =MAX(0,MIN(AJ91,Input!$AA$20)-AI91) -> 0 | BO91: =MAX(0,MIN(AJ91,Input!$AA$20)-MAX(AI91,$AA$23)) -> 0 | BP91: =BG91+BK91 -> 7.4855398
C92: 10 | E92: =AI92 -> 13.5 | H92: =AJ92 -> 15 | K92: =AM92 -> Sand | N92: =AN92 -> 18 | Q92: =AO92 -> 19.2 | T92: =IF(AR92="","-",AR92) -> - | V92: =IF(AT92="","-",AT92) -> - | X92: =AU92 -> 0.747 | Z92: =AV92 -> 0 | AC92: =AW92 -> 32.742991 | AI92: 13.5 | AJ92: 15 | AK92: =AJ92-AI92 -> 1.5 | AL92: =(AI92+AJ92)/2 -> 14.25 | AM92: Sand | AN92: 18 | AO92: =IF(AL92>$AA$20,$AA$22,$AA$21) -> 19.2 | AP92: =AP91+AO92*AK92 -> 275.4 | AQ92: =AP92-AO92*AK92/2-10*MAX(AL92-$AA$20,0) -> 208.5 | AT92: =IF(AR92="","",AR92-AS92) | AU92: 0.747 | AV92: =IF(AM92="Sand",0,Input!$AA$34*AN92) -> 0 | AW92: =IF(AM92="Sand",27.1+0.3*MIN(Input!$AA$35*AN92,60)-0.00054*MIN(Input!$AA$35*AN92,60)^2,MIN(MAX(DEGREES(ASIN(0.8-0.094*LN(MAX(IF(AT92="",10,AT92),5)))),20),30)) -> 32.742991 | AX92: =IF(AM92="Sand",Input!$AA$36*Input!$AA$35*AN92,Input!$AA$37*AV92) -> 19494 | AY92: =IF(AM92="Sand",Input!$AA$38,0.5) -> 0.3 | AZ92: =Input!$AA$15/2/AL92 -> 2.5964912 | BA92: =Input!$AA$16/2/AL92 -> 7.0877193 | BB92: =1/(4*PI())*(2*AZ92*BA92*SQRT(AZ92^2+BA92^2+1)/(AZ92^2+BA92^2+1+AZ92^2*BA92^2)*(AZ92^2+BA92^2+2)/(AZ92^2+BA92^2+1)+ATAN2(AZ92^2+BA92^2+1-AZ92^2*BA92^2,2*AZ92*BA92*SQRT(AZ92^2+BA92^2+1))) -> 0.24475803 | BC92: =4*Input!$AA$14*BB92 -> 133.14837 | BD92: =((Input!$AA$16/Input!$AA$15)*LN((1+SQRT((Input!$AA$16/Input!$AA$15)^2+1))*SQRT((Input!$AA$16/Input!$AA$15)^2+(AJ92/(Input!$AA$15/2))^2)/((Input!$AA$16/Input!$AA$15)*(1+SQRT((Input!$AA$16/Input!$AA$15)^2+(AJ92/(Input!$AA$15/2))^2+1))))+LN(((Input!$AA$16/Input!$AA$15)+SQRT((Input!$AA$16/Input!$AA$15)^2+1))*SQRT(1+(AJ92/(Input!$AA$15/2))^2)/((Input!$AA$16/Input!$AA$15)+SQRT((Input!$AA$16/Input!$AA$15)^2+(AJ92/(Input!$AA$15/2))^2+1))))/PI() -> 0.025878119 | BE92: =(AJ92/(Input!$AA$15/2))/(2*PI())*ATAN((Input!$AA$16/Input!$AA$15)/((AJ92/(Input!$AA$15/2))*SQRT((Input!$AA$16/Input!$AA$15)^2+(AJ92/(Input!$AA$15/2))^2+1))) -> 0.074826746 | BF92: =MAX(0,AJ92-MAX(AI92,$AA$23))/AK92*IF(BC92>=Input!$AA$21*AQ92,1,0) -> 1 | BG92: =4*Input!$AA$14*(Input!$AA$15/2)*(1-AY92^2)/AX92*((BD92-BD91)+(1-2*AY92)/(1-AY92)*(BE92-BE91))*1000*BF92 -> 7.1942465 | BH92: =IF(AM92="Sand",0,0.009*(AR92-10)) -> 0 | BI92: =BH92*Input!$AA$39 -> 0 | BJ92: =IF(AM92="Sand",0,MAX(AV92/Input!$AA$40,AQ92)) -> 0 | BK92: =IF(AM92="Sand",0,1000*AK92/(1+AU92)*IF(AQ92+BC92<=BJ92,BI92*LOG10((AQ92+BC92)/AQ92),BI92*LOG10(BJ92/AQ92)+BH92*LOG10((AQ92+BC92)/BJ92)))*BF92 -> 0 | BL92: =IF(AM92="Sand",0,10^(INDEX(Input!$Q$51:$Q$57,MIN(MATCH(MIN(MAX(AR92,30),120),Input!$C$51:$C$57,1),6))+(MIN(MAX(AR92,30),120)-INDEX(Input!$C$51:$C$57,MIN(MATCH(MIN(MAX(AR92,30),120),Input!$C$51:$C$57,1),6)))/(INDEX(Input!$C$51:$C$57,MIN(MATCH(MIN(MAX(AR92,30),120),Input!$C$51:$C$57,1),6)+1)-INDEX(Input!$C$51:$C$57,MIN(MATCH(MIN(MAX(AR92,30),120),Input!$C$51:$C$57,1),6)))*(INDEX(Input!$Q$51:$Q$57,MIN(MATCH(MIN(MAX(AR92,30),120),Input!$C$51:$C$57,1),6)+1)-INDEX(Input!$Q$51:$Q$57,MIN(MATCH(MIN(MAX(AR92,30),120),Input!$C$51:$C$57,1),6))))) -> 0 | BM92: =IF(OR(AM92="Sand",BF92=0),0,Input!$AA$41*(AK92/2)^2/(BL92*0.0001*31536000)) -> 0 | BN92: =MAX(0,MIN(AJ92,Input!$AA$20)-AI92) -> 0 | BO92: =MAX(0,MIN(AJ92,Input!$AA$20)-MAX(AI92,$AA$23)) -> 0 | BP92: =BG92+BK92 -> 7.1942465
C93: 11 | E93: =AI93 -> 15 | H93: =AJ93 -> 16.5 | K93: =AM93 -> Sand | N93: =AN93 -> 19 | Q93: =AO93 -> 19.2 | T93: =IF(AR93="","-",AR93) -> - | V93: =IF(AT93="","-",AT93) -> - | X93: =AU93 -> 0.65 | Z93: =AV93 -> 0 | AC93: =AW93 -> 33.044457 | AI93: 15 | AJ93: 16.5 | AK93: =AJ93-AI93 -> 1.5 | AL93: =(AI93+AJ93)/2 -> 15.75 | AM93: Sand | AN93: 19 | AO93: =IF(AL93>$AA$20,$AA$22,$AA$21) -> 19.2 | AP93: =AP92+AO93*AK93 -> 304.2 | AQ93: =AP93-AO93*AK93/2-10*MAX(AL93-$AA$20,0) -> 222.3 | AT93: =IF(AR93="","",AR93-AS93) | AU93: 0.65 | AV93: =IF(AM93="Sand",0,Input!$AA$34*AN93) -> 0 | AW93: =IF(AM93="Sand",27.1+0.3*MIN(Input!$AA$35*AN93,60)-0.00054*MIN(Input!$AA$35*AN93,60)^2,MIN(MAX(DEGREES(ASIN(0.8-0.094*LN(MAX(IF(AT93="",10,AT93),5)))),20),30)) -> 33.044457 | AX93: =IF(AM93="Sand",Input!$AA$36*Input!$AA$35*AN93,Input!$AA$37*AV93) -> 20577 | AY93: =IF(AM93="Sand",Input!$AA$38,0.5) -> 0.3 | AZ93: =Input!$AA$15/2/AL93 -> 2.3492063 | BA93: =Input!$AA$16/2/AL93 -> 6.4126984 | BB93: =1/(4*PI())*(2*AZ93*BA93*SQRT(AZ93^2+BA93^2+1)/(AZ93^2+BA93^2+1+AZ93^2*BA93^2)*(AZ93^2+BA93^2+2)/(AZ93^2+BA93^2+1)+ATAN2(AZ93^2+BA93^2+1-AZ93^2*BA93^2,2*AZ93*BA93*SQRT(AZ93^2+BA93^2+1))) -> 0.24315603 | BC93: =4*Input!$AA$14*BB93 -> 132.27688 | BD93: =((Input!$AA$16/Input!$AA$15)*LN((1+SQRT((Input!$AA$16/Input!$AA$15)^2+1))*SQRT((Input!$AA$16/Input!$AA$15)^2+(AJ93/(Input!$AA$15/2))^2)/((Input!$AA$16/Input!$AA$15)*(1+SQRT((Input!$AA$16/Input!$AA$15)^2+(AJ93/(Input!$AA$15/2))^2+1))))+LN(((Input!$AA$16/Input!$AA$15)+SQRT((Input!$AA$16/Input!$AA$15)^2+1))*SQRT(1+(AJ93/(Input!$AA$15/2))^2)/((Input!$AA$16/Input!$AA$15)+SQRT((Input!$AA$16/Input!$AA$15)^2+(AJ93/(Input!$AA$15/2))^2+1))))/PI() -> 0.030866028 | BE93: =(AJ93/(Input!$AA$15/2))/(2*PI())*ATAN((Input!$AA$16/Input!$AA$15)/((AJ93/(Input!$AA$15/2))*SQRT((Input!$AA$16/Input!$AA$15)^2+(AJ93/(Input!$AA$15/2))^2+1))) -> 0.079696127 | BF93: =MAX(0,AJ93-MAX(AI93,$AA$23))/AK93*IF(BC93>=Input!$AA$21*AQ93,1,0) -> 1 | BG93: =4*Input!$AA$14*(Input!$AA$15/2)*(1-AY93^2)/AX93*((BD93-BD92)+(1-2*AY93)/(1-AY93)*(BE93-BE92))*1000*BF93 -> 6.9167814 | BH93: =IF(AM93="Sand",0,0.009*(AR93-10)) -> 0 | BI93: =BH93*Input!$AA$39 -> 0 | BJ93: =IF(AM93="Sand",0,MAX(AV93/Input!$AA$40,AQ93)) -> 0 | BK93: =IF(AM93="Sand",0,1000*AK93/(1+AU93)*IF(AQ93+BC93<=BJ93,BI93*LOG10((AQ93+BC93)/AQ93),BI93*LOG10(BJ93/AQ93)+BH93*LOG10((AQ93+BC93)/BJ93)))*BF93 -> 0 | BL93: =IF(AM93="Sand",0,10^(INDEX(Input!$Q$51:$Q$57,MIN(MATCH(MIN(MAX(AR93,30),120),Input!$C$51:$C$57,1),6))+(MIN(MAX(AR93,30),120)-INDEX(Input!$C$51:$C$57,MIN(MATCH(MIN(MAX(AR93,30),120),Input!$C$51:$C$57,1),6)))/(INDEX(Input!$C$51:$C$57,MIN(MATCH(MIN(MAX(AR93,30),120),Input!$C$51:$C$57,1),6)+1)-INDEX(Input!$C$51:$C$57,MIN(MATCH(MIN(MAX(AR93,30),120),Input!$C$51:$C$57,1),6)))*(INDEX(Input!$Q$51:$Q$57,MIN(MATCH(MIN(MAX(AR93,30),120),Input!$C$51:$C$57,1),6)+1)-INDEX(Input!$Q$51:$Q$57,MIN(MATCH(MIN(MAX(AR93,30),120),Input!$C$51:$C$57,1),6))))) -> 0 | BM93: =IF(OR(AM93="Sand",BF93=0),0,Input!$AA$41*(AK93/2)^2/(BL93*0.0001*31536000)) -> 0 | BN93: =MAX(0,MIN(AJ93,Input!$AA$20)-AI93) -> 0 | BO93: =MAX(0,MIN(AJ93,Input!$AA$20)-MAX(AI93,$AA$23)) -> 0 | BP93: =BG93+BK93 -> 6.9167814
C94: 12 | E94: =AI94 -> 16.5 | H94: =AJ94 -> 18 | K94: =AM94 -> Sand | N94: =AN94 -> 12 | Q94: =AO94 -> 19.2 | T94: =IF(AR94="","-",AR94) -> - | V94: =IF(AT94="","-",AT94) -> - | X94: =AU94 -> 0.48 | Z94: =AV94 -> 0 | AC94: =AW94 -> 30.907596 | AI94: 16.5 | AJ94: 18 | AK94: =AJ94-AI94 -> 1.5 | AL94: =(AI94+AJ94)/2 -> 17.25 | AM94: Sand | AN94: 12 | AO94: =IF(AL94>$AA$20,$AA$22,$AA$21) -> 19.2 | AP94: =AP93+AO94*AK94 -> 333 | AQ94: =AP94-AO94*AK94/2-10*MAX(AL94-$AA$20,0) -> 236.1 | AT94: =IF(AR94="","",AR94-AS94) | AU94: 0.48 | AV94: =IF(AM94="Sand",0,Input!$AA$34*AN94) -> 0 | AW94: =IF(AM94="Sand",27.1+0.3*MIN(Input!$AA$35*AN94,60)-0.00054*MIN(Input!$AA$35*AN94,60)^2,MIN(MAX(DEGREES(ASIN(0.8-0.094*LN(MAX(IF(AT94="",10,AT94),5)))),20),30)) -> 30.907596 | AX94: =IF(AM94="Sand",Input!$AA$36*Input!$AA$35*AN94,Input!$AA$37*AV94) -> 12996 | AY94: =IF(AM94="Sand",Input!$AA$38,0.5) -> 0.3 | AZ94: =Input!$AA$15/2/AL94 -> 2.1449275 | BA94: =Input!$AA$16/2/AL94 -> 5.8550725 | BB94: =1/(4*PI())*(2*AZ94*BA94*SQRT(AZ94^2+BA94^2+1)/(AZ94^2+BA94^2+1+AZ94^2*BA94^2)*(AZ94^2+BA94^2+2)/(AZ94^2+BA94^2+1)+ATAN2(AZ94^2+BA94^2+1-AZ94^2*BA94^2,2*AZ94*BA94*SQRT(AZ94^2+BA94^2+1))) -> 0.24132572 | BC94: =4*Input!$AA$14*BB94 -> 131.28119 | BD94: =((Input!$AA$16/Input!$AA$15)*LN((1+SQRT((Input!$AA$16/Input!$AA$15)^2+1))*SQRT((Input!$AA$16/Input!$AA$15)^2+(AJ94/(Input!$AA$15/2))^2)/((Input!$AA$16/Input!$AA$15)*(1+SQRT((Input!$AA$16/Input!$AA$15)^2+(AJ94/(Input!$AA$15/2))^2+1))))+LN(((Input!$AA$16/Input!$AA$15)+SQRT((Input!$AA$16/Input!$AA$15)^2+1))*SQRT(1+(AJ94/(Input!$AA$15/2))^2)/((Input!$AA$16/Input!$AA$15)+SQRT((Input!$AA$16/Input!$AA$15)^2+(AJ94/(Input!$AA$15/2))^2+1))))/PI() -> 0.036174003 | BE94: =(AJ94/(Input!$AA$15/2))/(2*PI())*ATAN((Input!$AA$16/Input!$AA$15)/((AJ94/(Input!$AA$15/2))*SQRT((Input!$AA$16/Input!$AA$15)^2+(AJ94/(Input!$AA$15/2))^2+1))) -> 0.084171256 | BF94: =MAX(0,AJ94-MAX(AI94,$AA$23))/AK94*IF(BC94>=Input!$AA$21*AQ94,1,0) -> 1 | BG94: =4*Input!$AA$14*(Input!$AA$15/2)*(1-AY94^2)/AX94*((BD94-BD93)+(1-2*AY94)/(1-AY94)*(BE94-BE93))*1000*BF94 -> 11.085152 | BH94: =IF(AM94="Sand",0,0.009*(AR94-10)) -> 0 | BI94: =BH94*Input!$AA$39 -> 0 | BJ94: =IF(AM94="Sand",0,MAX(AV94/Input!$AA$40,AQ94)) -> 0 | BK94: =IF(AM94="Sand",0,1000*AK94/(1+AU94)*IF(AQ94+BC94<=BJ94,BI94*LOG10((AQ94+BC94)/AQ94),BI94*LOG10(BJ94/AQ94)+BH94*LOG10((AQ94+BC94)/BJ94)))*BF94 -> 0 | BL94: =IF(AM94="Sand",0,10^(INDEX(Input!$Q$51:$Q$57,MIN(MATCH(MIN(MAX(AR94,30),120),Input!$C$51:$C$57,1),6))+(MIN(MAX(AR94,30),120)-INDEX(Input!$C$51:$C$57,MIN(MATCH(MIN(MAX(AR94,30),120),Input!$C$51:$C$57,1),6)))/(INDEX(Input!$C$51:$C$57,MIN(MATCH(MIN(MAX(AR94,30),120),Input!$C$51:$C$57,1),6)+1)-INDEX(Input!$C$51:$C$57,MIN(MATCH(MIN(MAX(AR94,30),120),Input!$C$51:$C$57,1),6)))*(INDEX(Input!$Q$51:$Q$57,MIN(MATCH(MIN(MAX(AR94,30),120),Input!$C$51:$C$57,1),6)+1)-INDEX(Input!$Q$51:$Q$57,MIN(MATCH(MIN(MAX(AR94,30),120),Input!$C$51:$C$57,1),6))))) -> 0 | BM94: =IF(OR(AM94="Sand",BF94=0),0,Input!$AA$41*(AK94/2)^2/(BL94*0.0001*31536000)) -> 0 | BN94: =MAX(0,MIN(AJ94,Input!$AA$20)-AI94) -> 0 | BO94: =MAX(0,MIN(AJ94,Input!$AA$20)-MAX(AI94,$AA$23)) -> 0 | BP94: =BG94+BK94 -> 11.085152
C95: 13 | E95: =AI95 -> 18 | H95: =AJ95 -> 19.5 | K95: =AM95 -> Sand | N95: =AN95 -> 42 | Q95: =AO95 -> 19.2 | T95: =IF(AR95="","-",AR95) -> - | V95: =IF(AT95="","-",AT95) -> - | X95: =AU95 -> 0.65 | Z95: =AV95 -> 0 | AC95: =AW95 -> 39.628553 | AI95: 18 | AJ95: 19.5 | AK95: =AJ95-AI95 -> 1.5 | AL95: =(AI95+AJ95)/2 -> 18.75 | AM95: Sand | AN95: 42 | AO95: =IF(AL95>$AA$20,$AA$22,$AA$21) -> 19.2 | AP95: =AP94+AO95*AK95 -> 361.8 | AQ95: =AP95-AO95*AK95/2-10*MAX(AL95-$AA$20,0) -> 249.9 | AT95: =IF(AR95="","",AR95-AS95) | AU95: 0.65 | AV95: =IF(AM95="Sand",0,Input!$AA$34*AN95) -> 0 | AW95: =IF(AM95="Sand",27.1+0.3*MIN(Input!$AA$35*AN95,60)-0.00054*MIN(Input!$AA$35*AN95,60)^2,MIN(MAX(DEGREES(ASIN(0.8-0.094*LN(MAX(IF(AT95="",10,AT95),5)))),20),30)) -> 39.628553 | AX95: =IF(AM95="Sand",Input!$AA$36*Input!$AA$35*AN95,Input!$AA$37*AV95) -> 45486 | AY95: =IF(AM95="Sand",Input!$AA$38,0.5) -> 0.3 | AZ95: =Input!$AA$15/2/AL95 -> 1.9733333 | BA95: =Input!$AA$16/2/AL95 -> 5.3866667 | BB95: =1/(4*PI())*(2*AZ95*BA95*SQRT(AZ95^2+BA95^2+1)/(AZ95^2+BA95^2+1+AZ95^2*BA95^2)*(AZ95^2+BA95^2+2)/(AZ95^2+BA95^2+1)+ATAN2(AZ95^2+BA95^2+1-AZ95^2*BA95^2,2*AZ95*BA95*SQRT(AZ95^2+BA95^2+1))) -> 0.2392762 | BC95: =4*Input!$AA$14*BB95 -> 130.16625 | BD95: =((Input!$AA$16/Input!$AA$15)*LN((1+SQRT((Input!$AA$16/Input!$AA$15)^2+1))*SQRT((Input!$AA$16/Input!$AA$15)^2+(AJ95/(Input!$AA$15/2))^2)/((Input!$AA$16/Input!$AA$15)*(1+SQRT((Input!$AA$16/Input!$AA$15)^2+(AJ95/(Input!$AA$15/2))^2+1))))+LN(((Input!$AA$16/Input!$AA$15)+SQRT((Input!$AA$16/Input!$AA$15)^2+1))*SQRT(1+(AJ95/(Input!$AA$15/2))^2)/((Input!$AA$16/Input!$AA$15)+SQRT((Input!$AA$16/Input!$AA$15)^2+(AJ95/(Input!$AA$15/2))^2+1))))/PI() -> 0.04177061 | BE95: =(AJ95/(Input!$AA$15/2))/(2*PI())*ATAN((Input!$AA$16/Input!$AA$15)/((AJ95/(Input!$AA$15/2))*SQRT((Input!$AA$16/Input!$AA$15)^2+(AJ95/(Input!$AA$15/2))^2+1))) -> 0.088274686 | BF95: =MAX(0,AJ95-MAX(AI95,$AA$23))/AK95*IF(BC95>=Input!$AA$21*AQ95,1,0) -> 1 | BG95: =4*Input!$AA$14*(Input!$AA$15/2)*(1-AY95^2)/AX95*((BD95-BD94)+(1-2*AY95)/(1-AY95)*(BE95-BE94))*1000*BF95 -> 3.1978837 | BH95: =IF(AM95="Sand",0,0.009*(AR95-10)) -> 0 | BI95: =BH95*Input!$AA$39 -> 0 | BJ95: =IF(AM95="Sand",0,MAX(AV95/Input!$AA$40,AQ95)) -> 0 | BK95: =IF(AM95="Sand",0,1000*AK95/(1+AU95)*IF(AQ95+BC95<=BJ95,BI95*LOG10((AQ95+BC95)/AQ95),BI95*LOG10(BJ95/AQ95)+BH95*LOG10((AQ95+BC95)/BJ95)))*BF95 -> 0 | BL95: =IF(AM95="Sand",0,10^(INDEX(Input!$Q$51:$Q$57,MIN(MATCH(MIN(MAX(AR95,30),120),Input!$C$51:$C$57,1),6))+(MIN(MAX(AR95,30),120)-INDEX(Input!$C$51:$C$57,MIN(MATCH(MIN(MAX(AR95,30),120),Input!$C$51:$C$57,1),6)))/(INDEX(Input!$C$51:$C$57,MIN(MATCH(MIN(MAX(AR95,30),120),Input!$C$51:$C$57,1),6)+1)-INDEX(Input!$C$51:$C$57,MIN(MATCH(MIN(MAX(AR95,30),120),Input!$C$51:$C$57,1),6)))*(INDEX(Input!$Q$51:$Q$57,MIN(MATCH(MIN(MAX(AR95,30),120),Input!$C$51:$C$57,1),6)+1)-INDEX(Input!$Q$51:$Q$57,MIN(MATCH(MIN(MAX(AR95,30),120),Input!$C$51:$C$57,1),6))))) -> 0 | BM95: =IF(OR(AM95="Sand",BF95=0),0,Input!$AA$41*(AK95/2)^2/(BL95*0.0001*31536000)) -> 0 | BN95: =MAX(0,MIN(AJ95,Input!$AA$20)-AI95) -> 0 | BO95: =MAX(0,MIN(AJ95,Input!$AA$20)-MAX(AI95,$AA$23)) -> 0 | BP95: =BG95+BK95 -> 3.1978837
C96: 14 | E96: =AI96 -> 19.5 | H96: =AJ96 -> 21 | K96: =AM96 -> Sand | N96: =AN96 -> 49 | Q96: =AO96 -> 19.2 | T96: =IF(AR96="","-",AR96) -> - | V96: =IF(AT96="","-",AT96) -> - | X96: =AU96 -> 0.848 | Z96: =AV96 -> 0 | AC96: =AW96 -> 41.499402 | AI96: 19.5 | AJ96: 21 | AK96: =AJ96-AI96 -> 1.5 | AL96: =(AI96+AJ96)/2 -> 20.25 | AM96: Sand | AN96: 49 | AO96: =IF(AL96>$AA$20,$AA$22,$AA$21) -> 19.2 | AP96: =AP95+AO96*AK96 -> 390.6 | AQ96: =AP96-AO96*AK96/2-10*MAX(AL96-$AA$20,0) -> 263.7 | AT96: =IF(AR96="","",AR96-AS96) | AU96: 0.848 | AV96: =IF(AM96="Sand",0,Input!$AA$34*AN96) -> 0 | AW96: =IF(AM96="Sand",27.1+0.3*MIN(Input!$AA$35*AN96,60)-0.00054*MIN(Input!$AA$35*AN96,60)^2,MIN(MAX(DEGREES(ASIN(0.8-0.094*LN(MAX(IF(AT96="",10,AT96),5)))),20),30)) -> 41.499402 | AX96: =IF(AM96="Sand",Input!$AA$36*Input!$AA$35*AN96,Input!$AA$37*AV96) -> 53067 | AY96: =IF(AM96="Sand",Input!$AA$38,0.5) -> 0.3 | AZ96: =Input!$AA$15/2/AL96 -> 1.8271605 | BA96: =Input!$AA$16/2/AL96 -> 4.9876543 | BB96: =1/(4*PI())*(2*AZ96*BA96*SQRT(AZ96^2+BA96^2+1)/(AZ96^2+BA96^2+1+AZ96^2*BA96^2)*(AZ96^2+BA96^2+2)/(AZ96^2+BA96^2+1)+ATAN2(AZ96^2+BA96^2+1-AZ96^2*BA96^2,2*AZ96*BA96*SQRT(AZ96^2+BA96^2+1))) -> 0.23702007 | BC96: =4*Input!$AA$14*BB96 -> 128.93892 | BD96: =((Input!$AA$16/Input!$AA$15)*LN((1+SQRT((Input!$AA$16/Input!$AA$15)^2+1))*SQRT((Input!$AA$16/Input!$AA$15)^2+(AJ96/(Input!$AA$15/2))^2)/((Input!$AA$16/Input!$AA$15)*(1+SQRT((Input!$AA$16/Input!$AA$15)^2+(AJ96/(Input!$AA$15/2))^2+1))))+LN(((Input!$AA$16/Input!$AA$15)+SQRT((Input!$AA$16/Input!$AA$15)^2+1))*SQRT(1+(AJ96/(Input!$AA$15/2))^2)/((Input!$AA$16/Input!$AA$15)+SQRT((Input!$AA$16/Input!$AA$15)^2+(AJ96/(Input!$AA$15/2))^2+1))))/PI() -> 0.047625142 | BE96: =(AJ96/(Input!$AA$15/2))/(2*PI())*ATAN((Input!$AA$16/Input!$AA$15)/((AJ96/(Input!$AA$15/2))*SQRT((Input!$AA$16/Input!$AA$15)^2+(AJ96/(Input!$AA$15/2))^2+1))) -> 0.092028753 | BF96: =MAX(0,AJ96-MAX(AI96,$AA$23))/AK96*IF(BC96>=Input!$AA$21*AQ96,1,0) -> 1 | BG96: =4*Input!$AA$14*(Input!$AA$15/2)*(1-AY96^2)/AX96*((BD96-BD95)+(1-2*AY96)/(1-AY96)*(BE96-BE95))*1000*BF96 -> 2.7611619 | BH96: =IF(AM96="Sand",0,0.009*(AR96-10)) -> 0 | BI96: =BH96*Input!$AA$39 -> 0 | BJ96: =IF(AM96="Sand",0,MAX(AV96/Input!$AA$40,AQ96)) -> 0 | BK96: =IF(AM96="Sand",0,1000*AK96/(1+AU96)*IF(AQ96+BC96<=BJ96,BI96*LOG10((AQ96+BC96)/AQ96),BI96*LOG10(BJ96/AQ96)+BH96*LOG10((AQ96+BC96)/BJ96)))*BF96 -> 0 | BL96: =IF(AM96="Sand",0,10^(INDEX(Input!$Q$51:$Q$57,MIN(MATCH(MIN(MAX(AR96,30),120),Input!$C$51:$C$57,1),6))+(MIN(MAX(AR96,30),120)-INDEX(Input!$C$51:$C$57,MIN(MATCH(MIN(MAX(AR96,30),120),Input!$C$51:$C$57,1),6)))/(INDEX(Input!$C$51:$C$57,MIN(MATCH(MIN(MAX(AR96,30),120),Input!$C$51:$C$57,1),6)+1)-INDEX(Input!$C$51:$C$57,MIN(MATCH(MIN(MAX(AR96,30),120),Input!$C$51:$C$57,1),6)))*(INDEX(Input!$Q$51:$Q$57,MIN(MATCH(MIN(MAX(AR96,30),120),Input!$C$51:$C$57,1),6)+1)-INDEX(Input!$Q$51:$Q$57,MIN(MATCH(MIN(MAX(AR96,30),120),Input!$C$51:$C$57,1),6))))) -> 0 | BM96: =IF(OR(AM96="Sand",BF96=0),0,Input!$AA$41*(AK96/2)^2/(BL96*0.0001*31536000)) -> 0 | BN96: =MAX(0,MIN(AJ96,Input!$AA$20)-AI96) -> 0 | BO96: =MAX(0,MIN(AJ96,Input!$AA$20)-MAX(AI96,$AA$23)) -> 0 | BP96: =BG96+BK96 -> 2.7611619
C97: 15 | E97: =AI97 -> 21 | H97: =AJ97 -> 22.5 | K97: =AM97 -> Sand | N97: =AN97 -> 49 | Q97: =AO97 -> 19.2 | T97: =IF(AR97="","-",AR97) -> - | V97: =IF(AT97="","-",AT97) -> - | X97: =AU97 -> 0.65 | Z97: =AV97 -> 0 | AC97: =AW97 -> 41.499402 | AI97: 21 | AJ97: 22.5 | AK97: =AJ97-AI97 -> 1.5 | AL97: =(AI97+AJ97)/2 -> 21.75 | AM97: Sand | AN97: 49 | AO97: =IF(AL97>$AA$20,$AA$22,$AA$21) -> 19.2 | AP97: =AP96+AO97*AK97 -> 419.4 | AQ97: =AP97-AO97*AK97/2-10*MAX(AL97-$AA$20,0) -> 277.5 | AT97: =IF(AR97="","",AR97-AS97) | AU97: 0.65 | AV97: =IF(AM97="Sand",0,Input!$AA$34*AN97) -> 0 | AW97: =IF(AM97="Sand",27.1+0.3*MIN(Input!$AA$35*AN97,60)-0.00054*MIN(Input!$AA$35*AN97,60)^2,MIN(MAX(DEGREES(ASIN(0.8-0.094*LN(MAX(IF(AT97="",10,AT97),5)))),20),30)) -> 41.499402 | AX97: =IF(AM97="Sand",Input!$AA$36*Input!$AA$35*AN97,Input!$AA$37*AV97) -> 53067 | AY97: =IF(AM97="Sand",Input!$AA$38,0.5) -> 0.3 | AZ97: =Input!$AA$15/2/AL97 -> 1.7011494 | BA97: =Input!$AA$16/2/AL97 -> 4.6436782 | BB97: =1/(4*PI())*(2*AZ97*BA97*SQRT(AZ97^2+BA97^2+1)/(AZ97^2+BA97^2+1+AZ97^2*BA97^2)*(AZ97^2+BA97^2+2)/(AZ97^2+BA97^2+1)+ATAN2(AZ97^2+BA97^2+1-AZ97^2*BA97^2,2*AZ97*BA97*SQRT(AZ97^2+BA97^2+1))) -> 0.2345726 | BC97: =4*Input!$AA$14*BB97 -> 127.60749 | BD97: =((Input!$AA$16/Input!$AA$15)*LN((1+SQRT((Input!$AA$16/Input!$AA$15)^2+1))*SQRT((Input!$AA$16/Input!$AA$15)^2+(AJ97/(Input!$AA$15/2))^2)/((Input!$AA$16/Input!$AA$15)*(1+SQRT((Input!$AA$16/Input!$AA$15)^2+(AJ97/(Input!$AA$15/2))^2+1))))+LN(((Input!$AA$16/Input!$AA$15)+SQRT((Input!$AA$16/Input!$AA$15)^2+1))*SQRT(1+(AJ97/(Input!$AA$15/2))^2)/((Input!$AA$16/Input!$AA$15)+SQRT((Input!$AA$16/Input!$AA$15)^2+(AJ97/(Input!$AA$15/2))^2+1))))/PI() -> 0.053707964 | BE97: =(AJ97/(Input!$AA$15/2))/(2*PI())*ATAN((Input!$AA$16/Input!$AA$15)/((AJ97/(Input!$AA$15/2))*SQRT((Input!$AA$16/Input!$AA$15)^2+(AJ97/(Input!$AA$15/2))^2+1))) -> 0.095455336 | BF97: =MAX(0,AJ97-MAX(AI97,$AA$23))/AK97*IF(BC97>=Input!$AA$21*AQ97,1,0) -> 1 | BG97: =4*Input!$AA$14*(Input!$AA$15/2)*(1-AY97^2)/AX97*((BD97-BD96)+(1-2*AY97)/(1-AY97)*(BE97-BE96))*1000*BF97 -> 2.7753675 | BH97: =IF(AM97="Sand",0,0.009*(AR97-10)) -> 0 | BI97: =BH97*Input!$AA$39 -> 0 | BJ97: =IF(AM97="Sand",0,MAX(AV97/Input!$AA$40,AQ97)) -> 0 | BK97: =IF(AM97="Sand",0,1000*AK97/(1+AU97)*IF(AQ97+BC97<=BJ97,BI97*LOG10((AQ97+BC97)/AQ97),BI97*LOG10(BJ97/AQ97)+BH97*LOG10((AQ97+BC97)/BJ97)))*BF97 -> 0 | BL97: =IF(AM97="Sand",0,10^(INDEX(Input!$Q$51:$Q$57,MIN(MATCH(MIN(MAX(AR97,30),120),Input!$C$51:$C$57,1),6))+(MIN(MAX(AR97,30),120)-INDEX(Input!$C$51:$C$57,MIN(MATCH(MIN(MAX(AR97,30),120),Input!$C$51:$C$57,1),6)))/(INDEX(Input!$C$51:$C$57,MIN(MATCH(MIN(MAX(AR97,30),120),Input!$C$51:$C$57,1),6)+1)-INDEX(Input!$C$51:$C$57,MIN(MATCH(MIN(MAX(AR97,30),120),Input!$C$51:$C$57,1),6)))*(INDEX(Input!$Q$51:$Q$57,MIN(MATCH(MIN(MAX(AR97,30),120),Input!$C$51:$C$57,1),6)+1)-INDEX(Input!$Q$51:$Q$57,MIN(MATCH(MIN(MAX(AR97,30),120),Input!$C$51:$C$57,1),6))))) -> 0 | BM97: =IF(OR(AM97="Sand",BF97=0),0,Input!$AA$41*(AK97/2)^2/(BL97*0.0001*31536000)) -> 0 | BN97: =MAX(0,MIN(AJ97,Input!$AA$20)-AI97) -> 0 | BO97: =MAX(0,MIN(AJ97,Input!$AA$20)-MAX(AI97,$AA$23)) -> 0 | BP97: =BG97+BK97 -> 2.7753675
C98: 16 | E98: =AI98 -> 22.5 | H98: =AJ98 -> 24 | K98: =AM98 -> Clay | N98: =AN98 -> 44 | Q98: =AO98 -> 19.2 | T98: =IF(AR98="","-",AR98) -> 31.31 | V98: =IF(AT98="","-",AT98) -> 11.07 | X98: =AU98 -> 0.662 | Z98: =AV98 -> 220 | AC98: =AW98 -> 30 | AI98: 22.5 | AJ98: 24 | AK98: =AJ98-AI98 -> 1.5 | AL98: =(AI98+AJ98)/2 -> 23.25 | AM98: Clay | AN98: 44 | AO98: =IF(AL98>$AA$20,$AA$22,$AA$21) -> 19.2 | AP98: =AP97+AO98*AK98 -> 448.2 | AQ98: =AP98-AO98*AK98/2-10*MAX(AL98-$AA$20,0) -> 291.3 | AR98: 31.31 | AS98: 20.24 | AT98: =IF(AR98="","",AR98-AS98) -> 11.07 | AU98: 0.662 | AV98: =IF(AM98="Sand",0,Input!$AA$34*AN98) -> 220 | AW98: =IF(AM98="Sand",27.1+0.3*MIN(Input!$AA$35*AN98,60)-0.00054*MIN(Input!$AA$35*AN98,60)^2,MIN(MAX(DEGREES(ASIN(0.8-0.094*LN(MAX(IF(AT98="",10,AT98),5)))),20),30)) -> 30 | AX98: =IF(AM98="Sand",Input!$AA$36*Input!$AA$35*AN98,Input!$AA$37*AV98) -> 110000 | AY98: =IF(AM98="Sand",Input!$AA$38,0.5) -> 0.5 | AZ98: =Input!$AA$15/2/AL98 -> 1.5913978 | BA98: =Input!$AA$16/2/AL98 -> 4.344086 | BB98: =1/(4*PI())*(2*AZ98*BA98*SQRT(AZ98^2+BA98^2+1)/(AZ98^2+BA98^2+1+AZ98^2*BA98^2)*(AZ98^2+BA98^2+2)/(AZ98^2+BA98^2+1)+ATAN2(AZ98^2+BA98^2+1-AZ98^2*BA98^2,2*AZ98*BA98*SQRT(AZ98^2+BA98^2+1))) -> 0.23195093 | BC98: =4*Input!$AA$14*BB98 -> 126.18131 | BD98: =((Input!$AA$16/Input!$AA$15)*LN((1+SQRT((Input!$AA$16/Input!$AA$15)^2+1))*SQRT((Input!$AA$16/Input!$AA$15)^2+(AJ98/(Input!$AA$15/2))^2)/((Input!$AA$16/Input!$AA$15)*(1+SQRT((Input!$AA$16/Input!$AA$15)^2+(AJ98/(Input!$AA$15/2))^2+1))))+LN(((Input!$AA$16/Input!$AA$15)+SQRT((Input!$AA$16/Input!$AA$15)^2+1))*SQRT(1+(AJ98/(Input!$AA$15/2))^2)/((Input!$AA$16/Input!$AA$15)+SQRT((Input!$AA$16/Input!$AA$15)^2+(AJ98/(Input!$AA$15/2))^2+1))))/PI() -> 0.059990779 | BE98: =(AJ98/(Input!$AA$15/2))/(2*PI())*ATAN((Input!$AA$16/Input!$AA$15)/((AJ98/(Input!$AA$15/2))*SQRT((Input!$AA$16/Input!$AA$15)^2+(AJ98/(Input!$AA$15/2))^2+1))) -> 0.098575674 | BF98: =MAX(0,AJ98-MAX(AI98,$AA$23))/AK98*IF(BC98>=Input!$AA$21*AQ98,1,0) -> 1 | BG98: =4*Input!$AA$14*(Input!$AA$15/2)*(1-AY98^2)/AX98*((BD98-BD97)+(1-2*AY98)/(1-AY98)*(BE98-BE97))*1000*BF98 -> 0.86223062 | BH98: =IF(AM98="Sand",0,0.009*(AR98-10)) -> 0.19179 | BI98: =BH98*Input!$AA$39 -> 0.038358 | BJ98: =IF(AM98="Sand",0,MAX(AV98/Input!$AA$40,AQ98)) -> 1000 | BK98: =IF(AM98="Sand",0,1000*AK98/(1+AU98)*IF(AQ98+BC98<=BJ98,BI98*LOG10((AQ98+BC98)/AQ98),BI98*LOG10(BJ98/AQ98)+BH98*LOG10((AQ98+BC98)/BJ98)))*BF98 -> 5.4108511 | BL98: =IF(AM98="Sand",0,10^(INDEX(Input!$Q$51:$Q$57,MIN(MATCH(MIN(MAX(AR98,30),120),Input!$C$51:$C$57,1),6))+(MIN(MAX(AR98,30),120)-INDEX(Input!$C$51:$C$57,MIN(MATCH(MIN(MAX(AR98,30),120),Input!$C$51:$C$57,1),6)))/(INDEX(Input!$C$51:$C$57,MIN(MATCH(MIN(MAX(AR98,30),120),Input!$C$51:$C$57,1),6)+1)-INDEX(Input!$C$51:$C$57,MIN(MATCH(MIN(MAX(AR98,30),120),Input!$C$51:$C$57,1),6)))*(INDEX(Input!$Q$51:$Q$57,MIN(MATCH(MIN(MAX(AR98,30),120),Input!$C$51:$C$57,1),6)+1)-INDEX(Input!$Q$51:$Q$57,MIN(MATCH(MIN(MAX(AR98,30),120),Input!$C$51:$C$57,1),6))))) -> 0.0027395948 | BM98: =IF(OR(AM98="Sand",BF98=0),0,Input!$AA$41*(AK98/2)^2/(BL98*0.0001*31536000)) -> 0.055210979 | BN98: =MAX(0,MIN(AJ98,Input!$AA$20)-AI98) -> 0 | BO98: =MAX(0,MIN(AJ98,Input!$AA$20)-MAX(AI98,$AA$23)) -> 0 | BP98: =BG98+BK98 -> 6.2730817
C99: 17 | E99: =AI99 -> 24 | H99: =AJ99 -> 25.5 | K99: =AM99 -> Clay | N99: =AN99 -> 20 | Q99: =AO99 -> 19.2 | T99: =IF(AR99="","-",AR99) -> 34.63 | V99: =IF(AT99="","-",AT99) -> 10.51 | X99: =AU99 -> 0.775 | Z99: =AV99 -> 100 | AC99: =AW99 -> 30 | AI99: 24 | AJ99: 25.5 | AK99: =AJ99-AI99 -> 1.5 | AL99: =(AI99+AJ99)/2 -> 24.75 | AM99: Clay | AN99: 20 | AO99: =IF(AL99>$AA$20,$AA$22,$AA$21) -> 19.2 | AP99: =AP98+AO99*AK99 -> 477 | AQ99: =AP99-AO99*AK99/2-10*MAX(AL99-$AA$20,0) -> 305.1 | AR99: 34.63 | AS99: 24.12 | AT99: =IF(AR99="","",AR99-AS99) -> 10.51 | AU99: 0.775 | AV99: =IF(AM99="Sand",0,Input!$AA$34*AN99) -> 100 | AW99: =IF(AM99="Sand",27.1+0.3*MIN(Input!$AA$35*AN99,60)-0.00054*MIN(Input!$AA$35*AN99,60)^2,MIN(MAX(DEGREES(ASIN(0.8-0.094*LN(MAX(IF(AT99="",10,AT99),5)))),20),30)) -> 30 | AX99: =IF(AM99="Sand",Input!$AA$36*Input!$AA$35*AN99,Input!$AA$37*AV99) -> 50000 | AY99: =IF(AM99="Sand",Input!$AA$38,0.5) -> 0.5 | AZ99: =Input!$AA$15/2/AL99 -> 1.4949495 | BA99: =Input!$AA$16/2/AL99 -> 4.0808081 | BB99: =1/(4*PI())*(2*AZ99*BA99*SQRT(AZ99^2+BA99^2+1)/(AZ99^2+BA99^2+1+AZ99^2*BA99^2)*(AZ99^2+BA99^2+2)/(AZ99^2+BA99^2+1)+ATAN2(AZ99^2+BA99^2+1-AZ99^2*BA99^2,2*AZ99*BA99*SQRT(AZ99^2+BA99^2+1))) -> 0.22917335 | BC99: =4*Input!$AA$14*BB99 -> 124.6703 | BD99: =((Input!$AA$16/Input!$AA$15)*LN((1+SQRT((Input!$AA$16/Input!$AA$15)^2+1))*SQRT((Input!$AA$16/Input!$AA$15)^2+(AJ99/(Input!$AA$15/2))^2)/((Input!$AA$16/Input!$AA$15)*(1+SQRT((Input!$AA$16/Input!$AA$15)^2+(AJ99/(Input!$AA$15/2))^2+1))))+LN(((Input!$AA$16/Input!$AA$15)+SQRT((Input!$AA$16/Input!$AA$15)^2+1))*SQRT(1+(AJ99/(Input!$AA$15/2))^2)/((Input!$AA$16/Input!$AA$15)+SQRT((Input!$AA$16/Input!$AA$15)^2+(AJ99/(Input!$AA$15/2))^2+1))))/PI() -> 0.066446818 | BE99: =(AJ99/(Input!$AA$15/2))/(2*PI())*ATAN((Input!$AA$16/Input!$AA$15)/((AJ99/(Input!$AA$15/2))*SQRT((Input!$AA$16/Input!$AA$15)^2+(AJ99/(Input!$AA$15/2))^2+1))) -> 0.10141021 | BF99: =MAX(0,AJ99-MAX(AI99,$AA$23))/AK99*IF(BC99>=Input!$AA$21*AQ99,1,0) -> 1 | BG99: =4*Input!$AA$14*(Input!$AA$15/2)*(1-AY99^2)/AX99*((BD99-BD98)+(1-2*AY99)/(1-AY99)*(BE99-BE98))*1000*BF99 -> 1.9492076 | BH99: =IF(AM99="Sand",0,0.009*(AR99-10)) -> 0.22167 | BI99: =BH99*Input!$AA$39 -> 0.044334 | BJ99: =IF(AM99="Sand",0,MAX(AV99/Input!$AA$40,AQ99)) -> 454.54545 | BK99: =IF(AM99="Sand",0,1000*AK99/(1+AU99)*IF(AQ99+BC99<=BJ99,BI99*LOG10((AQ99+BC99)/AQ99),BI99*LOG10(BJ99/AQ99)+BH99*LOG10((AQ99+BC99)/BJ99)))*BF99 -> 5.5746269 | BL99: =IF(AM99="Sand",0,10^(INDEX(Input!$Q$51:$Q$57,MIN(MATCH(MIN(MAX(AR99,30),120),Input!$C$51:$C$57,1),6))+(MIN(MAX(AR99,30),120)-INDEX(Input!$C$51:$C$57,MIN(MATCH(MIN(MAX(AR99,30),120),Input!$C$51:$C$57,1),6)))/(INDEX(Input!$C$51:$C$57,MIN(MATCH(MIN(MAX(AR99,30),120),Input!$C$51:$C$57,1),6)+1)-INDEX(Input!$C$51:$C$57,MIN(MATCH(MIN(MAX(AR99,30),120),Input!$C$51:$C$57,1),6)))*(INDEX(Input!$Q$51:$Q$57,MIN(MATCH(MIN(MAX(AR99,30),120),Input!$C$51:$C$57,1),6)+1)-INDEX(Input!$Q$51:$Q$57,MIN(MATCH(MIN(MAX(AR99,30),120),Input!$C$51:$C$57,1),6))))) -> 0.0021764283 | BM99: =IF(OR(AM99="Sand",BF99=0),0,Input!$AA$41*(AK99/2)^2/(BL99*0.0001*31536000)) -> 0.069497216 | BN99: =MAX(0,MIN(AJ99,Input!$AA$20)-AI99) -> 0 | BO99: =MAX(0,MIN(AJ99,Input!$AA$20)-MAX(AI99,$AA$23)) -> 0 | BP99: =BG99+BK99 -> 7.5238344
C100: 18 | E100: =AI100 -> 25.5 | H100: =AJ100 -> 27 | K100: =AM100 -> Clay | N100: =AN100 -> 21 | Q100: =AO100 -> 19.2 | T100: =IF(AR100="","-",AR100) -> 29.665 | V100: =IF(AT100="","-",AT100) -> 9.859 | X100: =AU100 -> 0.401 | Z100: =AV100 -> 105 | AC100: =AW100 -> 30 | AI100: 25.5 | AJ100: 27 | AK100: =AJ100-AI100 -> 1.5 | AL100: =(AI100+AJ100)/2 -> 26.25 | AM100: Clay | AN100: 21 | AO100: =IF(AL100>$AA$20,$AA$22,$AA$21) -> 19.2 | AP100: =AP99+AO100*AK100 -> 505.8 | AQ100: =AP100-AO100*AK100/2-10*MAX(AL100-$AA$20,0) -> 318.9 | AR100: 29.665 | AS100: 19.806 | AT100: =IF(AR100="","",AR100-AS100) -> 9.859 | AU100: 0.401 | AV100: =IF(AM100="Sand",0,Input!$AA$34*AN100) -> 105 | AW100: =IF(AM100="Sand",27.1+0.3*MIN(Input!$AA$35*AN100,60)-0.00054*MIN(Input!$AA$35*AN100,60)^2,MIN(MAX(DEGREES(ASIN(0.8-0.094*LN(MAX(IF(AT100="",10,AT100),5)))),20),30)) -> 30 | AX100: =IF(AM100="Sand",Input!$AA$36*Input!$AA$35*AN100,Input!$AA$37*AV100) -> 52500 | AY100: =IF(AM100="Sand",Input!$AA$38,0.5) -> 0.5 | AZ100: =Input!$AA$15/2/AL100 -> 1.4095238 | BA100: =Input!$AA$16/2/AL100 -> 3.847619 | BB100: =1/(4*PI())*(2*AZ100*BA100*SQRT(AZ100^2+BA100^2+1)/(AZ100^2+BA100^2+1+AZ100^2*BA100^2)*(AZ100^2+BA100^2+2)/(AZ100^2+BA100^2+1)+ATAN2(AZ100^2+BA100^2+1-AZ100^2*BA100^2,2*AZ100*BA100*SQRT(AZ100^2+BA100^2+1))) -> 0.22625866 | BC100: =4*Input!$AA$14*BB100 -> 123.08471 | BD100: =((Input!$AA$16/Input!$AA$15)*LN((1+SQRT((Input!$AA$16/Input!$AA$15)^2+1))*SQRT((Input!$AA$16/Input!$AA$15)^2+(AJ100/(Input!$AA$15/2))^2)/((Input!$AA$16/Input!$AA$15)*(1+SQRT((Input!$AA$16/Input!$AA$15)^2+(AJ100/(Input!$AA$15/2))^2+1))))+LN(((Input!$AA$16/Input!$AA$15)+SQRT((Input!$AA$16/Input!$AA$15)^2+1))*SQRT(1+(AJ100/(Input!$AA$15/2))^2)/((Input!$AA$16/Input!$AA$15)+SQRT((Input!$AA$16/Input!$AA$15)^2+(AJ100/(Input!$AA$15/2))^2+1))))/PI() -> 0.073050975 | BE100: =(AJ100/(Input!$AA$15/2))/(2*PI())*ATAN((Input!$AA$16/Input!$AA$15)/((AJ100/(Input!$AA$15/2))*SQRT((Input!$AA$16/Input!$AA$15)^2+(AJ100/(Input!$AA$15/2))^2+1))) -> 0.10397851 | BF100: =MAX(0,AJ100-MAX(AI100,$AA$23))/AK100*IF(BC100>=Input!$AA$21*AQ100,1,0) -> 1 | BG100: =4*Input!$AA$14*(Input!$AA$15/2)*(1-AY100^2)/AX100*((BD100-BD99)+(1-2*AY100)/(1-AY100)*(BE100-BE99))*1000*BF100 -> 1.8989779 | BH100: =IF(AM100="Sand",0,0.009*(AR100-10)) -> 0.176985 | BI100: =BH100*Input!$AA$39 -> 0.035397 | BJ100: =IF(AM100="Sand",0,MAX(AV100/Input!$AA$40,AQ100)) -> 477.27273 | BK100: =IF(AM100="Sand",0,1000*AK100/(1+AU100)*IF(AQ100+BC100<=BJ100,BI100*LOG10((AQ100+BC100)/AQ100),BI100*LOG10(BJ100/AQ100)+BH100*LOG10((AQ100+BC100)/BJ100)))*BF100 -> 5.3721855 | BL100: =IF(AM100="Sand",0,10^(INDEX(Input!$Q$51:$Q$57,MIN(MATCH(MIN(MAX(AR100,30),120),Input!$C$51:$C$57,1),6))+(MIN(MAX(AR100,30),120)-INDEX(Input!$C$51:$C$57,MIN(MATCH(MIN(MAX(AR100,30),120),Input!$C$51:$C$57,1),6)))/(INDEX(Input!$C$51:$C$57,MIN(MATCH(MIN(MAX(AR100,30),120),Input!$C$51:$C$57,1),6)+1)-INDEX(Input!$C$51:$C$57,MIN(MATCH(MIN(MAX(AR100,30),120),Input!$C$51:$C$57,1),6)))*(INDEX(Input!$Q$51:$Q$57,MIN(MATCH(MIN(MAX(AR100,30),120),Input!$C$51:$C$57,1),6)+1)-INDEX(Input!$Q$51:$Q$57,MIN(MATCH(MIN(MAX(AR100,30),120),Input!$C$51:$C$57,1),6))))) -> 0.003 | BM100: =IF(OR(AM100="Sand",BF100=0),0,Input!$AA$41*(AK100/2)^2/(BL100*0.0001*31536000)) -> 0.050418569 | BN100: =MAX(0,MIN(AJ100,Input!$AA$20)-AI100) -> 0 | BO100: =MAX(0,MIN(AJ100,Input!$AA$20)-MAX(AI100,$AA$23)) -> 0 | BP100: =BG100+BK100 -> 7.2711634 | BQ100: LL/PL/e0 = borehole average
C101: 19 | E101: =AI101 -> 27 | H101: =AJ101 -> 28.5 | K101: =AM101 -> Sand | N101: =AN101 -> 21 | Q101: =AO101 -> 19.2 | T101: =IF(AR101="","-",AR101) -> - | V101: =IF(AT101="","-",AT101) -> - | X101: =AU101 -> 0.474 | Z101: =AV101 -> 0 | AC101: =AW101 -> 33.643588 | AI101: 27 | AJ101: 28.5 | AK101: =AJ101-AI101 -> 1.5 | AL101: =(AI101+AJ101)/2 -> 27.75 | AM101: Sand | AN101: 21 | AO101: =IF(AL101>$AA$20,$AA$22,$AA$21) -> 19.2 | AP101: =AP100+AO101*AK101 -> 534.6 | AQ101: =AP101-AO101*AK101/2-10*MAX(AL101-$AA$20,0) -> 332.7 | AT101: =IF(AR101="","",AR101-AS101) | AU101: 0.474 | AV101: =IF(AM101="Sand",0,Input!$AA$34*AN101) -> 0 | AW101: =IF(AM101="Sand",27.1+0.3*MIN(Input!$AA$35*AN101,60)-0.00054*MIN(Input!$AA$35*AN101,60)^2,MIN(MAX(DEGREES(ASIN(0.8-0.094*LN(MAX(IF(AT101="",10,AT101),5)))),20),30)) -> 33.643588 | AX101: =IF(AM101="Sand",Input!$AA$36*Input!$AA$35*AN101,Input!$AA$37*AV101) -> 22743 | AY101: =IF(AM101="Sand",Input!$AA$38,0.5) -> 0.3 | AZ101: =Input!$AA$15/2/AL101 -> 1.3333333 | BA101: =Input!$AA$16/2/AL101 -> 3.6396396 | BB101: =1/(4*PI())*(2*AZ101*BA101*SQRT(AZ101^2+BA101^2+1)/(AZ101^2+BA101^2+1+AZ101^2*BA101^2)*(AZ101^2+BA101^2+2)/(AZ101^2+BA101^2+1)+ATAN2(AZ101^2+BA101^2+1-AZ101^2*BA101^2,2*AZ101*BA101*SQRT(AZ101^2+BA101^2+1))) -> 0.22322566 | BC101: =4*Input!$AA$14*BB101 -> 121.43476 | BD101: =((Input!$AA$16/Input!$AA$15)*LN((1+SQRT((Input!$AA$16/Input!$AA$15)^2+1))*SQRT((Input!$AA$16/Input!$AA$15)^2+(AJ101/(Input!$AA$15/2))^2)/((Input!$AA$16/Input!$AA$15)*(1+SQRT((Input!$AA$16/Input!$AA$15)^2+(AJ101/(Input!$AA$15/2))^2+1))))+LN(((Input!$AA$16/Input!$AA$15)+SQRT((Input!$AA$16/Input!$AA$15)^2+1))*SQRT(1+(AJ101/(Input!$AA$15/2))^2)/((Input!$AA$16/Input!$AA$15)+SQRT((Input!$AA$16/Input!$AA$15)^2+(AJ101/(Input!$AA$15/2))^2+1))))/PI() -> 0.079779867 | BE101: =(AJ101/(Input!$AA$15/2))/(2*PI())*ATAN((Input!$AA$16/Input!$AA$15)/((AJ101/(Input!$AA$15/2))*SQRT((Input!$AA$16/Input!$AA$15)^2+(AJ101/(Input!$AA$15/2))^2+1))) -> 0.10629913 | BF101: =MAX(0,AJ101-MAX(AI101,$AA$23))/AK101*IF(BC101>=Input!$AA$21*AQ101,1,0) -> 1 | BG101: =4*Input!$AA$14*(Input!$AA$15/2)*(1-AY101^2)/AX101*((BD101-BD100)+(1-2*AY101)/(1-AY101)*(BE101-BE100))*1000*BF101 -> 6.4872099 | BH101: =IF(AM101="Sand",0,0.009*(AR101-10)) -> 0 | BI101: =BH101*Input!$AA$39 -> 0 | BJ101: =IF(AM101="Sand",0,MAX(AV101/Input!$AA$40,AQ101)) -> 0 | BK101: =IF(AM101="Sand",0,1000*AK101/(1+AU101)*IF(AQ101+BC101<=BJ101,BI101*LOG10((AQ101+BC101)/AQ101),BI101*LOG10(BJ101/AQ101)+BH101*LOG10((AQ101+BC101)/BJ101)))*BF101 -> 0 | BL101: =IF(AM101="Sand",0,10^(INDEX(Input!$Q$51:$Q$57,MIN(MATCH(MIN(MAX(AR101,30),120),Input!$C$51:$C$57,1),6))+(MIN(MAX(AR101,30),120)-INDEX(Input!$C$51:$C$57,MIN(MATCH(MIN(MAX(AR101,30),120),Input!$C$51:$C$57,1),6)))/(INDEX(Input!$C$51:$C$57,MIN(MATCH(MIN(MAX(AR101,30),120),Input!$C$51:$C$57,1),6)+1)-INDEX(Input!$C$51:$C$57,MIN(MATCH(MIN(MAX(AR101,30),120),Input!$C$51:$C$57,1),6)))*(INDEX(Input!$Q$51:$Q$57,MIN(MATCH(MIN(MAX(AR101,30),120),Input!$C$51:$C$57,1),6)+1)-INDEX(Input!$Q$51:$Q$57,MIN(MATCH(MIN(MAX(AR101,30),120),Input!$C$51:$C$57,1),6))))) -> 0 | BM101: =IF(OR(AM101="Sand",BF101=0),0,Input!$AA$41*(AK101/2)^2/(BL101*0.0001*31536000)) -> 0 | BN101: =MAX(0,MIN(AJ101,Input!$AA$20)-AI101) -> 0 | BO101: =MAX(0,MIN(AJ101,Input!$AA$20)-MAX(AI101,$AA$23)) -> 0 | BP101: =BG101+BK101 -> 6.4872099
C102: 20 | E102: =AI102 -> 28.5 | H102: =AJ102 -> 30 | K102: =AM102 -> Clay | N102: =AN102 -> 48 | Q102: =AO102 -> 19.2 | T102: =IF(AR102="","-",AR102) -> 37.95 | V102: =IF(AT102="","-",AT102) -> 17.38 | X102: =AU102 -> 0.745 | Z102: =AV102 -> 240 | AC102: =AW102 -> 30 | AI102: 28.5 | AJ102: 30 | AK102: =AJ102-AI102 -> 1.5 | AL102: =(AI102+AJ102)/2 -> 29.25 | AM102: Clay | AN102: 48 | AO102: =IF(AL102>$AA$20,$AA$22,$AA$21) -> 19.2 | AP102: =AP101+AO102*AK102 -> 563.4 | AQ102: =AP102-AO102*AK102/2-10*MAX(AL102-$AA$20,0) -> 346.5 | AR102: 37.95 | AS102: 20.57 | AT102: =IF(AR102="","",AR102-AS102) -> 17.38 | AU102: 0.745 | AV102: =IF(AM102="Sand",0,Input!$AA$34*AN102) -> 240 | AW102: =IF(AM102="Sand",27.1+0.3*MIN(Input!$AA$35*AN102,60)-0.00054*MIN(Input!$AA$35*AN102,60)^2,MIN(MAX(DEGREES(ASIN(0.8-0.094*LN(MAX(IF(AT102="",10,AT102),5)))),20),30)) -> 30 | AX102: =IF(AM102="Sand",Input!$AA$36*Input!$AA$35*AN102,Input!$AA$37*AV102) -> 120000 | AY102: =IF(AM102="Sand",Input!$AA$38,0.5) -> 0.5 | AZ102: =Input!$AA$15/2/AL102 -> 1.2649573 | BA102: =Input!$AA$16/2/AL102 -> 3.4529915 | BB102: =1/(4*PI())*(2*AZ102*BA102*SQRT(AZ102^2+BA102^2+1)/(AZ102^2+BA102^2+1+AZ102^2*BA102^2)*(AZ102^2+BA102^2+2)/(AZ102^2+BA102^2+1)+ATAN2(AZ102^2+BA102^2+1-AZ102^2*BA102^2,2*AZ102*BA102*SQRT(AZ102^2+BA102^2+1))) -> 0.22009272 | BC102: =4*Input!$AA$14*BB102 -> 119.73044 | BD102: =((Input!$AA$16/Input!$AA$15)*LN((1+SQRT((Input!$AA$16/Input!$AA$15)^2+1))*SQRT((Input!$AA$16/Input!$AA$15)^2+(AJ102/(Input!$AA$15/2))^2)/((Input!$AA$16/Input!$AA$15)*(1+SQRT((Input!$AA$16/Input!$AA$15)^2+(AJ102/(Input!$AA$15/2))^2+1))))+LN(((Input!$AA$16/Input!$AA$15)+SQRT((Input!$AA$16/Input!$AA$15)^2+1))*SQRT(1+(AJ102/(Input!$AA$15/2))^2)/((Input!$AA$16/Input!$AA$15)+SQRT((Input!$AA$16/Input!$AA$15)^2+(AJ102/(Input!$AA$15/2))^2+1))))/PI() -> 0.08661187 | BE102: =(AJ102/(Input!$AA$15/2))/(2*PI())*ATAN((Input!$AA$16/Input!$AA$15)/((AJ102/(Input!$AA$15/2))*SQRT((Input!$AA$16/Input!$AA$15)^2+(AJ102/(Input!$AA$15/2))^2+1))) -> 0.10838967 | BF102: =MAX(0,AJ102-MAX(AI102,$AA$23))/AK102*IF(BC102>=Input!$AA$21*AQ102,1,0) -> 1 | BG102: =4*Input!$AA$14*(Input!$AA$15/2)*(1-AY102^2)/AX102*((BD102-BD101)+(1-2*AY102)/(1-AY102)*(BE102-BE101))*1000*BF102 -> 0.85946603 | BH102: =IF(AM102="Sand",0,0.009*(AR102-10)) -> 0.25155 | BI102: =BH102*Input!$AA$39 -> 0.05031 | BJ102: =IF(AM102="Sand",0,MAX(AV102/Input!$AA$40,AQ102)) -> 1090.9091 | BK102: =IF(AM102="Sand",0,1000*AK102/(1+AU102)*IF(AQ102+BC102<=BJ102,BI102*LOG10((AQ102+BC102)/AQ102),BI102*LOG10(BJ102/AQ102)+BH102*LOG10((AQ102+BC102)/BJ102)))*BF102 -> 5.5743502 | BL102: =IF(AM102="Sand",0,10^(INDEX(Input!$Q$51:$Q$57,MIN(MATCH(MIN(MAX(AR102,30),120),Input!$C$51:$C$57,1),6))+(MIN(MAX(AR102,30),120)-INDEX(Input!$C$51:$C$57,MIN(MATCH(MIN(MAX(AR102,30),120),Input!$C$51:$C$57,1),6)))/(INDEX(Input!$C$51:$C$57,MIN(MATCH(MIN(MAX(AR102,30),120),Input!$C$51:$C$57,1),6)+1)-INDEX(Input!$C$51:$C$57,MIN(MATCH(MIN(MAX(AR102,30),120),Input!$C$51:$C$57,1),6)))*(INDEX(Input!$Q$51:$Q$57,MIN(MATCH(MIN(MAX(AR102,30),120),Input!$C$51:$C$57,1),6)+1)-INDEX(Input!$Q$51:$Q$57,MIN(MATCH(MIN(MAX(AR102,30),120),Input!$C$51:$C$57,1),6))))) -> 0.0017290295 | BM102: =IF(OR(AM102="Sand",BF102=0),0,Input!$AA$41*(AK102/2)^2/(BL102*0.0001*31536000)) -> 0.087480119 | BN102: =MAX(0,MIN(AJ102,Input!$AA$20)-AI102) -> 0 | BO102: =MAX(0,MIN(AJ102,Input!$AA$20)-MAX(AI102,$AA$23)) -> 0 | BP102: =BG102+BK102 -> 6.4338162
C103: 21 | E103: =AI103 -> 30 | H103: =AJ103 -> 31.5 | K103: =AM103 -> Clay | N103: =AN103 -> 50 | Q103: =AO103 -> 19.2 | T103: =IF(AR103="","-",AR103) -> 29.665 | V103: =IF(AT103="","-",AT103) -> 9.859 | X103: =AU103 -> 0.681 | Z103: =AV103 -> 250 | AC103: =AW103 -> 30 | AI103: 30 | AJ103: 31.5 | AK103: =AJ103-AI103 -> 1.5 | AL103: =(AI103+AJ103)/2 -> 30.75 | AM103: Clay | AN103: 50 | AO103: =IF(AL103>$AA$20,$AA$22,$AA$21) -> 19.2 | AP103: =AP102+AO103*AK103 -> 592.2 | AQ103: =AP103-AO103*AK103/2-10*MAX(AL103-$AA$20,0) -> 360.3 | AR103: 29.665 | AS103: 19.806 | AT103: =IF(AR103="","",AR103-AS103) -> 9.859 | AU103: 0.681 | AV103: =IF(AM103="Sand",0,Input!$AA$34*AN103) -> 250 | AW103: =IF(AM103="Sand",27.1+0.3*MIN(Input!$AA$35*AN103,60)-0.00054*MIN(Input!$AA$35*AN103,60)^2,MIN(MAX(DEGREES(ASIN(0.8-0.094*LN(MAX(IF(AT103="",10,AT103),5)))),20),30)) -> 30 | AX103: =IF(AM103="Sand",Input!$AA$36*Input!$AA$35*AN103,Input!$AA$37*AV103) -> 125000 | AY103: =IF(AM103="Sand",Input!$AA$38,0.5) -> 0.5 | AZ103: =Input!$AA$15/2/AL103 -> 1.203252 | BA103: =Input!$AA$16/2/AL103 -> 3.2845528 | BB103: =1/(4*PI())*(2*AZ103*BA103*SQRT(AZ103^2+BA103^2+1)/(AZ103^2+BA103^2+1+AZ103^2*BA103^2)*(AZ103^2+BA103^2+2)/(AZ103^2+BA103^2+1)+ATAN2(AZ103^2+BA103^2+1-AZ103^2*BA103^2,2*AZ103*BA103*SQRT(AZ103^2+BA103^2+1))) -> 0.21687743 | BC103: =4*Input!$AA$14*BB103 -> 117.98132 | BD103: =((Input!$AA$16/Input!$AA$15)*LN((1+SQRT((Input!$AA$16/Input!$AA$15)^2+1))*SQRT((Input!$AA$16/Input!$AA$15)^2+(AJ103/(Input!$AA$15/2))^2)/((Input!$AA$16/Input!$AA$15)*(1+SQRT((Input!$AA$16/Input!$AA$15)^2+(AJ103/(Input!$AA$15/2))^2+1))))+LN(((Input!$AA$16/Input!$AA$15)+SQRT((Input!$AA$16/Input!$AA$15)^2+1))*SQRT(1+(AJ103/(Input!$AA$15/2))^2)/((Input!$AA$16/Input!$AA$15)+SQRT((Input!$AA$16/Input!$AA$15)^2+(AJ103/(Input!$AA$15/2))^2+1))))/PI() -> 0.0935271 | BE103: =(AJ103/(Input!$AA$15/2))/(2*PI())*ATAN((Input!$AA$16/Input!$AA$15)/((AJ103/(Input!$AA$15/2))*SQRT((Input!$AA$16/Input!$AA$15)^2+(AJ103/(Input!$AA$15/2))^2+1))) -> 0.11026666 | BF103: =MAX(0,AJ103-MAX(AI103,$AA$23))/AK103*IF(BC103>=Input!$AA$21*AQ103,1,0) -> 1 | BG103: =4*Input!$AA$14*(Input!$AA$15/2)*(1-AY103^2)/AX103*((BD103-BD102)+(1-2*AY103)/(1-AY103)*(BE103-BE102))*1000*BF103 -> 0.83513847 | BH103: =IF(AM103="Sand",0,0.009*(AR103-10)) -> 0.176985 | BI103: =BH103*Input!$AA$39 -> 0.035397 | BJ103: =IF(AM103="Sand",0,MAX(AV103/Input!$AA$40,AQ103)) -> 1136.3636 | BK103: =IF(AM103="Sand",0,1000*AK103/(1+AU103)*IF(AQ103+BC103<=BJ103,BI103*LOG10((AQ103+BC103)/AQ103),BI103*LOG10(BJ103/AQ103)+BH103*LOG10((AQ103+BC103)/BJ103)))*BF103 -> 3.8856418 | BL103: =IF(AM103="Sand",0,10^(INDEX(Input!$Q$51:$Q$57,MIN(MATCH(MIN(MAX(AR103,30),120),Input!$C$51:$C$57,1),6))+(MIN(MAX(AR103,30),120)-INDEX(Input!$C$51:$C$57,MIN(MATCH(MIN(MAX(AR103,30),120),Input!$C$51:$C$57,1),6)))/(INDEX(Input!$C$51:$C$57,MIN(MATCH(MIN(MAX(AR103,30),120),Input!$C$51:$C$57,1),6)+1)-INDEX(Input!$C$51:$C$57,MIN(MATCH(MIN(MAX(AR103,30),120),Input!$C$51:$C$57,1),6)))*(INDEX(Input!$Q$51:$Q$57,MIN(MATCH(MIN(MAX(AR103,30),120),Input!$C$51:$C$57,1),6)+1)-INDEX(Input!$Q$51:$Q$57,MIN(MATCH(MIN(MAX(AR103,30),120),Input!$C$51:$C$57,1),6))))) -> 0.003 | BM103: =IF(OR(AM103="Sand",BF103=0),0,Input!$AA$41*(AK103/2)^2/(BL103*0.0001*31536000)) -> 0.050418569 | BN103: =MAX(0,MIN(AJ103,Input!$AA$20)-AI103) -> 0 | BO103: =MAX(0,MIN(AJ103,Input!$AA$20)-MAX(AI103,$AA$23)) -> 0 | BP103: =BG103+BK103 -> 4.7207803 | BQ103: LL/PL/e0 = borehole average
C104: 22 | E104: =AI104 -> 31.5 | H104: =AJ104 -> 33 | K104: =AM104 -> Clay | N104: =AN104 -> 50 | Q104: =AO104 -> 19.2 | T104: =IF(AR104="","-",AR104) -> 29.665 | V104: =IF(AT104="","-",AT104) -> 9.859 | X104: =AU104 -> 0.681 | Z104: =AV104 -> 250 | AC104: =AW104 -> 30 | AI104: 31.5 | AJ104: 33 | AK104: =AJ104-AI104 -> 1.5 | AL104: =(AI104+AJ104)/2 -> 32.25 | AM104: Clay | AN104: 50 | AO104: =IF(AL104>$AA$20,$AA$22,$AA$21) -> 19.2 | AP104: =AP103+AO104*AK104 -> 621 | AQ104: =AP104-AO104*AK104/2-10*MAX(AL104-$AA$20,0) -> 374.1 | AR104: 29.665 | AS104: 19.806 | AT104: =IF(AR104="","",AR104-AS104) -> 9.859 | AU104: 0.681 | AV104: =IF(AM104="Sand",0,Input!$AA$34*AN104) -> 250 | AW104: =IF(AM104="Sand",27.1+0.3*MIN(Input!$AA$35*AN104,60)-0.00054*MIN(Input!$AA$35*AN104,60)^2,MIN(MAX(DEGREES(ASIN(0.8-0.094*LN(MAX(IF(AT104="",10,AT104),5)))),20),30)) -> 30 | AX104: =IF(AM104="Sand",Input!$AA$36*Input!$AA$35*AN104,Input!$AA$37*AV104) -> 125000 | AY104: =IF(AM104="Sand",Input!$AA$38,0.5) -> 0.5 | AZ104: =Input!$AA$15/2/AL104 -> 1.1472868 | BA104: =Input!$AA$16/2/AL104 -> 3.1317829 | BB104: =1/(4*PI())*(2*AZ104*BA104*SQRT(AZ104^2+BA104^2+1)/(AZ104^2+BA104^2+1+AZ104^2*BA104^2)*(AZ104^2+BA104^2+2)/(AZ104^2+BA104^2+1)+ATAN2(AZ104^2+BA104^2+1-AZ104^2*BA104^2,2*AZ104*BA104*SQRT(AZ104^2+BA104^2+1))) -> 0.21359643 | BC104: =4*Input!$AA$14*BB104 -> 116.19646 | BD104: =((Input!$AA$16/Input!$AA$15)*LN((1+SQRT((Input!$AA$16/Input!$AA$15)^2+1))*SQRT((Input!$AA$16/Input!$AA$15)^2+(AJ104/(Input!$AA$15/2))^2)/((Input!$AA$16/Input!$AA$15)*(1+SQRT((Input!$AA$16/Input!$AA$15)^2+(AJ104/(Input!$AA$15/2))^2+1))))+LN(((Input!$AA$16/Input!$AA$15)+SQRT((Input!$AA$16/Input!$AA$15)^2+1))*SQRT(1+(AJ104/(Input!$AA$15/2))^2)/((Input!$AA$16/Input!$AA$15)+SQRT((Input!$AA$16/Input!$AA$15)^2+(AJ104/(Input!$AA$15/2))^2+1))))/PI() -> 0.10050737 | BE104: =(AJ104/(Input!$AA$15/2))/(2*PI())*ATAN((Input!$AA$16/Input!$AA$15)/((AJ104/(Input!$AA$15/2))*SQRT((Input!$AA$16/Input!$AA$15)^2+(AJ104/(Input!$AA$15/2))^2+1))) -> 0.11194562 | BF104: =MAX(0,AJ104-MAX(AI104,$AA$23))/AK104*IF(BC104>=Input!$AA$21*AQ104,1,0) -> 1 | BG104: =4*Input!$AA$14*(Input!$AA$15/2)*(1-AY104^2)/AX104*((BD104-BD103)+(1-2*AY104)/(1-AY104)*(BE104-BE103))*1000*BF104 -> 0.84299314 | BH104: =IF(AM104="Sand",0,0.009*(AR104-10)) -> 0.176985 | BI104: =BH104*Input!$AA$39 -> 0.035397 | BJ104: =IF(AM104="Sand",0,MAX(AV104/Input!$AA$40,AQ104)) -> 1136.3636 | BK104: =IF(AM104="Sand",0,1000*AK104/(1+AU104)*IF(AQ104+BC104<=BJ104,BI104*LOG10((AQ104+BC104)/AQ104),BI104*LOG10(BJ104/AQ104)+BH104*LOG10((AQ104+BC104)/BJ104)))*BF104 -> 3.7104009 | BL104: =IF(AM104="Sand",0,10^(INDEX(Input!$Q$51:$Q$57,MIN(MATCH(MIN(MAX(AR104,30),120),Input!$C$51:$C$57,1),6))+(MIN(MAX(AR104,30),120)-INDEX(Input!$C$51:$C$57,MIN(MATCH(MIN(MAX(AR104,30),120),Input!$C$51:$C$57,1),6)))/(INDEX(Input!$C$51:$C$57,MIN(MATCH(MIN(MAX(AR104,30),120),Input!$C$51:$C$57,1),6)+1)-INDEX(Input!$C$51:$C$57,MIN(MATCH(MIN(MAX(AR104,30),120),Input!$C$51:$C$57,1),6)))*(INDEX(Input!$Q$51:$Q$57,MIN(MATCH(MIN(MAX(AR104,30),120),Input!$C$51:$C$57,1),6)+1)-INDEX(Input!$Q$51:$Q$57,MIN(MATCH(MIN(MAX(AR104,30),120),Input!$C$51:$C$57,1),6))))) -> 0.003 | BM104: =IF(OR(AM104="Sand",BF104=0),0,Input!$AA$41*(AK104/2)^2/(BL104*0.0001*31536000)) -> 0.050418569 | BN104: =MAX(0,MIN(AJ104,Input!$AA$20)-AI104) -> 0 | BO104: =MAX(0,MIN(AJ104,Input!$AA$20)-MAX(AI104,$AA$23)) -> 0 | BP104: =BG104+BK104 -> 4.5533941 | BQ104: LL/PL/e0 = borehole average
C105: 23 | E105: =AI105 -> 33 | H105: =AJ105 -> 34.5 | K105: =AM105 -> Clay | N105: =AN105 -> 50 | Q105: =AO105 -> 19.2 | T105: =IF(AR105="","-",AR105) -> 29.665 | V105: =IF(AT105="","-",AT105) -> 9.859 | X105: =AU105 -> 0.681 | Z105: =AV105 -> 250 | AC105: =AW105 -> 30 | AI105: 33 | AJ105: 34.5 | AK105: =AJ105-AI105 -> 1.5 | AL105: =(AI105+AJ105)/2 -> 33.75 | AM105: Clay | AN105: 50 | AO105: =IF(AL105>$AA$20,$AA$22,$AA$21) -> 19.2 | AP105: =AP104+AO105*AK105 -> 649.8 | AQ105: =AP105-AO105*AK105/2-10*MAX(AL105-$AA$20,0) -> 387.9 | AR105: 29.665 | AS105: 19.806 | AT105: =IF(AR105="","",AR105-AS105) -> 9.859 | AU105: 0.681 | AV105: =IF(AM105="Sand",0,Input!$AA$34*AN105) -> 250 | AW105: =IF(AM105="Sand",27.1+0.3*MIN(Input!$AA$35*AN105,60)-0.00054*MIN(Input!$AA$35*AN105,60)^2,MIN(MAX(DEGREES(ASIN(0.8-0.094*LN(MAX(IF(AT105="",10,AT105),5)))),20),30)) -> 30 | AX105: =IF(AM105="Sand",Input!$AA$36*Input!$AA$35*AN105,Input!$AA$37*AV105) -> 125000 | AY105: =IF(AM105="Sand",Input!$AA$38,0.5) -> 0.5 | AZ105: =Input!$AA$15/2/AL105 -> 1.0962963 | BA105: =Input!$AA$16/2/AL105 -> 2.9925926 | BB105: =1/(4*PI())*(2*AZ105*BA105*SQRT(AZ105^2+BA105^2+1)/(AZ105^2+BA105^2+1+AZ105^2*BA105^2)*(AZ105^2+BA105^2+2)/(AZ105^2+BA105^2+1)+ATAN2(AZ105^2+BA105^2+1-AZ105^2*BA105^2,2*AZ105*BA105*SQRT(AZ105^2+BA105^2+1))) -> 0.21026516 | BC105: =4*Input!$AA$14*BB105 -> 114.38425 | BD105: =((Input!$AA$16/Input!$AA$15)*LN((1+SQRT((Input!$AA$16/Input!$AA$15)^2+1))*SQRT((Input!$AA$16/Input!$AA$15)^2+(AJ105/(Input!$AA$15/2))^2)/((Input!$AA$16/Input!$AA$15)*(1+SQRT((Input!$AA$16/Input!$AA$15)^2+(AJ105/(Input!$AA$15/2))^2+1))))+LN(((Input!$AA$16/Input!$AA$15)+SQRT((Input!$AA$16/Input!$AA$15)^2+1))*SQRT(1+(AJ105/(Input!$AA$15/2))^2)/((Input!$AA$16/Input!$AA$15)+SQRT((Input!$AA$16/Input!$AA$15)^2+(AJ105/(Input!$AA$15/2))^2+1))))/PI() -> 0.10753612 | BE105: =(AJ105/(Input!$AA$15/2))/(2*PI())*ATAN((Input!$AA$16/Input!$AA$15)/((AJ105/(Input!$AA$15/2))*SQRT((Input!$AA$16/Input!$AA$15)^2+(AJ105/(Input!$AA$15/2))^2+1))) -> 0.11344107 | BF105: =MAX(0,AJ105-MAX(AI105,$AA$23))/AK105*IF(BC105>=Input!$AA$21*AQ105,1,0) -> 1 | BG105: =4*Input!$AA$14*(Input!$AA$15/2)*(1-AY105^2)/AX105*((BD105-BD104)+(1-2*AY105)/(1-AY105)*(BE105-BE104))*1000*BF105 -> 0.84884859 | BH105: =IF(AM105="Sand",0,0.009*(AR105-10)) -> 0.176985 | BI105: =BH105*Input!$AA$39 -> 0.035397 | BJ105: =IF(AM105="Sand",0,MAX(AV105/Input!$AA$40,AQ105)) -> 1136.3636 | BK105: =IF(AM105="Sand",0,1000*AK105/(1+AU105)*IF(AQ105+BC105<=BJ105,BI105*LOG10((AQ105+BC105)/AQ105),BI105*LOG10(BJ105/AQ105)+BH105*LOG10((AQ105+BC105)/BJ105)))*BF105 -> 3.544852 | BL105: =IF(AM105="Sand",0,10^(INDEX(Input!$Q$51:$Q$57,MIN(MATCH(MIN(MAX(AR105,30),120),Input!$C$51:$C$57,1),6))+(MIN(MAX(AR105,30),120)-INDEX(Input!$C$51:$C$57,MIN(MATCH(MIN(MAX(AR105,30),120),Input!$C$51:$C$57,1),6)))/(INDEX(Input!$C$51:$C$57,MIN(MATCH(MIN(MAX(AR105,30),120),Input!$C$51:$C$57,1),6)+1)-INDEX(Input!$C$51:$C$57,MIN(MATCH(MIN(MAX(AR105,30),120),Input!$C$51:$C$57,1),6)))*(INDEX(Input!$Q$51:$Q$57,MIN(MATCH(MIN(MAX(AR105,30),120),Input!$C$51:$C$57,1),6)+1)-INDEX(Input!$Q$51:$Q$57,MIN(MATCH(MIN(MAX(AR105,30),120),Input!$C$51:$C$57,1),6))))) -> 0.003 | BM105: =IF(OR(AM105="Sand",BF105=0),0,Input!$AA$41*(AK105/2)^2/(BL105*0.0001*31536000)) -> 0.050418569 | BN105: =MAX(0,MIN(AJ105,Input!$AA$20)-AI105) -> 0 | BO105: =MAX(0,MIN(AJ105,Input!$AA$20)-MAX(AI105,$AA$23)) -> 0 | BP105: =BG105+BK105 -> 4.3937006 | BQ105: LL/PL/e0 = borehole average
C106: 24 | E106: =AI106 -> 34.5 | H106: =AJ106 -> 36 | K106: =AM106 -> Clay | N106: =AN106 -> 50 | Q106: =AO106 -> 19.2 | T106: =IF(AR106="","-",AR106) -> 25.39 | V106: =IF(AT106="","-",AT106) -> 10.31 | X106: =AU106 -> 0.51 | Z106: =AV106 -> 250 | AC106: =AW106 -> 30 | AI106: 34.5 | AJ106: 36 | AK106: =AJ106-AI106 -> 1.5 | AL106: =(AI106+AJ106)/2 -> 35.25 | AM106: Clay | AN106: 50 | AO106: =IF(AL106>$AA$20,$AA$22,$AA$21) -> 19.2 | AP106: =AP105+AO106*AK106 -> 678.6 | AQ106: =AP106-AO106*AK106/2-10*MAX(AL106-$AA$20,0) -> 401.7 | AR106: 25.39 | AS106: 15.08 | AT106: =IF(AR106="","",AR106-AS106) -> 10.31 | AU106: 0.51 | AV106: =IF(AM106="Sand",0,Input!$AA$34*AN106) -> 250 | AW106: =IF(AM106="Sand",27.1+0.3*MIN(Input!$AA$35*AN106,60)-0.00054*MIN(Input!$AA$35*AN106,60)^2,MIN(MAX(DEGREES(ASIN(0.8-0.094*LN(MAX(IF(AT106="",10,AT106),5)))),20),30)) -> 30 | AX106: =IF(AM106="Sand",Input!$AA$36*Input!$AA$35*AN106,Input!$AA$37*AV106) -> 125000 | AY106: =IF(AM106="Sand",Input!$AA$38,0.5) -> 0.5 | AZ106: =Input!$AA$15/2/AL106 -> 1.0496454 | BA106: =Input!$AA$16/2/AL106 -> 2.8652482 | BB106: =1/(4*PI())*(2*AZ106*BA106*SQRT(AZ106^2+BA106^2+1)/(AZ106^2+BA106^2+1+AZ106^2*BA106^2)*(AZ106^2+BA106^2+2)/(AZ106^2+BA106^2+1)+ATAN2(AZ106^2+BA106^2+1-AZ106^2*BA106^2,2*AZ106*BA106*SQRT(AZ106^2+BA106^2+1))) -> 0.20689785 | BC106: =4*Input!$AA$14*BB106 -> 112.55243 | BD106: =((Input!$AA$16/Input!$AA$15)*LN((1+SQRT((Input!$AA$16/Input!$AA$15)^2+1))*SQRT((Input!$AA$16/Input!$AA$15)^2+(AJ106/(Input!$AA$15/2))^2)/((Input!$AA$16/Input!$AA$15)*(1+SQRT((Input!$AA$16/Input!$AA$15)^2+(AJ106/(Input!$AA$15/2))^2+1))))+LN(((Input!$AA$16/Input!$AA$15)+SQRT((Input!$AA$16/Input!$AA$15)^2+1))*SQRT(1+(AJ106/(Input!$AA$15/2))^2)/((Input!$AA$16/Input!$AA$15)+SQRT((Input!$AA$16/Input!$AA$15)^2+(AJ106/(Input!$AA$15/2))^2+1))))/PI() -> 0.11459836 | BE106: =(AJ106/(Input!$AA$15/2))/(2*PI())*ATAN((Input!$AA$16/Input!$AA$15)/((AJ106/(Input!$AA$15/2))*SQRT((Input!$AA$16/Input!$AA$15)^2+(AJ106/(Input!$AA$15/2))^2+1))) -> 0.11476654 | BF106: =MAX(0,AJ106-MAX(AI106,$AA$23))/AK106*IF(BC106>=Input!$AA$21*AQ106,1,0) -> 1 | BG106: =4*Input!$AA$14*(Input!$AA$15/2)*(1-AY106^2)/AX106*((BD106-BD105)+(1-2*AY106)/(1-AY106)*(BE106-BE105))*1000*BF106 -> 0.85289217 | BH106: =IF(AM106="Sand",0,0.009*(AR106-10)) -> 0.13851 | BI106: =BH106*Input!$AA$39 -> 0.027702 | BJ106: =IF(AM106="Sand",0,MAX(AV106/Input!$AA$40,AQ106)) -> 1136.3636 | BK106: =IF(AM106="Sand",0,1000*AK106/(1+AU106)*IF(AQ106+BC106<=BJ106,BI106*LOG10((AQ106+BC106)/AQ106),BI106*LOG10(BJ106/AQ106)+BH106*LOG10((AQ106+BC106)/BJ106)))*BF106 -> 2.9520386 | BL106: =IF(AM106="Sand",0,10^(INDEX(Input!$Q$51:$Q$57,MIN(MATCH(MIN(MAX(AR106,30),120),Input!$C$51:$C$57,1),6))+(MIN(MAX(AR106,30),120)-INDEX(Input!$C$51:$C$57,MIN(MATCH(MIN(MAX(AR106,30),120),Input!$C$51:$C$57,1),6)))/(INDEX(Input!$C$51:$C$57,MIN(MATCH(MIN(MAX(AR106,30),120),Input!$C$51:$C$57,1),6)+1)-INDEX(Input!$C$51:$C$57,MIN(MATCH(MIN(MAX(AR106,30),120),Input!$C$51:$C$57,1),6)))*(INDEX(Input!$Q$51:$Q$57,MIN(MATCH(MIN(MAX(AR106,30),120),Input!$C$51:$C$57,1),6)+1)-INDEX(Input!$Q$51:$Q$57,MIN(MATCH(MIN(MAX(AR106,30),120),Input!$C$51:$C$57,1),6))))) -> 0.003 | BM106: =IF(OR(AM106="Sand",BF106=0),0,Input!$AA$41*(AK106/2)^2/(BL106*0.0001*31536000)) -> 0.050418569 | BN106: =MAX(0,MIN(AJ106,Input!$AA$20)-AI106) -> 0 | BO106: =MAX(0,MIN(AJ106,Input!$AA$20)-MAX(AI106,$AA$23)) -> 0 | BP106: =BG106+BK106 -> 3.8049308
C107: 25 | E107: =AI107 -> 36 | H107: =AJ107 -> 37.5 | K107: =AM107 -> Sand | N107: =AN107 -> 50 | Q107: =AO107 -> 19.2 | T107: =IF(AR107="","-",AR107) -> - | V107: =IF(AT107="","-",AT107) -> - | X107: =AU107 -> 0.65 | Z107: =AV107 -> 0 | AC107: =AW107 -> 41.7616 | AI107: 36 | AJ107: 37.5 | AK107: =AJ107-AI107 -> 1.5 | AL107: =(AI107+AJ107)/2 -> 36.75 | AM107: Sand | AN107: 50 | AO107: =IF(AL107>$AA$20,$AA$22,$AA$21) -> 19.2 | AP107: =AP106+AO107*AK107 -> 707.4 | AQ107: =AP107-AO107*AK107/2-10*MAX(AL107-$AA$20,0) -> 415.5 | AT107: =IF(AR107="","",AR107-AS107) | AU107: 0.65 | AV107: =IF(AM107="Sand",0,Input!$AA$34*AN107) -> 0 | AW107: =IF(AM107="Sand",27.1+0.3*MIN(Input!$AA$35*AN107,60)-0.00054*MIN(Input!$AA$35*AN107,60)^2,MIN(MAX(DEGREES(ASIN(0.8-0.094*LN(MAX(IF(AT107="",10,AT107),5)))),20),30)) -> 41.7616 | AX107: =IF(AM107="Sand",Input!$AA$36*Input!$AA$35*AN107,Input!$AA$37*AV107) -> 54150 | AY107: =IF(AM107="Sand",Input!$AA$38,0.5) -> 0.3 | AZ107: =Input!$AA$15/2/AL107 -> 1.0068027 | BA107: =Input!$AA$16/2/AL107 -> 2.7482993 | BB107: =1/(4*PI())*(2*AZ107*BA107*SQRT(AZ107^2+BA107^2+1)/(AZ107^2+BA107^2+1+AZ107^2*BA107^2)*(AZ107^2+BA107^2+2)/(AZ107^2+BA107^2+1)+ATAN2(AZ107^2+BA107^2+1-AZ107^2*BA107^2,2*AZ107*BA107*SQRT(AZ107^2+BA107^2+1))) -> 0.20350744 | BC107: =4*Input!$AA$14*BB107 -> 110.70805 | BD107: =((Input!$AA$16/Input!$AA$15)*LN((1+SQRT((Input!$AA$16/Input!$AA$15)^2+1))*SQRT((Input!$AA$16/Input!$AA$15)^2+(AJ107/(Input!$AA$15/2))^2)/((Input!$AA$16/Input!$AA$15)*(1+SQRT((Input!$AA$16/Input!$AA$15)^2+(AJ107/(Input!$AA$15/2))^2+1))))+LN(((Input!$AA$16/Input!$AA$15)+SQRT((Input!$AA$16/Input!$AA$15)^2+1))*SQRT(1+(AJ107/(Input!$AA$15/2))^2)/((Input!$AA$16/Input!$AA$15)+SQRT((Input!$AA$16/Input!$AA$15)^2+(AJ107/(Input!$AA$15/2))^2+1))))/PI() -> 0.12168054 | BE107: =(AJ107/(Input!$AA$15/2))/(2*PI())*ATAN((Input!$AA$16/Input!$AA$15)/((AJ107/(Input!$AA$15/2))*SQRT((Input!$AA$16/Input!$AA$15)^2+(AJ107/(Input!$AA$15/2))^2+1))) -> 0.11593465 | BF107: =MAX(0,AJ107-MAX(AI107,$AA$23))/AK107*IF(BC107>=Input!$AA$21*AQ107,1,0) -> 1 | BG107: =4*Input!$AA$14*(Input!$AA$15/2)*(1-AY107^2)/AX107*((BD107-BD106)+(1-2*AY107)/(1-AY107)*(BE107-BE106))*1000*BF107 -> 2.621359 | BH107: =IF(AM107="Sand",0,0.009*(AR107-10)) -> 0 | BI107: =BH107*Input!$AA$39 -> 0 | BJ107: =IF(AM107="Sand",0,MAX(AV107/Input!$AA$40,AQ107)) -> 0 | BK107: =IF(AM107="Sand",0,1000*AK107/(1+AU107)*IF(AQ107+BC107<=BJ107,BI107*LOG10((AQ107+BC107)/AQ107),BI107*LOG10(BJ107/AQ107)+BH107*LOG10((AQ107+BC107)/BJ107)))*BF107 -> 0 | BL107: =IF(AM107="Sand",0,10^(INDEX(Input!$Q$51:$Q$57,MIN(MATCH(MIN(MAX(AR107,30),120),Input!$C$51:$C$57,1),6))+(MIN(MAX(AR107,30),120)-INDEX(Input!$C$51:$C$57,MIN(MATCH(MIN(MAX(AR107,30),120),Input!$C$51:$C$57,1),6)))/(INDEX(Input!$C$51:$C$57,MIN(MATCH(MIN(MAX(AR107,30),120),Input!$C$51:$C$57,1),6)+1)-INDEX(Input!$C$51:$C$57,MIN(MATCH(MIN(MAX(AR107,30),120),Input!$C$51:$C$57,1),6)))*(INDEX(Input!$Q$51:$Q$57,MIN(MATCH(MIN(MAX(AR107,30),120),Input!$C$51:$C$57,1),6)+1)-INDEX(Input!$Q$51:$Q$57,MIN(MATCH(MIN(MAX(AR107,30),120),Input!$C$51:$C$57,1),6))))) -> 0 | BM107: =IF(OR(AM107="Sand",BF107=0),0,Input!$AA$41*(AK107/2)^2/(BL107*0.0001*31536000)) -> 0 | BN107: =MAX(0,MIN(AJ107,Input!$AA$20)-AI107) -> 0 | BO107: =MAX(0,MIN(AJ107,Input!$AA$20)-MAX(AI107,$AA$23)) -> 0 | BP107: =BG107+BK107 -> 2.621359
C108: 26 | E108: =AI108 -> 37.5 | H108: =AJ108 -> 39 | K108: =AM108 -> Clay | N108: =AN108 -> 50 | Q108: =AO108 -> 19.2 | T108: =IF(AR108="","-",AR108) -> 42.56 | V108: =IF(AT108="","-",AT108) -> 15.29 | X108: =AU108 -> 1.001 | Z108: =AV108 -> 250 | AC108: =AW108 -> 30 | AI108: 37.5 | AJ108: 39 | AK108: =AJ108-AI108 -> 1.5 | AL108: =(AI108+AJ108)/2 -> 38.25 | AM108: Clay | AN108: 50 | AO108: =IF(AL108>$AA$20,$AA$22,$AA$21) -> 19.2 | AP108: =AP107+AO108*AK108 -> 736.2 | AQ108: =AP108-AO108*AK108/2-10*MAX(AL108-$AA$20,0) -> 429.3 | AR108: 42.56 | AS108: 27.27 | AT108: =IF(AR108="","",AR108-AS108) -> 15.29 | AU108: 1.001 | AV108: =IF(AM108="Sand",0,Input!$AA$34*AN108) -> 250 | AW108: =IF(AM108="Sand",27.1+0.3*MIN(Input!$AA$35*AN108,60)-0.00054*MIN(Input!$AA$35*AN108,60)^2,MIN(MAX(DEGREES(ASIN(0.8-0.094*LN(MAX(IF(AT108="",10,AT108),5)))),20),30)) -> 30 | AX108: =IF(AM108="Sand",Input!$AA$36*Input!$AA$35*AN108,Input!$AA$37*AV108) -> 125000 | AY108: =IF(AM108="Sand",Input!$AA$38,0.5) -> 0.5 | AZ108: =Input!$AA$15/2/AL108 -> 0.96732026 | BA108: =Input!$AA$16/2/AL108 -> 2.6405229 | BB108: =1/(4*PI())*(2*AZ108*BA108*SQRT(AZ108^2+BA108^2+1)/(AZ108^2+BA108^2+1+AZ108^2*BA108^2)*(AZ108^2+BA108^2+2)/(AZ108^2+BA108^2+1)+ATAN2(AZ108^2+BA108^2+1-AZ108^2*BA108^2,2*AZ108*BA108*SQRT(AZ108^2+BA108^2+1))) -> 0.20010555 | BC108: =4*Input!$AA$14*BB108 -> 108.85742 | BD108: =((Input!$AA$16/Input!$AA$15)*LN((1+SQRT((Input!$AA$16/Input!$AA$15)^2+1))*SQRT((Input!$AA$16/Input!$AA$15)^2+(AJ108/(Input!$AA$15/2))^2)/((Input!$AA$16/Input!$AA$15)*(1+SQRT((Input!$AA$16/Input!$AA$15)^2+(AJ108/(Input!$AA$15/2))^2+1))))+LN(((Input!$AA$16/Input!$AA$15)+SQRT((Input!$AA$16/Input!$AA$15)^2+1))*SQRT(1+(AJ108/(Input!$AA$15/2))^2)/((Input!$AA$16/Input!$AA$15)+SQRT((Input!$AA$16/Input!$AA$15)^2+(AJ108/(Input!$AA$15/2))^2+1))))/PI() -> 0.12877047 | BE108: =(AJ108/(Input!$AA$15/2))/(2*PI())*ATAN((Input!$AA$16/Input!$AA$15)/((AJ108/(Input!$AA$15/2))*SQRT((Input!$AA$16/Input!$AA$15)^2+(AJ108/(Input!$AA$15/2))^2+1))) -> 0.1169571 | BF108: =MAX(0,AJ108-MAX(AI108,$AA$23))/AK108*IF(BC108>=Input!$AA$21*AQ108,1,0) -> 1 | BG108: =4*Input!$AA$14*(Input!$AA$15/2)*(1-AY108^2)/AX108*((BD108-BD107)+(1-2*AY108)/(1-AY108)*(BE108-BE107))*1000*BF108 -> 0.85623753 | BH108: =IF(AM108="Sand",0,0.009*(AR108-10)) -> 0.29304 | BI108: =BH108*Input!$AA$39 -> 0.058608 | BJ108: =IF(AM108="Sand",0,MAX(AV108/Input!$AA$40,AQ108)) -> 1136.3636 | BK108: =IF(AM108="Sand",0,1000*AK108/(1+AU108)*IF(AQ108+BC108<=BJ108,BI108*LOG10((AQ108+BC108)/AQ108),BI108*LOG10(BJ108/AQ108)+BH108*LOG10((AQ108+BC108)/BJ108)))*BF108 -> 4.312057 | BL108: =IF(AM108="Sand",0,10^(INDEX(Input!$Q$51:$Q$57,MIN(MATCH(MIN(MAX(AR108,30),120),Input!$C$51:$C$57,1),6))+(MIN(MAX(AR108,30),120)-INDEX(Input!$C$51:$C$57,MIN(MATCH(MIN(MAX(AR108,30),120),Input!$C$51:$C$57,1),6)))/(INDEX(Input!$C$51:$C$57,MIN(MATCH(MIN(MAX(AR108,30),120),Input!$C$51:$C$57,1),6)+1)-INDEX(Input!$C$51:$C$57,MIN(MATCH(MIN(MAX(AR108,30),120),Input!$C$51:$C$57,1),6)))*(INDEX(Input!$Q$51:$Q$57,MIN(MATCH(MIN(MAX(AR108,30),120),Input!$C$51:$C$57,1),6)+1)-INDEX(Input!$Q$51:$Q$57,MIN(MATCH(MIN(MAX(AR108,30),120),Input!$C$51:$C$57,1),6))))) -> 0.0012341189 | BM108: =IF(OR(AM108="Sand",BF108=0),0,Input!$AA$41*(AK108/2)^2/(BL108*0.0001*31536000)) -> 0.1225617 | BN108: =MAX(0,MIN(AJ108,Input!$AA$20)-AI108) -> 0 | BO108: =MAX(0,MIN(AJ108,Input!$AA$20)-MAX(AI108,$AA$23)) -> 0 | BP108: =BG108+BK108 -> 5.1682945
C109: 27 | E109: =AI109 -> 39 | H109: =AJ109 -> 40.5 | K109: =AM109 -> Clay | N109: =AN109 -> 50 | Q109: =AO109 -> 19.2 | T109: =IF(AR109="","-",AR109) -> 29.665 | V109: =IF(AT109="","-",AT109) -> 9.859 | X109: =AU109 -> 0.681 | Z109: =AV109 -> 250 | AC109: =AW109 -> 30 | AI109: 39 | AJ109: 40.5 | AK109: =AJ109-AI109 -> 1.5 | AL109: =(AI109+AJ109)/2 -> 39.75 | AM109: Clay | AN109: 50 | AO109: =IF(AL109>$AA$20,$AA$22,$AA$21) -> 19.2 | AP109: =AP108+AO109*AK109 -> 765 | AQ109: =AP109-AO109*AK109/2-10*MAX(AL109-$AA$20,0) -> 443.1 | AR109: 29.665 | AS109: 19.806 | AT109: =IF(AR109="","",AR109-AS109) -> 9.859 | AU109: 0.681 | AV109: =IF(AM109="Sand",0,Input!$AA$34*AN109) -> 250 | AW109: =IF(AM109="Sand",27.1+0.3*MIN(Input!$AA$35*AN109,60)-0.00054*MIN(Input!$AA$35*AN109,60)^2,MIN(MAX(DEGREES(ASIN(0.8-0.094*LN(MAX(IF(AT109="",10,AT109),5)))),20),30)) -> 30 | AX109: =IF(AM109="Sand",Input!$AA$36*Input!$AA$35*AN109,Input!$AA$37*AV109) -> 125000 | AY109: =IF(AM109="Sand",Input!$AA$38,0.5) -> 0.5 | AZ109: =Input!$AA$15/2/AL109 -> 0.93081761 | BA109: =Input!$AA$16/2/AL109 -> 2.5408805 | BB109: =1/(4*PI())*(2*AZ109*BA109*SQRT(AZ109^2+BA109^2+1)/(AZ109^2+BA109^2+1+AZ109^2*BA109^2)*(AZ109^2+BA109^2+2)/(AZ109^2+BA109^2+1)+ATAN2(AZ109^2+BA109^2+1-AZ109^2*BA109^2,2*AZ109*BA109*SQRT(AZ109^2+BA109^2+1))) -> 0.19670259 | BC109: =4*Input!$AA$14*BB109 -> 107.00621 | BD109: =((Input!$AA$16/Input!$AA$15)*LN((1+SQRT((Input!$AA$16/Input!$AA$15)^2+1))*SQRT((Input!$AA$16/Input!$AA$15)^2+(AJ109/(Input!$AA$15/2))^2)/((Input!$AA$16/Input!$AA$15)*(1+SQRT((Input!$AA$16/Input!$AA$15)^2+(AJ109/(Input!$AA$15/2))^2+1))))+LN(((Input!$AA$16/Input!$AA$15)+SQRT((Input!$AA$16/Input!$AA$15)^2+1))*SQRT(1+(AJ109/(Input!$AA$15/2))^2)/((Input!$AA$16/Input!$AA$15)+SQRT((Input!$AA$16/Input!$AA$15)^2+(AJ109/(Input!$AA$15/2))^2+1))))/PI() -> 0.13585726 | BE109: =(AJ109/(Input!$AA$15/2))/(2*PI())*ATAN((Input!$AA$16/Input!$AA$15)/((AJ109/(Input!$AA$15/2))*SQRT((Input!$AA$16/Input!$AA$15)^2+(AJ109/(Input!$AA$15/2))^2+1))) -> 0.11784476 | BF109: =MAX(0,AJ109-MAX(AI109,$AA$23))/AK109*IF(BC109>=Input!$AA$21*AQ109,1,0) -> 1 | BG109: =4*Input!$AA$14*(Input!$AA$15/2)*(1-AY109^2)/AX109*((BD109-BD108)+(1-2*AY109)/(1-AY109)*(BE109-BE108))*1000*BF109 -> 0.85585656 | BH109: =IF(AM109="Sand",0,0.009*(AR109-10)) -> 0.176985 | BI109: =BH109*Input!$AA$39 -> 0.035397 | BJ109: =IF(AM109="Sand",0,MAX(AV109/Input!$AA$40,AQ109)) -> 1136.3636 | BK109: =IF(AM109="Sand",0,1000*AK109/(1+AU109)*IF(AQ109+BC109<=BJ109,BI109*LOG10((AQ109+BC109)/AQ109),BI109*LOG10(BJ109/AQ109)+BH109*LOG10((AQ109+BC109)/BJ109)))*BF109 -> 2.9673087 | BL109: =IF(AM109="Sand",0,10^(INDEX(Input!$Q$51:$Q$57,MIN(MATCH(MIN(MAX(AR109,30),120),Input!$C$51:$C$57,1),6))+(MIN(MAX(AR109,30),120)-INDEX(Input!$C$51:$C$57,MIN(MATCH(MIN(MAX(AR109,30),120),Input!$C$51:$C$57,1),6)))/(INDEX(Input!$C$51:$C$57,MIN(MATCH(MIN(MAX(AR109,30),120),Input!$C$51:$C$57,1),6)+1)-INDEX(Input!$C$51:$C$57,MIN(MATCH(MIN(MAX(AR109,30),120),Input!$C$51:$C$57,1),6)))*(INDEX(Input!$Q$51:$Q$57,MIN(MATCH(MIN(MAX(AR109,30),120),Input!$C$51:$C$57,1),6)+1)-INDEX(Input!$Q$51:$Q$57,MIN(MATCH(MIN(MAX(AR109,30),120),Input!$C$51:$C$57,1),6))))) -> 0.003 | BM109: =IF(OR(AM109="Sand",BF109=0),0,Input!$AA$41*(AK109/2)^2/(BL109*0.0001*31536000)) -> 0.050418569 | BN109: =MAX(0,MIN(AJ109,Input!$AA$20)-AI109) -> 0 | BO109: =MAX(0,MIN(AJ109,Input!$AA$20)-MAX(AI109,$AA$23)) -> 0 | BP109: =BG109+BK109 -> 3.8231652 | BQ109: LL/PL/e0 = borehole average
C110: 28 | E110: =AI110 -> 40.5 | H110: =AJ110 -> 42 | K110: =AM110 -> Clay | N110: =AN110 -> 50 | Q110: =AO110 -> 19.2 | T110: =IF(AR110="","-",AR110) -> 36.82 | V110: =IF(AT110="","-",AT110) -> 16.5 | X110: =AU110 -> 0.836 | Z110: =AV110 -> 250 | AC110: =AW110 -> 30 | AI110: 40.5 | AJ110: 42 | AK110: =AJ110-AI110 -> 1.5 | AL110: =(AI110+AJ110)/2 -> 41.25 | AM110: Clay | AN110: 50 | AO110: =IF(AL110>$AA$20,$AA$22,$AA$21) -> 19.2 | AP110: =AP109+AO110*AK110 -> 793.8 | AQ110: =AP110-AO110*AK110/2-10*MAX(AL110-$AA$20,0) -> 456.9 | AR110: 36.82 | AS110: 20.32 | AT110: =IF(AR110="","",AR110-AS110) -> 16.5 | AU110: 0.836 | AV110: =IF(AM110="Sand",0,Input!$AA$34*AN110) -> 250 | AW110: =IF(AM110="Sand",27.1+0.3*MIN(Input!$AA$35*AN110,60)-0.00054*MIN(Input!$AA$35*AN110,60)^2,MIN(MAX(DEGREES(ASIN(0.8-0.094*LN(MAX(IF(AT110="",10,AT110),5)))),20),30)) -> 30 | AX110: =IF(AM110="Sand",Input!$AA$36*Input!$AA$35*AN110,Input!$AA$37*AV110) -> 125000 | AY110: =IF(AM110="Sand",Input!$AA$38,0.5) -> 0.5 | AZ110: =Input!$AA$15/2/AL110 -> 0.8969697 | BA110: =Input!$AA$16/2/AL110 -> 2.4484848 | BB110: =1/(4*PI())*(2*AZ110*BA110*SQRT(AZ110^2+BA110^2+1)/(AZ110^2+BA110^2+1+AZ110^2*BA110^2)*(AZ110^2+BA110^2+2)/(AZ110^2+BA110^2+1)+ATAN2(AZ110^2+BA110^2+1-AZ110^2*BA110^2,2*AZ110*BA110*SQRT(AZ110^2+BA110^2+1))) -> 0.19330774 | BC110: =4*Input!$AA$14*BB110 -> 105.15941 | BD110: =((Input!$AA$16/Input!$AA$15)*LN((1+SQRT((Input!$AA$16/Input!$AA$15)^2+1))*SQRT((Input!$AA$16/Input!$AA$15)^2+(AJ110/(Input!$AA$15/2))^2)/((Input!$AA$16/Input!$AA$15)*(1+SQRT((Input!$AA$16/Input!$AA$15)^2+(AJ110/(Input!$AA$15/2))^2+1))))+LN(((Input!$AA$16/Input!$AA$15)+SQRT((Input!$AA$16/Input!$AA$15)^2+1))*SQRT(1+(AJ110/(Input!$AA$15/2))^2)/((Input!$AA$16/Input!$AA$15)+SQRT((Input!$AA$16/Input!$AA$15)^2+(AJ110/(Input!$AA$15/2))^2+1))))/PI() -> 0.14293113 | BE110: =(AJ110/(Input!$AA$15/2))/(2*PI())*ATAN((Input!$AA$16/Input!$AA$15)/((AJ110/(Input!$AA$15/2))*SQRT((Input!$AA$16/Input!$AA$15)^2+(AJ110/(Input!$AA$15/2))^2+1))) -> 0.11860771 | BF110: =MAX(0,AJ110-MAX(AI110,$AA$23))/AK110*IF(BC110>=Input!$AA$21*AQ110,1,0) -> 1 | BG110: =4*Input!$AA$14*(Input!$AA$15/2)*(1-AY110^2)/AX110*((BD110-BD109)+(1-2*AY110)/(1-AY110)*(BE110-BE109))*1000*BF110 -> 0.85429805 | BH110: =IF(AM110="Sand",0,0.009*(AR110-10)) -> 0.24138 | BI110: =BH110*Input!$AA$39 -> 0.048276 | BJ110: =IF(AM110="Sand",0,MAX(AV110/Input!$AA$40,AQ110)) -> 1136.3636 | BK110: =IF(AM110="Sand",0,1000*AK110/(1+AU110)*IF(AQ110+BC110<=BJ110,BI110*LOG10((AQ110+BC110)/AQ110),BI110*LOG10(BJ110/AQ110)+BH110*LOG10((AQ110+BC110)/BJ110)))*BF110 -> 3.5481702 | BL110: =IF(AM110="Sand",0,10^(INDEX(Input!$Q$51:$Q$57,MIN(MATCH(MIN(MAX(AR110,30),120),Input!$C$51:$C$57,1),6))+(MIN(MAX(AR110,30),120)-INDEX(Input!$C$51:$C$57,MIN(MATCH(MIN(MAX(AR110,30),120),Input!$C$51:$C$57,1),6)))/(INDEX(Input!$C$51:$C$57,MIN(MATCH(MIN(MAX(AR110,30),120),Input!$C$51:$C$57,1),6)+1)-INDEX(Input!$C$51:$C$57,MIN(MATCH(MIN(MAX(AR110,30),120),Input!$C$51:$C$57,1),6)))*(INDEX(Input!$Q$51:$Q$57,MIN(MATCH(MIN(MAX(AR110,30),120),Input!$C$51:$C$57,1),6)+1)-INDEX(Input!$Q$51:$Q$57,MIN(MATCH(MIN(MAX(AR110,30),120),Input!$C$51:$C$57,1),6))))) -> 0.0018699018 | BM110: =IF(OR(AM110="Sand",BF110=0),0,Input!$AA$41*(AK110/2)^2/(BL110*0.0001*31536000)) -> 0.080889653 | BN110: =MAX(0,MIN(AJ110,Input!$AA$20)-AI110) -> 0 | BO110: =MAX(0,MIN(AJ110,Input!$AA$20)-MAX(AI110,$AA$23)) -> 0 | BP110: =BG110+BK110 -> 4.4024683
C111: 29 | E111: =AI111 -> 42 | H111: =AJ111 -> 43.5 | K111: =AM111 -> Clay | N111: =AN111 -> 50 | Q111: =AO111 -> 19.2 | T111: =IF(AR111="","-",AR111) -> 29.665 | V111: =IF(AT111="","-",AT111) -> 9.859 | X111: =AU111 -> 0.681 | Z111: =AV111 -> 250 | AC111: =AW111 -> 30 | AI111: 42 | AJ111: 43.5 | AK111: =AJ111-AI111 -> 1.5 | AL111: =(AI111+AJ111)/2 -> 42.75 | AM111: Clay | AN111: 50 | AO111: =IF(AL111>$AA$20,$AA$22,$AA$21) -> 19.2 | AP111: =AP110+AO111*AK111 -> 822.6 | AQ111: =AP111-AO111*AK111/2-10*MAX(AL111-$AA$20,0) -> 470.7 | AR111: 29.665 | AS111: 19.806 | AT111: =IF(AR111="","",AR111-AS111) -> 9.859 | AU111: 0.681 | AV111: =IF(AM111="Sand",0,Input!$AA$34*AN111) -> 250 | AW111: =IF(AM111="Sand",27.1+0.3*MIN(Input!$AA$35*AN111,60)-0.00054*MIN(Input!$AA$35*AN111,60)^2,MIN(MAX(DEGREES(ASIN(0.8-0.094*LN(MAX(IF(AT111="",10,AT111),5)))),20),30)) -> 30 | AX111: =IF(AM111="Sand",Input!$AA$36*Input!$AA$35*AN111,Input!$AA$37*AV111) -> 125000 | AY111: =IF(AM111="Sand",Input!$AA$38,0.5) -> 0.5 | AZ111: =Input!$AA$15/2/AL111 -> 0.86549708 | BA111: =Input!$AA$16/2/AL111 -> 2.3625731 | BB111: =1/(4*PI())*(2*AZ111*BA111*SQRT(AZ111^2+BA111^2+1)/(AZ111^2+BA111^2+1+AZ111^2*BA111^2)*(AZ111^2+BA111^2+2)/(AZ111^2+BA111^2+1)+ATAN2(AZ111^2+BA111^2+1-AZ111^2*BA111^2,2*AZ111*BA111*SQRT(AZ111^2+BA111^2+1))) -> 0.18992906 | BC111: =4*Input!$AA$14*BB111 -> 103.32141 | BD111: =((Input!$AA$16/Input!$AA$15)*LN((1+SQRT((Input!$AA$16/Input!$AA$15)^2+1))*SQRT((Input!$AA$16/Input!$AA$15)^2+(AJ111/(Input!$AA$15/2))^2)/((Input!$AA$16/Input!$AA$15)*(1+SQRT((Input!$AA$16/Input!$AA$15)^2+(AJ111/(Input!$AA$15/2))^2+1))))+LN(((Input!$AA$16/Input!$AA$15)+SQRT((Input!$AA$16/Input!$AA$15)^2+1))*SQRT(1+(AJ111/(Input!$AA$15/2))^2)/((Input!$AA$16/Input!$AA$15)+SQRT((Input!$AA$16/Input!$AA$15)^2+(AJ111/(Input!$AA$15/2))^2+1))))/PI() -> 0.14998342 | BE111: =(AJ111/(Input!$AA$15/2))/(2*PI())*ATAN((Input!$AA$16/Input!$AA$15)/((AJ111/(Input!$AA$15/2))*SQRT((Input!$AA$16/Input!$AA$15)^2+(AJ111/(Input!$AA$15/2))^2+1))) -> 0.11925528 | BF111: =MAX(0,AJ111-MAX(AI111,$AA$23))/AK111*IF(BC111>=Input!$AA$21*AQ111,1,0) -> 1 | BG111: =4*Input!$AA$14*(Input!$AA$15/2)*(1-AY111^2)/AX111*((BD111-BD110)+(1-2*AY111)/(1-AY111)*(BE111-BE110))*1000*BF111 -> 0.85169097 | BH111: =IF(AM111="Sand",0,0.009*(AR111-10)) -> 0.176985 | BI111: =BH111*Input!$AA$39 -> 0.035397 | BJ111: =IF(AM111="Sand",0,MAX(AV111/Input!$AA$40,AQ111)) -> 1136.3636 | BK111: =IF(AM111="Sand",0,1000*AK111/(1+AU111)*IF(AQ111+BC111<=BJ111,BI111*LOG10((AQ111+BC111)/AQ111),BI111*LOG10(BJ111/AQ111)+BH111*LOG10((AQ111+BC111)/BJ111)))*BF111 -> 2.7221754 | BL111: =IF(AM111="Sand",0,10^(INDEX(Input!$Q$51:$Q$57,MIN(MATCH(MIN(MAX(AR111,30),120),Input!$C$51:$C$57,1),6))+(MIN(MAX(AR111,30),120)-INDEX(Input!$C$51:$C$57,MIN(MATCH(MIN(MAX(AR111,30),120),Input!$C$51:$C$57,1),6)))/(INDEX(Input!$C$51:$C$57,MIN(MATCH(MIN(MAX(AR111,30),120),Input!$C$51:$C$57,1),6)+1)-INDEX(Input!$C$51:$C$57,MIN(MATCH(MIN(MAX(AR111,30),120),Input!$C$51:$C$57,1),6)))*(INDEX(Input!$Q$51:$Q$57,MIN(MATCH(MIN(MAX(AR111,30),120),Input!$C$51:$C$57,1),6)+1)-INDEX(Input!$Q$51:$Q$57,MIN(MATCH(MIN(MAX(AR111,30),120),Input!$C$51:$C$57,1),6))))) -> 0.003 | BM111: =IF(OR(AM111="Sand",BF111=0),0,Input!$AA$41*(AK111/2)^2/(BL111*0.0001*31536000)) -> 0.050418569 | BN111: =MAX(0,MIN(AJ111,Input!$AA$20)-AI111) -> 0 | BO111: =MAX(0,MIN(AJ111,Input!$AA$20)-MAX(AI111,$AA$23)) -> 0 | BP111: =BG111+BK111 -> 3.5738664 | BQ111: LL/PL/e0 = borehole average
C112: 30 | E112: =AI112 -> 43.5 | H112: =AJ112 -> 45 | K112: =AM112 -> Clay | N112: =AN112 -> 50 | Q112: =AO112 -> 19.2 | T112: =IF(AR112="","-",AR112) -> 30.1 | V112: =IF(AT112="","-",AT112) -> 9.5 | X112: =AU112 -> 0.703 | Z112: =AV112 -> 250 | AC112: =AW112 -> 30 | AI112: 43.5 | AJ112: 45 | AK112: =AJ112-AI112 -> 1.5 | AL112: =(AI112+AJ112)/2 -> 44.25 | AM112: Clay | AN112: 50 | AO112: =IF(AL112>$AA$20,$AA$22,$AA$21) -> 19.2 | AP112: =AP111+AO112*AK112 -> 851.4 | AQ112: =AP112-AO112*AK112/2-10*MAX(AL112-$AA$20,0) -> 484.5 | AR112: 30.1 | AS112: 20.6 | AT112: =IF(AR112="","",AR112-AS112) -> 9.5 | AU112: 0.703 | AV112: =IF(AM112="Sand",0,Input!$AA$34*AN112) -> 250 | AW112: =IF(AM112="Sand",27.1+0.3*MIN(Input!$AA$35*AN112,60)-0.00054*MIN(Input!$AA$35*AN112,60)^2,MIN(MAX(DEGREES(ASIN(0.8-0.094*LN(MAX(IF(AT112="",10,AT112),5)))),20),30)) -> 30 | AX112: =IF(AM112="Sand",Input!$AA$36*Input!$AA$35*AN112,Input!$AA$37*AV112) -> 125000 | AY112: =IF(AM112="Sand",Input!$AA$38,0.5) -> 0.5 | AZ112: =Input!$AA$15/2/AL112 -> 0.83615819 | BA112: =Input!$AA$16/2/AL112 -> 2.2824859 | BB112: =1/(4*PI())*(2*AZ112*BA112*SQRT(AZ112^2+BA112^2+1)/(AZ112^2+BA112^2+1+AZ112^2*BA112^2)*(AZ112^2+BA112^2+2)/(AZ112^2+BA112^2+1)+ATAN2(AZ112^2+BA112^2+1-AZ112^2*BA112^2,2*AZ112*BA112*SQRT(AZ112^2+BA112^2+1))) -> 0.18657357 | BC112: =4*Input!$AA$14*BB112 -> 101.49602 | BD112: =((Input!$AA$16/Input!$AA$15)*LN((1+SQRT((Input!$AA$16/Input!$AA$15)^2+1))*SQRT((Input!$AA$16/Input!$AA$15)^2+(AJ112/(Input!$AA$15/2))^2)/((Input!$AA$16/Input!$AA$15)*(1+SQRT((Input!$AA$16/Input!$AA$15)^2+(AJ112/(Input!$AA$15/2))^2+1))))+LN(((Input!$AA$16/Input!$AA$15)+SQRT((Input!$AA$16/Input!$AA$15)^2+1))*SQRT(1+(AJ112/(Input!$AA$15/2))^2)/((Input!$AA$16/Input!$AA$15)+SQRT((Input!$AA$16/Input!$AA$15)^2+(AJ112/(Input!$AA$15/2))^2+1))))/PI() -> 0.15700642 | BE112: =(AJ112/(Input!$AA$15/2))/(2*PI())*ATAN((Input!$AA$16/Input!$AA$15)/((AJ112/(Input!$AA$15/2))*SQRT((Input!$AA$16/Input!$AA$15)^2+(AJ112/(Input!$AA$15/2))^2+1))) -> 0.11979613 | BF112: =MAX(0,AJ112-MAX(AI112,$AA$23))/AK112*IF(BC112>=Input!$AA$21*AQ112,1,0) -> 1 | BG112: =4*Input!$AA$14*(Input!$AA$15/2)*(1-AY112^2)/AX112*((BD112-BD111)+(1-2*AY112)/(1-AY112)*(BE112-BE111))*1000*BF112 -> 0.84815313 | BH112: =IF(AM112="Sand",0,0.009*(AR112-10)) -> 0.1809 | BI112: =BH112*Input!$AA$39 -> 0.03618 | BJ112: =IF(AM112="Sand",0,MAX(AV112/Input!$AA$40,AQ112)) -> 1136.3636 | BK112: =IF(AM112="Sand",0,1000*AK112/(1+AU112)*IF(AQ112+BC112<=BJ112,BI112*LOG10((AQ112+BC112)/AQ112),BI112*LOG10(BJ112/AQ112)+BH112*LOG10((AQ112+BC112)/BJ112)))*BF112 -> 2.6322666 | BL112: =IF(AM112="Sand",0,10^(INDEX(Input!$Q$51:$Q$57,MIN(MATCH(MIN(MAX(AR112,30),120),Input!$C$51:$C$57,1),6))+(MIN(MAX(AR112,30),120)-INDEX(Input!$C$51:$C$57,MIN(MATCH(MIN(MAX(AR112,30),120),Input!$C$51:$C$57,1),6)))/(INDEX(Input!$C$51:$C$57,MIN(MATCH(MIN(MAX(AR112,30),120),Input!$C$51:$C$57,1),6)+1)-INDEX(Input!$C$51:$C$57,MIN(MATCH(MIN(MAX(AR112,30),120),Input!$C$51:$C$57,1),6)))*(INDEX(Input!$Q$51:$Q$57,MIN(MATCH(MIN(MAX(AR112,30),120),Input!$C$51:$C$57,1),6)+1)-INDEX(Input!$Q$51:$Q$57,MIN(MATCH(MIN(MAX(AR112,30),120),Input!$C$51:$C$57,1),6))))) -> 0.0029792775 | BM112: =IF(OR(AM112="Sand",BF112=0),0,Input!$AA$41*(AK112/2)^2/(BL112*0.0001*31536000)) -> 0.050769258 | BN112: =MAX(0,MIN(AJ112,Input!$AA$20)-AI112) -> 0 | BO112: =MAX(0,MIN(AJ112,Input!$AA$20)-MAX(AI112,$AA$23)) -> 0 | BP112: =BG112+BK112 -> 3.4804198
C113: 31 | E113: =AI113 -> 45 | H113: =AJ113 -> 46.5 | K113: =AM113 -> Clay | N113: =AN113 -> 33 | Q113: =AO113 -> 19.2 | T113: =IF(AR113="","-",AR113) -> 29.665 | V113: =IF(AT113="","-",AT113) -> 9.859 | X113: =AU113 -> 0.681 | Z113: =AV113 -> 165 | AC113: =AW113 -> 30 | AI113: 45 | AJ113: 46.5 | AK113: =AJ113-AI113 -> 1.5 | AL113: =(AI113+AJ113)/2 -> 45.75 | AM113: Clay | AN113: 33 | AO113: =IF(AL113>$AA$20,$AA$22,$AA$21) -> 19.2 | AP113: =AP112+AO113*AK113 -> 880.2 | AQ113: =AP113-AO113*AK113/2-10*MAX(AL113-$AA$20,0) -> 498.3 | AR113: 29.665 | AS113: 19.806 | AT113: =IF(AR113="","",AR113-AS113) -> 9.859 | AU113: 0.681 | AV113: =IF(AM113="Sand",0,Input!$AA$34*AN113) -> 165 | AW113: =IF(AM113="Sand",27.1+0.3*MIN(Input!$AA$35*AN113,60)-0.00054*MIN(Input!$AA$35*AN113,60)^2,MIN(MAX(DEGREES(ASIN(0.8-0.094*LN(MAX(IF(AT113="",10,AT113),5)))),20),30)) -> 30 | AX113: =IF(AM113="Sand",Input!$AA$36*Input!$AA$35*AN113,Input!$AA$37*AV113) -> 82500 | AY113: =IF(AM113="Sand",Input!$AA$38,0.5) -> 0.5 | AZ113: =Input!$AA$15/2/AL113 -> 0.80874317 | BA113: =Input!$AA$16/2/AL113 -> 2.2076503 | BB113: =1/(4*PI())*(2*AZ113*BA113*SQRT(AZ113^2+BA113^2+1)/(AZ113^2+BA113^2+1+AZ113^2*BA113^2)*(AZ113^2+BA113^2+2)/(AZ113^2+BA113^2+1)+ATAN2(AZ113^2+BA113^2+1-AZ113^2*BA113^2,2*AZ113*BA113*SQRT(AZ113^2+BA113^2+1))) -> 0.1832473 | BC113: =4*Input!$AA$14*BB113 -> 99.686533 | BD113: =((Input!$AA$16/Input!$AA$15)*LN((1+SQRT((Input!$AA$16/Input!$AA$15)^2+1))*SQRT((Input!$AA$16/Input!$AA$15)^2+(AJ113/(Input!$AA$15/2))^2)/((Input!$AA$16/Input!$AA$15)*(1+SQRT((Input!$AA$16/Input!$AA$15)^2+(AJ113/(Input!$AA$15/2))^2+1))))+LN(((Input!$AA$16/Input!$AA$15)+SQRT((Input!$AA$16/Input!$AA$15)^2+1))*SQRT(1+(AJ113/(Input!$AA$15/2))^2)/((Input!$AA$16/Input!$AA$15)+SQRT((Input!$AA$16/Input!$AA$15)^2+(AJ113/(Input!$AA$15/2))^2+1))))/PI() -> 0.1639933 | BE113: =(AJ113/(Input!$AA$15/2))/(2*PI())*ATAN((Input!$AA$16/Input!$AA$15)/((AJ113/(Input!$AA$15/2))*SQRT((Input!$AA$16/Input!$AA$15)^2+(AJ113/(Input!$AA$15/2))^2+1))) -> 0.12023825 | BF113: =MAX(0,AJ113-MAX(AI113,$AA$23))/AK113*IF(BC113>=Input!$AA$21*AQ113,1,0) -> 1 | BG113: =4*Input!$AA$14*(Input!$AA$15/2)*(1-AY113^2)/AX113*((BD113-BD112)+(1-2*AY113)/(1-AY113)*(BE113-BE112))*1000*BF113 -> 1.2784723 | BH113: =IF(AM113="Sand",0,0.009*(AR113-10)) -> 0.176985 | BI113: =BH113*Input!$AA$39 -> 0.035397 | BJ113: =IF(AM113="Sand",0,MAX(AV113/Input!$AA$40,AQ113)) -> 750 | BK113: =IF(AM113="Sand",0,1000*AK113/(1+AU113)*IF(AQ113+BC113<=BJ113,BI113*LOG10((AQ113+BC113)/AQ113),BI113*LOG10(BJ113/AQ113)+BH113*LOG10((AQ113+BC113)/BJ113)))*BF113 -> 2.5016008 | BL113: =IF(AM113="Sand",0,10^(INDEX(Input!$Q$51:$Q$57,MIN(MATCH(MIN(MAX(AR113,30),120),Input!$C$51:$C$57,1),6))+(MIN(MAX(AR113,30),120)-INDEX(Input!$C$51:$C$57,MIN(MATCH(MIN(MAX(AR113,30),120),Input!$C$51:$C$57,1),6)))/(INDEX(Input!$C$51:$C$57,MIN(MATCH(MIN(MAX(AR113,30),120),Input!$C$51:$C$57,1),6)+1)-INDEX(Input!$C$51:$C$57,MIN(MATCH(MIN(MAX(AR113,30),120),Input!$C$51:$C$57,1),6)))*(INDEX(Input!$Q$51:$Q$57,MIN(MATCH(MIN(MAX(AR113,30),120),Input!$C$51:$C$57,1),6)+1)-INDEX(Input!$Q$51:$Q$57,MIN(MATCH(MIN(MAX(AR113,30),120),Input!$C$51:$C$57,1),6))))) -> 0.003 | BM113: =IF(OR(AM113="Sand",BF113=0),0,Input!$AA$41*(AK113/2)^2/(BL113*0.0001*31536000)) -> 0.050418569 | BN113: =MAX(0,MIN(AJ113,Input!$AA$20)-AI113) -> 0 | BO113: =MAX(0,MIN(AJ113,Input!$AA$20)-MAX(AI113,$AA$23)) -> 0 | BP113: =BG113+BK113 -> 3.7800731 | BQ113: LL/PL/e0 = borehole average
C114: 32 | E114: =AI114 -> 46.5 | H114: =AJ114 -> 48 | K114: =AM114 -> Clay | N114: =AN114 -> 36 | Q114: =AO114 -> 19.2 | T114: =IF(AR114="","-",AR114) -> 39.36 | V114: =IF(AT114="","-",AT114) -> 13.99 | X114: =AU114 -> 0.841 | Z114: =AV114 -> 180 | AC114: =AW114 -> 30 | AI114: 46.5 | AJ114: 48 | AK114: =AJ114-AI114 -> 1.5 | AL114: =(AI114+AJ114)/2 -> 47.25 | AM114: Clay | AN114: 36 | AO114: =IF(AL114>$AA$20,$AA$22,$AA$21) -> 19.2 | AP114: =AP113+AO114*AK114 -> 909 | AQ114: =AP114-AO114*AK114/2-10*MAX(AL114-$AA$20,0) -> 512.1 | AR114: 39.36 | AS114: 25.37 | AT114: =IF(AR114="","",AR114-AS114) -> 13.99 | AU114: 0.841 | AV114: =IF(AM114="Sand",0,Input!$AA$34*AN114) -> 180 | AW114: =IF(AM114="Sand",27.1+0.3*MIN(Input!$AA$35*AN114,60)-0.00054*MIN(Input!$AA$35*AN114,60)^2,MIN(MAX(DEGREES(ASIN(0.8-0.094*LN(MAX(IF(AT114="",10,AT114),5)))),20),30)) -> 30 | AX114: =IF(AM114="Sand",Input!$AA$36*Input!$AA$35*AN114,Input!$AA$37*AV114) -> 90000 | AY114: =IF(AM114="Sand",Input!$AA$38,0.5) -> 0.5 | AZ114: =Input!$AA$15/2/AL114 -> 0.78306878 | BA114: =Input!$AA$16/2/AL114 -> 2.1375661 | BB114: =1/(4*PI())*(2*AZ114*BA114*SQRT(AZ114^2+BA114^2+1)/(AZ114^2+BA114^2+1+AZ114^2*BA114^2)*(AZ114^2+BA114^2+2)/(AZ114^2+BA114^2+1)+ATAN2(AZ114^2+BA114^2+1-AZ114^2*BA114^2,2*AZ114*BA114*SQRT(AZ114^2+BA114^2+1))) -> 0.17995543 | BC114: =4*Input!$AA$14*BB114 -> 97.895752 | BD114: =((Input!$AA$16/Input!$AA$15)*LN((1+SQRT((Input!$AA$16/Input!$AA$15)^2+1))*SQRT((Input!$AA$16/Input!$AA$15)^2+(AJ114/(Input!$AA$15/2))^2)/((Input!$AA$16/Input!$AA$15)*(1+SQRT((Input!$AA$16/Input!$AA$15)^2+(AJ114/(Input!$AA$15/2))^2+1))))+LN(((Input!$AA$16/Input!$AA$15)+SQRT((Input!$AA$16/Input!$AA$15)^2+1))*SQRT(1+(AJ114/(Input!$AA$15/2))^2)/((Input!$AA$16/Input!$AA$15)+SQRT((Input!$AA$16/Input!$AA$15)^2+(AJ114/(Input!$AA$15/2))^2+1))))/PI() -> 0.17093805 | BE114: =(AJ114/(Input!$AA$15/2))/(2*PI())*ATAN((Input!$AA$16/Input!$AA$15)/((AJ114/(Input!$AA$15/2))*SQRT((Input!$AA$16/Input!$AA$15)^2+(AJ114/(Input!$AA$15/2))^2+1))) -> 0.12058906 | BF114: =MAX(0,AJ114-MAX(AI114,$AA$23))/AK114*IF(BC114>=Input!$AA$21*AQ114,1,0) -> 0 | BG114: =4*Input!$AA$14*(Input!$AA$15/2)*(1-AY114^2)/AX114*((BD114-BD113)+(1-2*AY114)/(1-AY114)*(BE114-BE113))*1000*BF114 -> 0 | BH114: =IF(AM114="Sand",0,0.009*(AR114-10)) -> 0.26424 | BI114: =BH114*Input!$AA$39 -> 0.052848 | BJ114: =IF(AM114="Sand",0,MAX(AV114/Input!$AA$40,AQ114)) -> 818.18182 | BK114: =IF(AM114="Sand",0,1000*AK114/(1+AU114)*IF(AQ114+BC114<=BJ114,BI114*LOG10((AQ114+BC114)/AQ114),BI114*LOG10(BJ114/AQ114)+BH114*LOG10((AQ114+BC114)/BJ114)))*BF114 -> 0 | BL114: =IF(AM114="Sand",0,10^(INDEX(Input!$Q$51:$Q$57,MIN(MATCH(MIN(MAX(AR114,30),120),Input!$C$51:$C$57,1),6))+(MIN(MAX(AR114,30),120)-INDEX(Input!$C$51:$C$57,MIN(MATCH(MIN(MAX(AR114,30),120),Input!$C$51:$C$57,1),6)))/(INDEX(Input!$C$51:$C$57,MIN(MATCH(MIN(MAX(AR114,30),120),Input!$C$51:$C$57,1),6)+1)-INDEX(Input!$C$51:$C$57,MIN(MATCH(MIN(MAX(AR114,30),120),Input!$C$51:$C$57,1),6)))*(INDEX(Input!$Q$51:$Q$57,MIN(MATCH(MIN(MAX(AR114,30),120),Input!$C$51:$C$57,1),6)+1)-INDEX(Input!$Q$51:$Q$57,MIN(MATCH(MIN(MAX(AR114,30),120),Input!$C$51:$C$57,1),6))))) -> 0.0015680402 | BM114: =IF(OR(AM114="Sand",BF114=0),0,Input!$AA$41*(AK114/2)^2/(BL114*0.0001*31536000)) -> 0 | BN114: =MAX(0,MIN(AJ114,Input!$AA$20)-AI114) -> 0 | BO114: =MAX(0,MIN(AJ114,Input!$AA$20)-MAX(AI114,$AA$23)) -> 0 | BP114: =BG114+BK114 -> 0
C115: 33 | E115: =AI115 -> 48 | H115: =AJ115 -> 49.5 | K115: =AM115 -> Clay | N115: =AN115 -> 31 | Q115: =AO115 -> 19.2 | T115: =IF(AR115="","-",AR115) -> 29.665 | V115: =IF(AT115="","-",AT115) -> 9.859 | X115: =AU115 -> 0.681 | Z115: =AV115 -> 155 | AC115: =AW115 -> 30 | AI115: 48 | AJ115: 49.5 | AK115: =AJ115-AI115 -> 1.5 | AL115: =(AI115+AJ115)/2 -> 48.75 | AM115: Clay | AN115: 31 | AO115: =IF(AL115>$AA$20,$AA$22,$AA$21) -> 19.2 | AP115: =AP114+AO115*AK115 -> 937.8 | AQ115: =AP115-AO115*AK115/2-10*MAX(AL115-$AA$20,0) -> 525.9 | AR115: 29.665 | AS115: 19.806 | AT115: =IF(AR115="","",AR115-AS115) -> 9.859 | AU115: 0.681 | AV115: =IF(AM115="Sand",0,Input!$AA$34*AN115) -> 155 | AW115: =IF(AM115="Sand",27.1+0.3*MIN(Input!$AA$35*AN115,60)-0.00054*MIN(Input!$AA$35*AN115,60)^2,MIN(MAX(DEGREES(ASIN(0.8-0.094*LN(MAX(IF(AT115="",10,AT115),5)))),20),30)) -> 30 | AX115: =IF(AM115="Sand",Input!$AA$36*Input!$AA$35*AN115,Input!$AA$37*AV115) -> 77500 | AY115: =IF(AM115="Sand",Input!$AA$38,0.5) -> 0.5 | AZ115: =Input!$AA$15/2/AL115 -> 0.75897436 | BA115: =Input!$AA$16/2/AL115 -> 2.0717949 | BB115: =1/(4*PI())*(2*AZ115*BA115*SQRT(AZ115^2+BA115^2+1)/(AZ115^2+BA115^2+1+AZ115^2*BA115^2)*(AZ115^2+BA115^2+2)/(AZ115^2+BA115^2+1)+ATAN2(AZ115^2+BA115^2+1-AZ115^2*BA115^2,2*AZ115*BA115*SQRT(AZ115^2+BA115^2+1))) -> 0.17670231 | BC115: =4*Input!$AA$14*BB115 -> 96.126055 | BD115: =((Input!$AA$16/Input!$AA$15)*LN((1+SQRT((Input!$AA$16/Input!$AA$15)^2+1))*SQRT((Input!$AA$16/Input!$AA$15)^2+(AJ115/(Input!$AA$15/2))^2)/((Input!$AA$16/Input!$AA$15)*(1+SQRT((Input!$AA$16/Input!$AA$15)^2+(AJ115/(Input!$AA$15/2))^2+1))))+LN(((Input!$AA$16/Input!$AA$15)+SQRT((Input!$AA$16/Input!$AA$15)^2+1))*SQRT(1+(AJ115/(Input!$AA$15/2))^2)/((Input!$AA$16/Input!$AA$15)+SQRT((Input!$AA$16/Input!$AA$15)^2+(AJ115/(Input!$AA$15/2))^2+1))))/PI() -> 0.17783539 | BE115: =(AJ115/(Input!$AA$15/2))/(2*PI())*ATAN((Input!$AA$16/Input!$AA$15)/((AJ115/(Input!$AA$15/2))*SQRT((Input!$AA$16/Input!$AA$15)^2+(AJ115/(Input!$AA$15/2))^2+1))) -> 0.1208554 | BF115: =MAX(0,AJ115-MAX(AI115,$AA$23))/AK115*IF(BC115>=Input!$AA$21*AQ115,1,0) -> 0 | BG115: =4*Input!$AA$14*(Input!$AA$15/2)*(1-AY115^2)/AX115*((BD115-BD114)+(1-2*AY115)/(1-AY115)*(BE115-BE114))*1000*BF115 -> 0 | BH115: =IF(AM115="Sand",0,0.009*(AR115-10)) -> 0.176985 | BI115: =BH115*Input!$AA$39 -> 0.035397 | BJ115: =IF(AM115="Sand",0,MAX(AV115/Input!$AA$40,AQ115)) -> 704.54545 | BK115: =IF(AM115="Sand",0,1000*AK115/(1+AU115)*IF(AQ115+BC115<=BJ115,BI115*LOG10((AQ115+BC115)/AQ115),BI115*LOG10(BJ115/AQ115)+BH115*LOG10((AQ115+BC115)/BJ115)))*BF115 -> 0 | BL115: =IF(AM115="Sand",0,10^(INDEX(Input!$Q$51:$Q$57,MIN(MATCH(MIN(MAX(AR115,30),120),Input!$C$51:$C$57,1),6))+(MIN(MAX(AR115,30),120)-INDEX(Input!$C$51:$C$57,MIN(MATCH(MIN(MAX(AR115,30),120),Input!$C$51:$C$57,1),6)))/(INDEX(Input!$C$51:$C$57,MIN(MATCH(MIN(MAX(AR115,30),120),Input!$C$51:$C$57,1),6)+1)-INDEX(Input!$C$51:$C$57,MIN(MATCH(MIN(MAX(AR115,30),120),Input!$C$51:$C$57,1),6)))*(INDEX(Input!$Q$51:$Q$57,MIN(MATCH(MIN(MAX(AR115,30),120),Input!$C$51:$C$57,1),6)+1)-INDEX(Input!$Q$51:$Q$57,MIN(MATCH(MIN(MAX(AR115,30),120),Input!$C$51:$C$57,1),6))))) -> 0.003 | BM115: =IF(OR(AM115="Sand",BF115=0),0,Input!$AA$41*(AK115/2)^2/(BL115*0.0001*31536000)) -> 0 | BN115: =MAX(0,MIN(AJ115,Input!$AA$20)-AI115) -> 0 | BO115: =MAX(0,MIN(AJ115,Input!$AA$20)-MAX(AI115,$AA$23)) -> 0 | BP115: =BG115+BK115 -> 0 | BQ115: LL/PL/e0 = borehole average
C116: 34 | E116: =AI116 -> 49.5 | H116: =AJ116 -> 51 | K116: =AM116 -> Sand | N116: =AN116 -> 30 | Q116: =AO116 -> 19.2 | T116: =IF(AR116="","-",AR116) -> - | V116: =IF(AT116="","-",AT116) -> - | X116: =AU116 -> 0.357 | Z116: =AV116 -> 0 | AC116: =AW116 -> 36.276976 | AI116: 49.5 | AJ116: 51 | AK116: =AJ116-AI116 -> 1.5 | AL116: =(AI116+AJ116)/2 -> 50.25 | AM116: Sand | AN116: 30 | AO116: =IF(AL116>$AA$20,$AA$22,$AA$21) -> 19.2 | AP116: =AP115+AO116*AK116 -> 966.6 | AQ116: =AP116-AO116*AK116/2-10*MAX(AL116-$AA$20,0) -> 539.7 | AT116: =IF(AR116="","",AR116-AS116) | AU116: 0.357 | AV116: =IF(AM116="Sand",0,Input!$AA$34*AN116) -> 0 | AW116: =IF(AM116="Sand",27.1+0.3*MIN(Input!$AA$35*AN116,60)-0.00054*MIN(Input!$AA$35*AN116,60)^2,MIN(MAX(DEGREES(ASIN(0.8-0.094*LN(MAX(IF(AT116="",10,AT116),5)))),20),30)) -> 36.276976 | AX116: =IF(AM116="Sand",Input!$AA$36*Input!$AA$35*AN116,Input!$AA$37*AV116) -> 32490 | AY116: =IF(AM116="Sand",Input!$AA$38,0.5) -> 0.3 | AZ116: =Input!$AA$15/2/AL116 -> 0.73631841 | BA116: =Input!$AA$16/2/AL116 -> 2.0099502 | BB116: =1/(4*PI())*(2*AZ116*BA116*SQRT(AZ116^2+BA116^2+1)/(AZ116^2+BA116^2+1+AZ116^2*BA116^2)*(AZ116^2+BA116^2+2)/(AZ116^2+BA116^2+1)+ATAN2(AZ116^2+BA116^2+1-AZ116^2*BA116^2,2*AZ116*BA116*SQRT(AZ116^2+BA116^2+1))) -> 0.1734916 | BC116: =4*Input!$AA$14*BB116 -> 94.379432 | BD116: =((Input!$AA$16/Input!$AA$15)*LN((1+SQRT((Input!$AA$16/Input!$AA$15)^2+1))*SQRT((Input!$AA$16/Input!$AA$15)^2+(AJ116/(Input!$AA$15/2))^2)/((Input!$AA$16/Input!$AA$15)*(1+SQRT((Input!$AA$16/Input!$AA$15)^2+(AJ116/(Input!$AA$15/2))^2+1))))+LN(((Input!$AA$16/Input!$AA$15)+SQRT((Input!$AA$16/Input!$AA$15)^2+1))*SQRT(1+(AJ116/(Input!$AA$15/2))^2)/((Input!$AA$16/Input!$AA$15)+SQRT((Input!$AA$16/Input!$AA$15)^2+(AJ116/(Input!$AA$15/2))^2+1))))/PI() -> 0.18468068 | BE116: =(AJ116/(Input!$AA$15/2))/(2*PI())*ATAN((Input!$AA$16/Input!$AA$15)/((AJ116/(Input!$AA$15/2))*SQRT((Input!$AA$16/Input!$AA$15)^2+(AJ116/(Input!$AA$15/2))^2+1))) -> 0.12104363 | BF116: =MAX(0,AJ116-MAX(AI116,$AA$23))/AK116*IF(BC116>=Input!$AA$21*AQ116,1,0) -> 0 | BG116: =4*Input!$AA$14*(Input!$AA$15/2)*(1-AY116^2)/AX116*((BD116-BD115)+(1-2*AY116)/(1-AY116)*(BE116-BE115))*1000*BF116 -> 0 | BH116: =IF(AM116="Sand",0,0.009*(AR116-10)) -> 0 | BI116: =BH116*Input!$AA$39 -> 0 | BJ116: =IF(AM116="Sand",0,MAX(AV116/Input!$AA$40,AQ116)) -> 0 | BK116: =IF(AM116="Sand",0,1000*AK116/(1+AU116)*IF(AQ116+BC116<=BJ116,BI116*LOG10((AQ116+BC116)/AQ116),BI116*LOG10(BJ116/AQ116)+BH116*LOG10((AQ116+BC116)/BJ116)))*BF116 -> 0 | BL116: =IF(AM116="Sand",0,10^(INDEX(Input!$Q$51:$Q$57,MIN(MATCH(MIN(MAX(AR116,30),120),Input!$C$51:$C$57,1),6))+(MIN(MAX(AR116,30),120)-INDEX(Input!$C$51:$C$57,MIN(MATCH(MIN(MAX(AR116,30),120),Input!$C$51:$C$57,1),6)))/(INDEX(Input!$C$51:$C$57,MIN(MATCH(MIN(MAX(AR116,30),120),Input!$C$51:$C$57,1),6)+1)-INDEX(Input!$C$51:$C$57,MIN(MATCH(MIN(MAX(AR116,30),120),Input!$C$51:$C$57,1),6)))*(INDEX(Input!$Q$51:$Q$57,MIN(MATCH(MIN(MAX(AR116,30),120),Input!$C$51:$C$57,1),6)+1)-INDEX(Input!$Q$51:$Q$57,MIN(MATCH(MIN(MAX(AR116,30),120),Input!$C$51:$C$57,1),6))))) -> 0 | BM116: =IF(OR(AM116="Sand",BF116=0),0,Input!$AA$41*(AK116/2)^2/(BL116*0.0001*31536000)) -> 0 | BN116: =MAX(0,MIN(AJ116,Input!$AA$20)-AI116) -> 0 | BO116: =MAX(0,MIN(AJ116,Input!$AA$20)-MAX(AI116,$AA$23)) -> 0 | BP116: =BG116+BK116 -> 0
C117: 35 | E117: =AI117 -> 51 | H117: =AJ117 -> 52.5 | K117: =AM117 -> Sand | N117: =AN117 -> 34 | Q117: =AO117 -> 19.2 | T117: =IF(AR117="","-",AR117) -> - | V117: =IF(AT117="","-",AT117) -> - | X117: =AU117 -> 0.65 | Z117: =AV117 -> 0 | AC117: =AW117 -> 37.414436 | AI117: 51 | AJ117: 52.5 | AK117: =AJ117-AI117 -> 1.5 | AL117: =(AI117+AJ117)/2 -> 51.75 | AM117: Sand | AN117: 34 | AO117: =IF(AL117>$AA$20,$AA$22,$AA$21) -> 19.2 | AP117: =AP116+AO117*AK117 -> 995.4 | AQ117: =AP117-AO117*AK117/2-10*MAX(AL117-$AA$20,0) -> 553.5 | AT117: =IF(AR117="","",AR117-AS117) | AU117: 0.65 | AV117: =IF(AM117="Sand",0,Input!$AA$34*AN117) -> 0 | AW117: =IF(AM117="Sand",27.1+0.3*MIN(Input!$AA$35*AN117,60)-0.00054*MIN(Input!$AA$35*AN117,60)^2,MIN(MAX(DEGREES(ASIN(0.8-0.094*LN(MAX(IF(AT117="",10,AT117),5)))),20),30)) -> 37.414436 | AX117: =IF(AM117="Sand",Input!$AA$36*Input!$AA$35*AN117,Input!$AA$37*AV117) -> 36822 | AY117: =IF(AM117="Sand",Input!$AA$38,0.5) -> 0.3 | AZ117: =Input!$AA$15/2/AL117 -> 0.71497585 | BA117: =Input!$AA$16/2/AL117 -> 1.9516908 | BB117: =1/(4*PI())*(2*AZ117*BA117*SQRT(AZ117^2+BA117^2+1)/(AZ117^2+BA117^2+1+AZ117^2*BA117^2)*(AZ117^2+BA117^2+2)/(AZ117^2+BA117^2+1)+ATAN2(AZ117^2+BA117^2+1-AZ117^2*BA117^2,2*AZ117*BA117*SQRT(AZ117^2+BA117^2+1))) -> 0.17032633 | BC117: =4*Input!$AA$14*BB117 -> 92.657525 | BD117: =((Input!$AA$16/Input!$AA$15)*LN((1+SQRT((Input!$AA$16/Input!$AA$15)^2+1))*SQRT((Input!$AA$16/Input!$AA$15)^2+(AJ117/(Input!$AA$15/2))^2)/((Input!$AA$16/Input!$AA$15)*(1+SQRT((Input!$AA$16/Input!$AA$15)^2+(AJ117/(Input!$AA$15/2))^2+1))))+LN(((Input!$AA$16/Input!$AA$15)+SQRT((Input!$AA$16/Input!$AA$15)^2+1))*SQRT(1+(AJ117/(Input!$AA$15/2))^2)/((Input!$AA$16/Input!$AA$15)+SQRT((Input!$AA$16/Input!$AA$15)^2+(AJ117/(Input!$AA$15/2))^2+1))))/PI() -> 0.19146989 | BE117: =(AJ117/(Input!$AA$15/2))/(2*PI())*ATAN((Input!$AA$16/Input!$AA$15)/((AJ117/(Input!$AA$15/2))*SQRT((Input!$AA$16/Input!$AA$15)^2+(AJ117/(Input!$AA$15/2))^2+1))) -> 0.12115962 | BF117: =MAX(0,AJ117-MAX(AI117,$AA$23))/AK117*IF(BC117>=Input!$AA$21*AQ117,1,0) -> 0 | BG117: =4*Input!$AA$14*(Input!$AA$15/2)*(1-AY117^2)/AX117*((BD117-BD116)+(1-2*AY117)/(1-AY117)*(BE117-BE116))*1000*BF117 -> 0 | BH117: =IF(AM117="Sand",0,0.009*(AR117-10)) -> 0 | BI117: =BH117*Input!$AA$39 -> 0 | BJ117: =IF(AM117="Sand",0,MAX(AV117/Input!$AA$40,AQ117)) -> 0 | BK117: =IF(AM117="Sand",0,1000*AK117/(1+AU117)*IF(AQ117+BC117<=BJ117,BI117*LOG10((AQ117+BC117)/AQ117),BI117*LOG10(BJ117/AQ117)+BH117*LOG10((AQ117+BC117)/BJ117)))*BF117 -> 0 | BL117: =IF(AM117="Sand",0,10^(INDEX(Input!$Q$51:$Q$57,MIN(MATCH(MIN(MAX(AR117,30),120),Input!$C$51:$C$57,1),6))+(MIN(MAX(AR117,30),120)-INDEX(Input!$C$51:$C$57,MIN(MATCH(MIN(MAX(AR117,30),120),Input!$C$51:$C$57,1),6)))/(INDEX(Input!$C$51:$C$57,MIN(MATCH(MIN(MAX(AR117,30),120),Input!$C$51:$C$57,1),6)+1)-INDEX(Input!$C$51:$C$57,MIN(MATCH(MIN(MAX(AR117,30),120),Input!$C$51:$C$57,1),6)))*(INDEX(Input!$Q$51:$Q$57,MIN(MATCH(MIN(MAX(AR117,30),120),Input!$C$51:$C$57,1),6)+1)-INDEX(Input!$Q$51:$Q$57,MIN(MATCH(MIN(MAX(AR117,30),120),Input!$C$51:$C$57,1),6))))) -> 0 | BM117: =IF(OR(AM117="Sand",BF117=0),0,Input!$AA$41*(AK117/2)^2/(BL117*0.0001*31536000)) -> 0 | BN117: =MAX(0,MIN(AJ117,Input!$AA$20)-AI117) -> 0 | BO117: =MAX(0,MIN(AJ117,Input!$AA$20)-MAX(AI117,$AA$23)) -> 0 | BP117: =BG117+BK117 -> 0
C118: 36 | E118: =AI118 -> 52.5 | H118: =AJ118 -> 54 | K118: =AM118 -> Clay | N118: =AN118 -> 31 | Q118: =AO118 -> 19.2 | T118: =IF(AR118="","-",AR118) -> 29.665 | V118: =IF(AT118="","-",AT118) -> 9.859 | X118: =AU118 -> 0.681 | Z118: =AV118 -> 155 | AC118: =AW118 -> 30 | AI118: 52.5 | AJ118: 54 | AK118: =AJ118-AI118 -> 1.5 | AL118: =(AI118+AJ118)/2 -> 53.25 | AM118: Clay | AN118: 31 | AO118: =IF(AL118>$AA$20,$AA$22,$AA$21) -> 19.2 | AP118: =AP117+AO118*AK118 -> 1024.2 | AQ118: =AP118-AO118*AK118/2-10*MAX(AL118-$AA$20,0) -> 567.3 | AR118: 29.665 | AS118: 19.806 | AT118: =IF(AR118="","",AR118-AS118) -> 9.859 | AU118: 0.681 | AV118: =IF(AM118="Sand",0,Input!$AA$34*AN118) -> 155 | AW118: =IF(AM118="Sand",27.1+0.3*MIN(Input!$AA$35*AN118,60)-0.00054*MIN(Input!$AA$35*AN118,60)^2,MIN(MAX(DEGREES(ASIN(0.8-0.094*LN(MAX(IF(AT118="",10,AT118),5)))),20),30)) -> 30 | AX118: =IF(AM118="Sand",Input!$AA$36*Input!$AA$35*AN118,Input!$AA$37*AV118) -> 77500 | AY118: =IF(AM118="Sand",Input!$AA$38,0.5) -> 0.5 | AZ118: =Input!$AA$15/2/AL118 -> 0.69483568 | BA118: =Input!$AA$16/2/AL118 -> 1.8967136 | BB118: =1/(4*PI())*(2*AZ118*BA118*SQRT(AZ118^2+BA118^2+1)/(AZ118^2+BA118^2+1+AZ118^2*BA118^2)*(AZ118^2+BA118^2+2)/(AZ118^2+BA118^2+1)+ATAN2(AZ118^2+BA118^2+1-AZ118^2*BA118^2,2*AZ118*BA118*SQRT(AZ118^2+BA118^2+1))) -> 0.16720895 | BC118: =4*Input!$AA$14*BB118 -> 90.961668 | BD118: =((Input!$AA$16/Input!$AA$15)*LN((1+SQRT((Input!$AA$16/Input!$AA$15)^2+1))*SQRT((Input!$AA$16/Input!$AA$15)^2+(AJ118/(Input!$AA$15/2))^2)/((Input!$AA$16/Input!$AA$15)*(1+SQRT((Input!$AA$16/Input!$AA$15)^2+(AJ118/(Input!$AA$15/2))^2+1))))+LN(((Input!$AA$16/Input!$AA$15)+SQRT((Input!$AA$16/Input!$AA$15)^2+1))*SQRT(1+(AJ118/(Input!$AA$15/2))^2)/((Input!$AA$16/Input!$AA$15)+SQRT((Input!$AA$16/Input!$AA$15)^2+(AJ118/(Input!$AA$15/2))^2+1))))/PI() -> 0.19819952 | BE118: =(AJ118/(Input!$AA$15/2))/(2*PI())*ATAN((Input!$AA$16/Input!$AA$15)/((AJ118/(Input!$AA$15/2))*SQRT((Input!$AA$16/Input!$AA$15)^2+(AJ118/(Input!$AA$15/2))^2+1))) -> 0.12120882 | BF118: =MAX(0,AJ118-MAX(AI118,$AA$23))/AK118*IF(BC118>=Input!$AA$21*AQ118,1,0) -> 0 | BG118: =4*Input!$AA$14*(Input!$AA$15/2)*(1-AY118^2)/AX118*((BD118-BD117)+(1-2*AY118)/(1-AY118)*(BE118-BE117))*1000*BF118 -> 0 | BH118: =IF(AM118="Sand",0,0.009*(AR118-10)) -> 0.176985 | BI118: =BH118*Input!$AA$39 -> 0.035397 | BJ118: =IF(AM118="Sand",0,MAX(AV118/Input!$AA$40,AQ118)) -> 704.54545 | BK118: =IF(AM118="Sand",0,1000*AK118/(1+AU118)*IF(AQ118+BC118<=BJ118,BI118*LOG10((AQ118+BC118)/AQ118),BI118*LOG10(BJ118/AQ118)+BH118*LOG10((AQ118+BC118)/BJ118)))*BF118 -> 0 | BL118: =IF(AM118="Sand",0,10^(INDEX(Input!$Q$51:$Q$57,MIN(MATCH(MIN(MAX(AR118,30),120),Input!$C$51:$C$57,1),6))+(MIN(MAX(AR118,30),120)-INDEX(Input!$C$51:$C$57,MIN(MATCH(MIN(MAX(AR118,30),120),Input!$C$51:$C$57,1),6)))/(INDEX(Input!$C$51:$C$57,MIN(MATCH(MIN(MAX(AR118,30),120),Input!$C$51:$C$57,1),6)+1)-INDEX(Input!$C$51:$C$57,MIN(MATCH(MIN(MAX(AR118,30),120),Input!$C$51:$C$57,1),6)))*(INDEX(Input!$Q$51:$Q$57,MIN(MATCH(MIN(MAX(AR118,30),120),Input!$C$51:$C$57,1),6)+1)-INDEX(Input!$Q$51:$Q$57,MIN(MATCH(MIN(MAX(AR118,30),120),Input!$C$51:$C$57,1),6))))) -> 0.003 | BM118: =IF(OR(AM118="Sand",BF118=0),0,Input!$AA$41*(AK118/2)^2/(BL118*0.0001*31536000)) -> 0 | BN118: =MAX(0,MIN(AJ118,Input!$AA$20)-AI118) -> 0 | BO118: =MAX(0,MIN(AJ118,Input!$AA$20)-MAX(AI118,$AA$23)) -> 0 | BP118: =BG118+BK118 -> 0 | BQ118: LL/PL/e0 = borehole average
C119: 37 | E119: =AI119 -> 54 | H119: =AJ119 -> 55.5 | K119: =AM119 -> Sand | N119: =AN119 -> 29 | Q119: =AO119 -> 19.2 | T119: =IF(AR119="","-",AR119) -> - | V119: =IF(AT119="","-",AT119) -> - | X119: =AU119 -> 0.65 | Z119: =AV119 -> 0 | AC119: =AW119 -> 35.989444 | AI119: 54 | AJ119: 55.5 | AK119: =AJ119-AI119 -> 1.5 | AL119: =(AI119+AJ119)/2 -> 54.75 | AM119: Sand | AN119: 29 | AO119: =IF(AL119>$AA$20,$AA$22,$AA$21) -> 19.2 | AP119: =AP118+AO119*AK119 -> 1053 | AQ119: =AP119-AO119*AK119/2-10*MAX(AL119-$AA$20,0) -> 581.1 | AT119: =IF(AR119="","",AR119-AS119) | AU119: 0.65 | AV119: =IF(AM119="Sand",0,Input!$AA$34*AN119) -> 0 | AW119: =IF(AM119="Sand",27.1+0.3*MIN(Input!$AA$35*AN119,60)-0.00054*MIN(Input!$AA$35*AN119,60)^2,MIN(MAX(DEGREES(ASIN(0.8-0.094*LN(MAX(IF(AT119="",10,AT119),5)))),20),30)) -> 35.989444 | AX119: =IF(AM119="Sand",Input!$AA$36*Input!$AA$35*AN119,Input!$AA$37*AV119) -> 31407 | AY119: =IF(AM119="Sand",Input!$AA$38,0.5) -> 0.3 | AZ119: =Input!$AA$15/2/AL119 -> 0.67579909 | BA119: =Input!$AA$16/2/AL119 -> 1.8447489 | BB119: =1/(4*PI())*(2*AZ119*BA119*SQRT(AZ119^2+BA119^2+1)/(AZ119^2+BA119^2+1+AZ119^2*BA119^2)*(AZ119^2+BA119^2+2)/(AZ119^2+BA119^2+1)+ATAN2(AZ119^2+BA119^2+1-AZ119^2*BA119^2,2*AZ119*BA119*SQRT(AZ119^2+BA119^2+1))) -> 0.16414141 | BC119: =4*Input!$AA$14*BB119 -> 89.292929 | BD119: =((Input!$AA$16/Input!$AA$15)*LN((1+SQRT((Input!$AA$16/Input!$AA$15)^2+1))*SQRT((Input!$AA$16/Input!$AA$15)^2+(AJ119/(Input!$AA$15/2))^2)/((Input!$AA$16/Input!$AA$15)*(1+SQRT((Input!$AA$16/Input!$AA$15)^2+(AJ119/(Input!$AA$15/2))^2+1))))+LN(((Input!$AA$16/Input!$AA$15)+SQRT((Input!$AA$16/Input!$AA$15)^2+1))*SQRT(1+(AJ119/(Input!$AA$15/2))^2)/((Input!$AA$16/Input!$AA$15)+SQRT((Input!$AA$16/Input!$AA$15)^2+(AJ119/(Input!$AA$15/2))^2+1))))/PI() -> 0.20486653 | BE119: =(AJ119/(Input!$AA$15/2))/(2*PI())*ATAN((Input!$AA$16/Input!$AA$15)/((AJ119/(Input!$AA$15/2))*SQRT((Input!$AA$16/Input!$AA$15)^2+(AJ119/(Input!$AA$15/2))^2+1))) -> 0.12119627 | BF119: =MAX(0,AJ119-MAX(AI119,$AA$23))/AK119*IF(BC119>=Input!$AA$21*AQ119,1,0) -> 0 | BG119: =4*Input!$AA$14*(Input!$AA$15/2)*(1-AY119^2)/AX119*((BD119-BD118)+(1-2*AY119)/(1-AY119)*(BE119-BE118))*1000*BF119 -> 0 | BH119: =IF(AM119="Sand",0,0.009*(AR119-10)) -> 0 | BI119: =BH119*Input!$AA$39 -> 0 | BJ119: =IF(AM119="Sand",0,MAX(AV119/Input!$AA$40,AQ119)) -> 0 | BK119: =IF(AM119="Sand",0,1000*AK119/(1+AU119)*IF(AQ119+BC119<=BJ119,BI119*LOG10((AQ119+BC119)/AQ119),BI119*LOG10(BJ119/AQ119)+BH119*LOG10((AQ119+BC119)/BJ119)))*BF119 -> 0 | BL119: =IF(AM119="Sand",0,10^(INDEX(Input!$Q$51:$Q$57,MIN(MATCH(MIN(MAX(AR119,30),120),Input!$C$51:$C$57,1),6))+(MIN(MAX(AR119,30),120)-INDEX(Input!$C$51:$C$57,MIN(MATCH(MIN(MAX(AR119,30),120),Input!$C$51:$C$57,1),6)))/(INDEX(Input!$C$51:$C$57,MIN(MATCH(MIN(MAX(AR119,30),120),Input!$C$51:$C$57,1),6)+1)-INDEX(Input!$C$51:$C$57,MIN(MATCH(MIN(MAX(AR119,30),120),Input!$C$51:$C$57,1),6)))*(INDEX(Input!$Q$51:$Q$57,MIN(MATCH(MIN(MAX(AR119,30),120),Input!$C$51:$C$57,1),6)+1)-INDEX(Input!$Q$51:$Q$57,MIN(MATCH(MIN(MAX(AR119,30),120),Input!$C$51:$C$57,1),6))))) -> 0 | BM119: =IF(OR(AM119="Sand",BF119=0),0,Input!$AA$41*(AK119/2)^2/(BL119*0.0001*31536000)) -> 0 | BN119: =MAX(0,MIN(AJ119,Input!$AA$20)-AI119) -> 0 | BO119: =MAX(0,MIN(AJ119,Input!$AA$20)-MAX(AI119,$AA$23)) -> 0 | BP119: =BG119+BK119 -> 0
C120: 38 | E120: =AI120 -> 55.5 | H120: =AJ120 -> 57 | K120: =AM120 -> Sand | N120: =AN120 -> 25 | Q120: =AO120 -> 19.2 | T120: =IF(AR120="","-",AR120) -> - | V120: =IF(AT120="","-",AT120) -> - | X120: =AU120 -> 0.65 | Z120: =AV120 -> 0 | AC120: =AW120 -> 34.82665 | AI120: 55.5 | AJ120: 57 | AK120: =AJ120-AI120 -> 1.5 | AL120: =(AI120+AJ120)/2 -> 56.25 | AM120: Sand | AN120: 25 | AO120: =IF(AL120>$AA$20,$AA$22,$AA$21) -> 19.2 | AP120: =AP119+AO120*AK120 -> 1081.8 | AQ120: =AP120-AO120*AK120/2-10*MAX(AL120-$AA$20,0) -> 594.9 | AT120: =IF(AR120="","",AR120-AS120) | AU120: 0.65 | AV120: =IF(AM120="Sand",0,Input!$AA$34*AN120) -> 0 | AW120: =IF(AM120="Sand",27.1+0.3*MIN(Input!$AA$35*AN120,60)-0.00054*MIN(Input!$AA$35*AN120,60)^2,MIN(MAX(DEGREES(ASIN(0.8-0.094*LN(MAX(IF(AT120="",10,AT120),5)))),20),30)) -> 34.82665 | AX120: =IF(AM120="Sand",Input!$AA$36*Input!$AA$35*AN120,Input!$AA$37*AV120) -> 27075 | AY120: =IF(AM120="Sand",Input!$AA$38,0.5) -> 0.3 | AZ120: =Input!$AA$15/2/AL120 -> 0.65777778 | BA120: =Input!$AA$16/2/AL120 -> 1.7955556 | BB120: =1/(4*PI())*(2*AZ120*BA120*SQRT(AZ120^2+BA120^2+1)/(AZ120^2+BA120^2+1+AZ120^2*BA120^2)*(AZ120^2+BA120^2+2)/(AZ120^2+BA120^2+1)+ATAN2(AZ120^2+BA120^2+1-AZ120^2*BA120^2,2*AZ120*BA120*SQRT(AZ120^2+BA120^2+1))) -> 0.16112525 | BC120: =4*Input!$AA$14*BB120 -> 87.652135 | BD120: =((Input!$AA$16/Input!$AA$15)*LN((1+SQRT((Input!$AA$16/Input!$AA$15)^2+1))*SQRT((Input!$AA$16/Input!$AA$15)^2+(AJ120/(Input!$AA$15/2))^2)/((Input!$AA$16/Input!$AA$15)*(1+SQRT((Input!$AA$16/Input!$AA$15)^2+(AJ120/(Input!$AA$15/2))^2+1))))+LN(((Input!$AA$16/Input!$AA$15)+SQRT((Input!$AA$16/Input!$AA$15)^2+1))*SQRT(1+(AJ120/(Input!$AA$15/2))^2)/((Input!$AA$16/Input!$AA$15)+SQRT((Input!$AA$16/Input!$AA$15)^2+(AJ120/(Input!$AA$15/2))^2+1))))/PI() -> 0.21146834 | BE120: =(AJ120/(Input!$AA$15/2))/(2*PI())*ATAN((Input!$AA$16/Input!$AA$15)/((AJ120/(Input!$AA$15/2))*SQRT((Input!$AA$16/Input!$AA$15)^2+(AJ120/(Input!$AA$15/2))^2+1))) -> 0.12112666 | BF120: =MAX(0,AJ120-MAX(AI120,$AA$23))/AK120*IF(BC120>=Input!$AA$21*AQ120,1,0) -> 0 | BG120: =4*Input!$AA$14*(Input!$AA$15/2)*(1-AY120^2)/AX120*((BD120-BD119)+(1-2*AY120)/(1-AY120)*(BE120-BE119))*1000*BF120 -> 0 | BH120: =IF(AM120="Sand",0,0.009*(AR120-10)) -> 0 | BI120: =BH120*Input!$AA$39 -> 0 | BJ120: =IF(AM120="Sand",0,MAX(AV120/Input!$AA$40,AQ120)) -> 0 | BK120: =IF(AM120="Sand",0,1000*AK120/(1+AU120)*IF(AQ120+BC120<=BJ120,BI120*LOG10((AQ120+BC120)/AQ120),BI120*LOG10(BJ120/AQ120)+BH120*LOG10((AQ120+BC120)/BJ120)))*BF120 -> 0 | BL120: =IF(AM120="Sand",0,10^(INDEX(Input!$Q$51:$Q$57,MIN(MATCH(MIN(MAX(AR120,30),120),Input!$C$51:$C$57,1),6))+(MIN(MAX(AR120,30),120)-INDEX(Input!$C$51:$C$57,MIN(MATCH(MIN(MAX(AR120,30),120),Input!$C$51:$C$57,1),6)))/(INDEX(Input!$C$51:$C$57,MIN(MATCH(MIN(MAX(AR120,30),120),Input!$C$51:$C$57,1),6)+1)-INDEX(Input!$C$51:$C$57,MIN(MATCH(MIN(MAX(AR120,30),120),Input!$C$51:$C$57,1),6)))*(INDEX(Input!$Q$51:$Q$57,MIN(MATCH(MIN(MAX(AR120,30),120),Input!$C$51:$C$57,1),6)+1)-INDEX(Input!$Q$51:$Q$57,MIN(MATCH(MIN(MAX(AR120,30),120),Input!$C$51:$C$57,1),6))))) -> 0 | BM120: =IF(OR(AM120="Sand",BF120=0),0,Input!$AA$41*(AK120/2)^2/(BL120*0.0001*31536000)) -> 0 | BN120: =MAX(0,MIN(AJ120,Input!$AA$20)-AI120) -> 0 | BO120: =MAX(0,MIN(AJ120,Input!$AA$20)-MAX(AI120,$AA$23)) -> 0 | BP120: =BG120+BK120 -> 0
C121: 39 | E121: =AI121 -> 57 | H121: =AJ121 -> 58.5 | K121: =AM121 -> Sand | N121: =AN121 -> 35 | Q121: =AO121 -> 19.2 | T121: =IF(AR121="","-",AR121) -> - | V121: =IF(AT121="","-",AT121) -> - | X121: =AU121 -> 0.65 | Z121: =AV121 -> 0 | AC121: =AW121 -> 37.695634 | AI121: 57 | AJ121: 58.5 | AK121: =AJ121-AI121 -> 1.5 | AL121: =(AI121+AJ121)/2 -> 57.75 | AM121: Sand | AN121: 35 | AO121: =IF(AL121>$AA$20,$AA$22,$AA$21) -> 19.2 | AP121: =AP120+AO121*AK121 -> 1110.6 | AQ121: =AP121-AO121*AK121/2-10*MAX(AL121-$AA$20,0) -> 608.7 | AT121: =IF(AR121="","",AR121-AS121) | AU121: 0.65 | AV121: =IF(AM121="Sand",0,Input!$AA$34*AN121) -> 0 | AW121: =IF(AM121="Sand",27.1+0.3*MIN(Input!$AA$35*AN121,60)-0.00054*MIN(Input!$AA$35*AN121,60)^2,MIN(MAX(DEGREES(ASIN(0.8-0.094*LN(MAX(IF(AT121="",10,AT121),5)))),20),30)) -> 37.695634 | AX121: =IF(AM121="Sand",Input!$AA$36*Input!$AA$35*AN121,Input!$AA$37*AV121) -> 37905 | AY121: =IF(AM121="Sand",Input!$AA$38,0.5) -> 0.3 | AZ121: =Input!$AA$15/2/AL121 -> 0.64069264 | BA121: =Input!$AA$16/2/AL121 -> 1.7489177 | BB121: =1/(4*PI())*(2*AZ121*BA121*SQRT(AZ121^2+BA121^2+1)/(AZ121^2+BA121^2+1+AZ121^2*BA121^2)*(AZ121^2+BA121^2+2)/(AZ121^2+BA121^2+1)+ATAN2(AZ121^2+BA121^2+1-AZ121^2*BA121^2,2*AZ121*BA121*SQRT(AZ121^2+BA121^2+1))) -> 0.15816159 | BC121: =4*Input!$AA$14*BB121 -> 86.039907 | BD121: =((Input!$AA$16/Input!$AA$15)*LN((1+SQRT((Input!$AA$16/Input!$AA$15)^2+1))*SQRT((Input!$AA$16/Input!$AA$15)^2+(AJ121/(Input!$AA$15/2))^2)/((Input!$AA$16/Input!$AA$15)*(1+SQRT((Input!$AA$16/Input!$AA$15)^2+(AJ121/(Input!$AA$15/2))^2+1))))+LN(((Input!$AA$16/Input!$AA$15)+SQRT((Input!$AA$16/Input!$AA$15)^2+1))*SQRT(1+(AJ121/(Input!$AA$15/2))^2)/((Input!$AA$16/Input!$AA$15)+SQRT((Input!$AA$16/Input!$AA$15)^2+(AJ121/(Input!$AA$15/2))^2+1))))/PI() -> 0.21800273 | BE121: =(AJ121/(Input!$AA$15/2))/(2*PI())*ATAN((Input!$AA$16/Input!$AA$15)/((AJ121/(Input!$AA$15/2))*SQRT((Input!$AA$16/Input!$AA$15)^2+(AJ121/(Input!$AA$15/2))^2+1))) -> 0.12100432 | BF121: =MAX(0,AJ121-MAX(AI121,$AA$23))/AK121*IF(BC121>=Input!$AA$21*AQ121,1,0) -> 0 | BG121: =4*Input!$AA$14*(Input!$AA$15/2)*(1-AY121^2)/AX121*((BD121-BD120)+(1-2*AY121)/(1-AY121)*(BE121-BE120))*1000*BF121 -> 0 | BH121: =IF(AM121="Sand",0,0.009*(AR121-10)) -> 0 | BI121: =BH121*Input!$AA$39 -> 0 | BJ121: =IF(AM121="Sand",0,MAX(AV121/Input!$AA$40,AQ121)) -> 0 | BK121: =IF(AM121="Sand",0,1000*AK121/(1+AU121)*IF(AQ121+BC121<=BJ121,BI121*LOG10((AQ121+BC121)/AQ121),BI121*LOG10(BJ121/AQ121)+BH121*LOG10((AQ121+BC121)/BJ121)))*BF121 -> 0 | BL121: =IF(AM121="Sand",0,10^(INDEX(Input!$Q$51:$Q$57,MIN(MATCH(MIN(MAX(AR121,30),120),Input!$C$51:$C$57,1),6))+(MIN(MAX(AR121,30),120)-INDEX(Input!$C$51:$C$57,MIN(MATCH(MIN(MAX(AR121,30),120),Input!$C$51:$C$57,1),6)))/(INDEX(Input!$C$51:$C$57,MIN(MATCH(MIN(MAX(AR121,30),120),Input!$C$51:$C$57,1),6)+1)-INDEX(Input!$C$51:$C$57,MIN(MATCH(MIN(MAX(AR121,30),120),Input!$C$51:$C$57,1),6)))*(INDEX(Input!$Q$51:$Q$57,MIN(MATCH(MIN(MAX(AR121,30),120),Input!$C$51:$C$57,1),6)+1)-INDEX(Input!$Q$51:$Q$57,MIN(MATCH(MIN(MAX(AR121,30),120),Input!$C$51:$C$57,1),6))))) -> 0 | BM121: =IF(OR(AM121="Sand",BF121=0),0,Input!$AA$41*(AK121/2)^2/(BL121*0.0001*31536000)) -> 0 | BN121: =MAX(0,MIN(AJ121,Input!$AA$20)-AI121) -> 0 | BO121: =MAX(0,MIN(AJ121,Input!$AA$20)-MAX(AI121,$AA$23)) -> 0 | BP121: =BG121+BK121 -> 0
C122: 40 | E122: =AI122 -> 58.5 | H122: =AJ122 -> 59.5 | K122: =AM122 -> Sand | N122: =AN122 -> 42 | Q122: =AO122 -> 19.2 | T122: =IF(AR122="","-",AR122) -> - | V122: =IF(AT122="","-",AT122) -> - | X122: =AU122 -> 0.65 | Z122: =AV122 -> 0 | AC122: =AW122 -> 39.628553 | AI122: 58.5 | AJ122: 59.5 | AK122: =AJ122-AI122 -> 1 | AL122: =(AI122+AJ122)/2 -> 59 | AM122: Sand | AN122: 42 | AO122: =IF(AL122>$AA$20,$AA$22,$AA$21) -> 19.2 | AP122: =AP121+AO122*AK122 -> 1129.8 | AQ122: =AP122-AO122*AK122/2-10*MAX(AL122-$AA$20,0) -> 620.2 | AT122: =IF(AR122="","",AR122-AS122) | AU122: 0.65 | AV122: =IF(AM122="Sand",0,Input!$AA$34*AN122) -> 0 | AW122: =IF(AM122="Sand",27.1+0.3*MIN(Input!$AA$35*AN122,60)-0.00054*MIN(Input!$AA$35*AN122,60)^2,MIN(MAX(DEGREES(ASIN(0.8-0.094*LN(MAX(IF(AT122="",10,AT122),5)))),20),30)) -> 39.628553 | AX122: =IF(AM122="Sand",Input!$AA$36*Input!$AA$35*AN122,Input!$AA$37*AV122) -> 45486 | AY122: =IF(AM122="Sand",Input!$AA$38,0.5) -> 0.3 | AZ122: =Input!$AA$15/2/AL122 -> 0.62711864 | BA122: =Input!$AA$16/2/AL122 -> 1.7118644 | BB122: =1/(4*PI())*(2*AZ122*BA122*SQRT(AZ122^2+BA122^2+1)/(AZ122^2+BA122^2+1+AZ122^2*BA122^2)*(AZ122^2+BA122^2+2)/(AZ122^2+BA122^2+1)+ATAN2(AZ122^2+BA122^2+1-AZ122^2*BA122^2,2*AZ122*BA122*SQRT(AZ122^2+BA122^2+1))) -> 0.15573259 | BC122: =4*Input!$AA$14*BB122 -> 84.718528 | BD122: =((Input!$AA$16/Input!$AA$15)*LN((1+SQRT((Input!$AA$16/Input!$AA$15)^2+1))*SQRT((Input!$AA$16/Input!$AA$15)^2+(AJ122/(Input!$AA$15/2))^2)/((Input!$AA$16/Input!$AA$15)*(1+SQRT((Input!$AA$16/Input!$AA$15)^2+(AJ122/(Input!$AA$15/2))^2+1))))+LN(((Input!$AA$16/Input!$AA$15)+SQRT((Input!$AA$16/Input!$AA$15)^2+1))*SQRT(1+(AJ122/(Input!$AA$15/2))^2)/((Input!$AA$16/Input!$AA$15)+SQRT((Input!$AA$16/Input!$AA$15)^2+(AJ122/(Input!$AA$15/2))^2+1))))/PI() -> 0.2223206 | BE122: =(AJ122/(Input!$AA$15/2))/(2*PI())*ATAN((Input!$AA$16/Input!$AA$15)/((AJ122/(Input!$AA$15/2))*SQRT((Input!$AA$16/Input!$AA$15)^2+(AJ122/(Input!$AA$15/2))^2+1))) -> 0.12089546 | BF122: =MAX(0,AJ122-MAX(AI122,$AA$23))/AK122*IF(BC122>=Input!$AA$21*AQ122,1,0) -> 0 | BG122: =4*Input!$AA$14*(Input!$AA$15/2)*(1-AY122^2)/AX122*((BD122-BD121)+(1-2*AY122)/(1-AY122)*(BE122-BE121))*1000*BF122 -> 0 | BH122: =IF(AM122="Sand",0,0.009*(AR122-10)) -> 0 | BI122: =BH122*Input!$AA$39 -> 0 | BJ122: =IF(AM122="Sand",0,MAX(AV122/Input!$AA$40,AQ122)) -> 0 | BK122: =IF(AM122="Sand",0,1000*AK122/(1+AU122)*IF(AQ122+BC122<=BJ122,BI122*LOG10((AQ122+BC122)/AQ122),BI122*LOG10(BJ122/AQ122)+BH122*LOG10((AQ122+BC122)/BJ122)))*BF122 -> 0 | BL122: =IF(AM122="Sand",0,10^(INDEX(Input!$Q$51:$Q$57,MIN(MATCH(MIN(MAX(AR122,30),120),Input!$C$51:$C$57,1),6))+(MIN(MAX(AR122,30),120)-INDEX(Input!$C$51:$C$57,MIN(MATCH(MIN(MAX(AR122,30),120),Input!$C$51:$C$57,1),6)))/(INDEX(Input!$C$51:$C$57,MIN(MATCH(MIN(MAX(AR122,30),120),Input!$C$51:$C$57,1),6)+1)-INDEX(Input!$C$51:$C$57,MIN(MATCH(MIN(MAX(AR122,30),120),Input!$C$51:$C$57,1),6)))*(INDEX(Input!$Q$51:$Q$57,MIN(MATCH(MIN(MAX(AR122,30),120),Input!$C$51:$C$57,1),6)+1)-INDEX(Input!$Q$51:$Q$57,MIN(MATCH(MIN(MAX(AR122,30),120),Input!$C$51:$C$57,1),6))))) -> 0 | BM122: =IF(OR(AM122="Sand",BF122=0),0,Input!$AA$41*(AK122/2)^2/(BL122*0.0001*31536000)) -> 0 | BN122: =MAX(0,MIN(AJ122,Input!$AA$20)-AI122) -> 0 | BO122: =MAX(0,MIN(AJ122,Input!$AA$20)-MAX(AI122,$AA$23)) -> 0 | BP122: =BG122+BK122 -> 0
C123: 41 | E123: =AI123 -> 59.5 | H123: =AJ123 -> 60 | K123: =AM123 -> Sand | N123: =AN123 -> 46 | Q123: =AO123 -> 19.2 | T123: =IF(AR123="","-",AR123) -> - | V123: =IF(AT123="","-",AT123) -> - | X123: =AU123 -> 0.65 | Z123: =AV123 -> 0 | AC123: =AW123 -> 40.70521 | AI123: 59.5 | AJ123: 60 | AK123: =AJ123-AI123 -> 0.5 | AL123: =(AI123+AJ123)/2 -> 59.75 | AM123: Sand | AN123: 46 | AO123: =IF(AL123>$AA$20,$AA$22,$AA$21) -> 19.2 | AP123: =AP122+AO123*AK123 -> 1139.4 | AQ123: =AP123-AO123*AK123/2-10*MAX(AL123-$AA$20,0) -> 627.1 | AT123: =IF(AR123="","",AR123-AS123) | AU123: 0.65 | AV123: =IF(AM123="Sand",0,Input!$AA$34*AN123) -> 0 | AW123: =IF(AM123="Sand",27.1+0.3*MIN(Input!$AA$35*AN123,60)-0.00054*MIN(Input!$AA$35*AN123,60)^2,MIN(MAX(DEGREES(ASIN(0.8-0.094*LN(MAX(IF(AT123="",10,AT123),5)))),20),30)) -> 40.70521 | AX123: =IF(AM123="Sand",Input!$AA$36*Input!$AA$35*AN123,Input!$AA$37*AV123) -> 49818 | AY123: =IF(AM123="Sand",Input!$AA$38,0.5) -> 0.3 | AZ123: =Input!$AA$15/2/AL123 -> 0.61924686 | BA123: =Input!$AA$16/2/AL123 -> 1.6903766 | BB123: =1/(4*PI())*(2*AZ123*BA123*SQRT(AZ123^2+BA123^2+1)/(AZ123^2+BA123^2+1+AZ123^2*BA123^2)*(AZ123^2+BA123^2+2)/(AZ123^2+BA123^2+1)+ATAN2(AZ123^2+BA123^2+1-AZ123^2*BA123^2,2*AZ123*BA123*SQRT(AZ123^2+BA123^2+1))) -> 0.1542931 | BC123: =4*Input!$AA$14*BB123 -> 83.935445 | BD123: =((Input!$AA$16/Input!$AA$15)*LN((1+SQRT((Input!$AA$16/Input!$AA$15)^2+1))*SQRT((Input!$AA$16/Input!$AA$15)^2+(AJ123/(Input!$AA$15/2))^2)/((Input!$AA$16/Input!$AA$15)*(1+SQRT((Input!$AA$16/Input!$AA$15)^2+(AJ123/(Input!$AA$15/2))^2+1))))+LN(((Input!$AA$16/Input!$AA$15)+SQRT((Input!$AA$16/Input!$AA$15)^2+1))*SQRT(1+(AJ123/(Input!$AA$15/2))^2)/((Input!$AA$16/Input!$AA$15)+SQRT((Input!$AA$16/Input!$AA$15)^2+(AJ123/(Input!$AA$15/2))^2+1))))/PI() -> 0.22446784 | BE123: =(AJ123/(Input!$AA$15/2))/(2*PI())*ATAN((Input!$AA$16/Input!$AA$15)/((AJ123/(Input!$AA$15/2))*SQRT((Input!$AA$16/Input!$AA$15)^2+(AJ123/(Input!$AA$15/2))^2+1))) -> 0.12083327 | BF123: =MAX(0,AJ123-MAX(AI123,$AA$23))/AK123*IF(BC123>=Input!$AA$21*AQ123,1,0) -> 0 | BG123: =4*Input!$AA$14*(Input!$AA$15/2)*(1-AY123^2)/AX123*((BD123-BD122)+(1-2*AY123)/(1-AY123)*(BE123-BE122))*1000*BF123 -> 0 | BH123: =IF(AM123="Sand",0,0.009*(AR123-10)) -> 0 | BI123: =BH123*Input!$AA$39 -> 0 | BJ123: =IF(AM123="Sand",0,MAX(AV123/Input!$AA$40,AQ123)) -> 0 | BK123: =IF(AM123="Sand",0,1000*AK123/(1+AU123)*IF(AQ123+BC123<=BJ123,BI123*LOG10((AQ123+BC123)/AQ123),BI123*LOG10(BJ123/AQ123)+BH123*LOG10((AQ123+BC123)/BJ123)))*BF123 -> 0 | BL123: =IF(AM123="Sand",0,10^(INDEX(Input!$Q$51:$Q$57,MIN(MATCH(MIN(MAX(AR123,30),120),Input!$C$51:$C$57,1),6))+(MIN(MAX(AR123,30),120)-INDEX(Input!$C$51:$C$57,MIN(MATCH(MIN(MAX(AR123,30),120),Input!$C$51:$C$57,1),6)))/(INDEX(Input!$C$51:$C$57,MIN(MATCH(MIN(MAX(AR123,30),120),Input!$C$51:$C$57,1),6)+1)-INDEX(Input!$C$51:$C$57,MIN(MATCH(MIN(MAX(AR123,30),120),Input!$C$51:$C$57,1),6)))*(INDEX(Input!$Q$51:$Q$57,MIN(MATCH(MIN(MAX(AR123,30),120),Input!$C$51:$C$57,1),6)+1)-INDEX(Input!$Q$51:$Q$57,MIN(MATCH(MIN(MAX(AR123,30),120),Input!$C$51:$C$57,1),6))))) -> 0 | BM123: =IF(OR(AM123="Sand",BF123=0),0,Input!$AA$41*(AK123/2)^2/(BL123*0.0001*31536000)) -> 0 | BN123: =MAX(0,MIN(AJ123,Input!$AA$20)-AI123) -> 0 | BO123: =MAX(0,MIN(AJ123,Input!$AA$20)-MAX(AI123,$AA$23)) -> 0 | BP123: =BG123+BK123 -> 0
C124: cu = k·N (silt/clay); φ' sand from Wolff (1989), silt/clay from PI; γ from laboratory average above/below GWL.
X145: Sheet : | AB145: 2
C146: PROJECT : | H146: GEOTHERMAL WELLPAD PSPE BORA PULU - SIGI, CENTRAL SULAWESI | X146: Prepared by : | AB146: Date
C147: CLIENT : | H147: PT EDC PANAS BUMI INDONESIA | X147: DF | AB147: 46301
C148: LOCATION : | H148: BH-01 (Wellpad D) | X148: Verified by : | AB148: Date
C149: SHEET : | H149: BEARING CAPACITY AND SETTLEMENT OF SUBGRADE | X149: BC | AB149: 46301
C151: 3. BEARING CAPACITY OF SUBGRADE
C152: The bearing capacity is evaluated with the general bearing capacity equation (Terzaghi 1943, Vesic 1975; SNI 8460:2017).
C153: Undrained (short-term) condition governs where silt/clay exists within 0 - Hb: qu = cu·Nc·sc.
C154: Drained (long-term) condition for granular soil: qu = 0.5·γ'·B·Nγ·sγ·rγ (c' = 0, load at ground surface, q = 0).
C155: Thin soft layer over firm sand below a wide load (B >> H'): squeezing mechanism, Nc* = 4.14 + 0.5·B/H' ≥ 5.14 (Meyerhof 1974).
C156: The governing ultimate capacity is the smaller of the two; qall = qu / SF.
C170: Figure 2. Bearing capacity mechanisms considered
C172: 3.1. Without ground improvement
C173: Thickness of silt/clay within 0 - Hb | O173: Σh (fine soil) | X173: Σh = | AA173: =SUMPRODUCT(--(AM83:AM123<>"Sand"),BN83:BN123) -> 3 | AD173: m
C174: Average undrained shear strength | O174: weighted by thickness | X174: cu = | AA174: =IF($AA$173=0,0,SUMPRODUCT(--(AM83:AM123<>"Sand"),BN83:BN123,AV83:AV123)/$AA$173) -> 25 | AD174: kPa
C175: Average effective friction angle | O175: incl. replacement fill | X175: φ' = | AA175: =(SUMPRODUCT(BN83:BN123,AW83:AW123)+MIN(0,Input!$AA$20)*Input!$AA$29)/Input!$AA$20 -> 31.097197 | AD175: °
C176: Average effective unit weight | O176: 0 - Hb | X176: γ' = | AA176: =(SUMPRODUCT(BN83:BN123,AO83:AO123)+MIN(0,Input!$AA$20)*Input!$AA$28)/Input!$AA$20-10*MAX(0,Input!$AA$20-$AA$20)/Input!$AA$20 -> 17.8 | AD176: kN/m³
C177: Bearing factor, thin soft layer (H' = Σh) | O177: Nc* = 4.14 + 0.5·B/H' ≥ 5.14 | X177: Nc* = | AA177: =IF($AA$173=0,5.14,MAX(5.14,IF(Input!$AA$25>0,MIN(Input!$AA$25,4.14+0.5*Input!$AA$15/$AA$173),4.14+0.5*Input!$AA$15/$AA$173))) -> 16.473333 | AD177: -
C178: Shape factor (undrained) | O178: sc = 1 + 0.2 B/L | X178: sc = | AA178: =1+0.2*Input!$AA$15/Input!$AA$16 -> 1.0732673 | AD178: -
C179: Ultimate capacity, undrained | O179: qu = cu·Nc*·sc | X179: qu,u = | AA179: =IF($AA$173=0,"n/a",$AA$174*$AA$177*$AA$178) -> 442.00726 | AD179: kPa
C180: Bearing capacity factor | O180: Nq = e^(π·tanφ)·tan²(45+φ/2) | X180: Nq = | AA180: =EXP(PI()*TAN(RADIANS($AA$175)))*TAN(RADIANS(45+$AA$175/2))^2 -> 20.863596 | AD180: -
C181: Bearing capacity factor (Vesic) | O181: Nγ = 2(Nq+1)·tanφ | X181: Nγ = | AA181: =2*($AA$180+1)*TAN(RADIANS($AA$175)) -> 26.375011 | AD181: -
C182: Shape and size factors | O182: sγ = 1-0.4B/L; rγ = 1-0.25log(B/2) | X182: sγ·rγ = | AA182: =(1-0.4*Input!$AA$15/Input!$AA$16)*IF(Input!$AA$15>2,1-0.25*LOG10(Input!$AA$15/2),1) -> 0.51886389 | AD182: -
C183: Ultimate capacity, drained | O183: qu = 0.5·γ'·B·Nγ·sγ·rγ | X183: qu,d = | AA183: =0.5*$AA$176*Input!$AA$15*$AA$181*$AA$182 -> 9012.9679 | AD183: kPa
C184: Governing ultimate bearing capacity | O184: min (undrained, drained) | X184: qu = | AA184: =IF($AA$173=0,$AA$183,MIN($AA$179,$AA$183)) -> 442.00726 | AD184: kPa
C185: Allowable bearing capacity | O185: qall = qu / SF | X185: qall = | AA185: =$AA$184/Input!$AA$19 -> 147.33575 | AD185: kPa
C186: Working pressure | O186: q = Hf·γf + qs | X186: q = | AA186: =Input!$AA$14 -> 136 | AD186: kPa
C187: Actual factor of safety | O187: FS = qu / q | X187: FS = | AA187: =$AA$184/Input!$AA$14 -> 3.2500534 | AD187: -
C188: Allowable fill height with surcharge | O188: Hall = (qall - qs) / γf | X188: Hall = | AA188: =MAX(0,($AA$185-Input!$AA$13)/Input!$AA$12) -> 2.6297641 | AD188: m
...

Sheet BH-02
C2: PROJECT : | H2: GEOTHERMAL WELLPAD PSPE BORA PULU - SIGI, CENTRAL SULAWESI | X2: Prepared by : | AB2: Date
C3: CLIENT : | H3: PT EDC PANAS BUMI INDONESIA | X3: DF | AB3: 46301
C4: LOCATION : | H4: BH-02 (Wellpad A) | X4: Verified by : | AB4: Date
C5: SHEET : | H5: BEARING CAPACITY AND SETTLEMENT OF SUBGRADE | X5: BC | AB5: 46301
C7: 1. GENERAL
C8: This sheet evaluates the bearing capacity, lateral squeeze, immediate settlement and primary consolidation settlement
C9: of the subgrade below the wellpad embankment (2 m fill + 100 kPa uniform surcharge) at the borehole location.
C11: 1.1. Load and loaded area
C12: Height of embankment fill | X12: Hf = | AA12: =Input!$AA$11 -> 2 | AD12: m
C13: Uniform surcharge | X13: qs = | AA13: =Input!$AA$13 -> 100 | AD13: kPa
C14: Total pressure on subgrade | O14: q = Hf·γf + qs | X14: q = | AA14: =Input!$AA$14 -> 136 | AD14: kPa
C15: Loaded area (assumed) | O15: B × L | X15: B = | AA15: =Input!$AA$15 -> 74 | AD15: m
X16: L = | AA16: =Input!$AA$16 -> 202 | AD16: m
C17: Embankment side slope | O17: 1V : nH | X17: n = | AA17: =Input!$AA$23 -> 2 | AD17: -
C19: 1.2. Borehole data
C20: Design groundwater level (below ground) | X20: GWL = | AA20: 7 | AD20: m
C21: Unit weight above GWL | X21: γ = | AA21: 18.5 | AD21: kN/m³
C22: Unit weight below GWL | X22: γsat = | AA22: 18.4 | AD22: kN/m³
C23: Replacement depth (design condition) | O23: 0 = no improvement | X23: Dr = | AA23: 0 | AD23: m
C41: Figure 1. Typical cross-section of the wellpad embankment, design load and subsoil
X73: Sheet : | AB73: 1
C74: PROJECT : | H74: GEOTHERMAL WELLPAD PSPE BORA PULU - SIGI, CENTRAL SULAWESI | X74: Prepared by : | AB74: Date
C75: CLIENT : | H75: PT EDC PANAS BUMI INDONESIA | X75: DF | AB75: 46301
C76: LOCATION : | H76: BH-02 (Wellpad A) | X76: Verified by : | AB76: Date
C77: SHEET : | H77: BEARING CAPACITY AND SETTLEMENT OF SUBGRADE | X77: BC | AB77: 46301
C79: 2. SOIL PARAMETERS
C80: Table 1. Soil parameters of BH-02 (sub-layers = SPT intervals) | AI80: Helper calculation per sub-layer (not printed)
C81: No | E81: Top | H81: Bottom | K81: Soil | N81: N-SPT | Q81: γ | T81: LL | V81: PI | X81: e0 | Z81: cu | AC81: φ' | AI81: top | AJ81: bot | AK81: h | AL81: z | AM81: typ | AN81: N | AO81: g | AP81: sv | AQ81: s0 | AR81: LL | AS81: PL | AT81: PI | AU81: e0 | AV81: cu | AW81: phi | AX81: E | AY81: nu | AZ81: m | BA81: n | BB81: I | BC81: ds | BD81: F1 | BE81: F2 | BF81: keep | BG81: Si | BH81: Cc | BI81: Cr | BJ81: sp | BK81: Sc | BL81: Cv | BM81: t90 | BN81: hb0 | BO81: hbr | BP81: St | BQ81: ket
E82: m | H82: m | Q82: kN/m³ | T82: % | V82: % | X82: - | Z82: kPa | AC82: °
C83: 1 | E83: =AI83 -> 0 | H83: =AJ83 -> 1.5 | K83: =AM83 -> Sand | N83: =AN83 -> 50 | Q83: =AO83 -> 18.5 | T83: =IF(AR83="","-",AR83) -> - | V83: =IF(AT83="","-",AT83) -> - | X83: =AU83 -> 0.65 | Z83: =AV83 -> 0 | AC83: =AW83 -> 41.7616 | AI83: 0 | AJ83: 1.5 | AK83: =AJ83-AI83 -> 1.5 | AL83: =(AI83+AJ83)/2 -> 0.75 | AM83: Sand | AN83: 50 | AO83: =IF(AL83>$AA$20,$AA$22,$AA$21) -> 18.5 | AP83: =AO83*AK83 -> 27.75 | AQ83: =AP83-AO83*AK83/2-10*MAX(AL83-$AA$20,0) -> 13.875 | AT83: =IF(AR83="","",AR83-AS83) | AU83: 0.65 | AV83: =IF(AM83="Sand",0,Input!$AA$34*AN83) -> 0 | AW83: =IF(AM83="Sand",27.1+0.3*MIN(Input!$AA$35*AN83,60)-0.00054*MIN(Input!$AA$35*AN83,60)^2,MIN(MAX(DEGREES(ASIN(0.8-0.094*LN(MAX(IF(AT83="",10,AT83),5)))),20),30)) -> 41.7616 | AX83: =IF(AM83="Sand",Input!$AA$36*Input!$AA$35*AN83,Input!$AA$37*AV83) -> 54150 | AY83: =IF(AM83="Sand",Input!$AA$38,0.5) -> 0.3 | AZ83: =Input!$AA$15/2/AL83 -> 49.333333 | BA83: =Input!$AA$16/2/AL83 -> 134.66667 | BB83: =1/(4*PI())*(2*AZ83*BA83*SQRT(AZ83^2+BA83^2+1)/(AZ83^2+BA83^2+1+AZ83^2*BA83^2)*(AZ83^2+BA83^2+2)/(AZ83^2+BA83^2+1)+ATAN2(AZ83^2+BA83^2+1-AZ83^2*BA83^2,2*AZ83*BA83*SQRT(AZ83^2+BA83^2+1))) -> 0.2499991 | BC83: =4*Input!$AA$14*BB83 -> 135.99951 | BD83: =((Input!$AA$16/Input!$AA$15)*LN((1+SQRT((Input!$AA$16/Input!$AA$15)^2+1))*SQRT((Input!$AA$16/Input!$AA$15)^2+(AJ83/(Input!$AA$15/2))^2)/((Input!$AA$16/Input!$AA$15)*(1+SQRT((Input!$AA$16/Input!$AA$15)^2+(AJ83/(Input!$AA$15/2))^2+1))))+LN(((Input!$AA$16/Input!$AA$15)+SQRT((Input!$AA$16/Input!$AA$15)^2+1))*SQRT(1+(AJ83/(Input!$AA$15/2))^2)/((Input!$AA$16/Input!$AA$15)+SQRT((Input!$AA$16/Input!$AA$15)^2+(AJ83/(Input!$AA$15/2))^2+1))))/PI() -> 0.00027835774 | BE83: =(AJ83/(Input!$AA$15/2))/(2*PI())*ATAN((Input!$AA$16/Input!$AA$15)/((AJ83/(Input!$AA$15/2))*SQRT((Input!$AA$16/Input!$AA$15)^2+(AJ83/(Input!$AA$15/2))^2+1))) -> 0.0098567045 | BF83: =MAX(0,AJ83-MAX(AI83,$AA$23))/AK83*IF(BC83>=Input!$AA$21*AQ83,1,0) -> 1 | BG83: =4*Input!$AA$14*(Input!$AA$15/2)*(1-AY83^2)/AX83*((BD83-0)+(1-2*AY83)/(1-AY83)*(BE83-0))*1000*BF83 -> 1.9993411 | BH83: =IF(AM83="Sand",0,0.009*(AR83-10)) -> 0 | BI83: =BH83*Input!$AA$39 -> 0 | BJ83: =IF(AM83="Sand",0,MAX(AV83/Input!$AA$40,AQ83)) -> 0 | BK83: =IF(AM83="Sand",0,1000*AK83/(1+AU83)*IF(AQ83+BC83<=BJ83,BI83*LOG10((AQ83+BC83)/AQ83),BI83*LOG10(BJ83/AQ83)+BH83*LOG10((AQ83+BC83)/BJ83)))*BF83 -> 0 | BL83: =IF(AM83="Sand",0,10^(INDEX(Input!$Q$51:$Q$57,MIN(MATCH(MIN(MAX(AR83,30),120),Input!$C$51:$C$57,1),6))+(MIN(MAX(AR83,30),120)-INDEX(Input!$C$51:$C$57,MIN(MATCH(MIN(MAX(AR83,30),120),Input!$C$51:$C$57,1),6)))/(INDEX(Input!$C$51:$C$57,MIN(MATCH(MIN(MAX(AR83,30),120),Input!$C$51:$C$57,1),6)+1)-INDEX(Input!$C$51:$C$57,MIN(MATCH(MIN(MAX(AR83,30),120),Input!$C$51:$C$57,1),6)))*(INDEX(Input!$Q$51:$Q$57,MIN(MATCH(MIN(MAX(AR83,30),120),Input!$C$51:$C$57,1),6)+1)-INDEX(Input!$Q$51:$Q$57,MIN(MATCH(MIN(MAX(AR83,30),120),Input!$C$51:$C$57,1),6))))) -> 0 | BM83: =IF(OR(AM83="Sand",BF83=0),0,Input!$AA$41*(AK83/2)^2/(BL83*0.0001*31536000)) -> 0 | BN83: =MAX(0,MIN(AJ83,Input!$AA$20)-AI83) -> 1.5 | BO83: =MAX(0,MIN(AJ83,Input!$AA$20)-MAX(AI83,$AA$23)) -> 1.5 | BP83: =BG83+BK83 -> 1.9993411 | BQ83: 0-1.5 m not tested: N of next layer
C84: 2 | E84: =AI84 -> 1.5 | H84: =AJ84 -> 3 | K84: =AM84 -> Sand | N84: =AN84 -> 50 | Q84: =AO84 -> 18.5 | T84: =IF(AR84="","-",AR84) -> - | V84: =IF(AT84="","-",AT84) -> - | X84: =AU84 -> 0.65 | Z84: =AV84 -> 0 | AC84: =AW84 -> 41.7616 | AI84: 1.5 | AJ84: 3 | AK84: =AJ84-AI84 -> 1.5 | AL84: =(AI84+AJ84)/2 -> 2.25 | AM84: Sand | AN84: 50 | AO84: =IF(AL84>$AA$20,$AA$22,$AA$21) -> 18.5 | AP84: =AP83+AO84*AK84 -> 55.5 | AQ84: =AP84-AO84*AK84/2-10*MAX(AL84-$AA$20,0) -> 41.625 | AT84: =IF(AR84="","",AR84-AS84) | AU84: 0.65 | AV84: =IF(AM84="Sand",0,Input!$AA$34*AN84) -> 0 | AW84: =IF(AM84="Sand",27.1+0.3*MIN(Input!$AA$35*AN84,60)-0.00054*MIN(Input!$AA$35*AN84,60)^2,MIN(MAX(DEGREES(ASIN(0.8-0.094*LN(MAX(IF(AT84="",10,AT84),5)))),20),30)) -> 41.7616 | AX84: =IF(AM84="Sand",Input!$AA$36*Input!$AA$35*AN84,Input!$AA$37*AV84) -> 54150 | AY84: =IF(AM84="Sand",Input!$AA$38,0.5) -> 0.3 | AZ84: =Input!$AA$15/2/AL84 -> 16.444444 | BA84: =Input!$AA$16/2/AL84 -> 44.888889 | BB84: =1/(4*PI())*(2*AZ84*BA84*SQRT(AZ84^2+BA84^2+1)/(AZ84^2+BA84^2+1+AZ84^2*BA84^2)*(AZ84^2+BA84^2+2)/(AZ84^2+BA84^2+1)+ATAN2(AZ84^2+BA84^2+1-AZ84^2*BA84^2,2*AZ84*BA84*SQRT(AZ84^2+BA84^2+1))) -> 0.24997579 | BC84: =4*Input!$AA$14*BB84 -> 135.98683 | BD84: =((Input!$AA$16/Input!$AA$15)*LN((1+SQRT((Input!$AA$16/Input!$AA$15)^2+1))*SQRT((Input!$AA$16/Input!$AA$15)^2+(AJ84/(Input!$AA$15/2))^2)/((Input!$AA$16/Input!$AA$15)*(1+SQRT((Input!$AA$16/Input!$AA$15)^2+(AJ84/(Input!$AA$15/2))^2+1))))+LN(((Input!$AA$16/Input!$AA$15)+SQRT((Input!$AA$16/Input!$AA$15)^2+1))*SQRT(1+(AJ84/(Input!$AA$15/2))^2)/((Input!$AA$16/Input!$AA$15)+SQRT((Input!$AA$16/Input!$AA$15)^2+(AJ84/(Input!$AA$15/2))^2+1))))/PI() -> 0.0011108169 | BE84: =(AJ84/(Input!$AA$15/2))/(2*PI())*ATAN((Input!$AA$16/Input!$AA$15)/((AJ84/(Input!$AA$15/2))*SQRT((Input!$AA$16/Input!$AA$15)^2+(AJ84/(Input!$AA$15/2))^2+1))) -> 0.019158291 | BF84: =MAX(0,AJ84-MAX(AI84,$AA$23))/AK84*IF(BC84>=Input!$AA$21*AQ84,1,0) -> 1 | BG84: =4*Input!$AA$14*(Input!$AA$15/2)*(1-AY84^2)/AX84*((BD84-BD83)+(1-2*AY84)/(1-AY84)*(BE84-BE83))*1000*BF84 -> 2.0794707 | BH84: =IF(AM84="Sand",0,0.009*(AR84-10)) -> 0 | BI84: =BH84*Input!$AA$39 -> 0 | BJ84: =IF(AM84="Sand",0,MAX(AV84/Input!$AA$40,AQ84)) -> 0 | BK84: =IF(AM84="Sand",0,1000*AK84/(1+AU84)*IF(AQ84+BC84<=BJ84,BI84*LOG10((AQ84+BC84)/AQ84),BI84*LOG10(BJ84/AQ84)+BH84*LOG10((AQ84+BC84)/BJ84)))*BF84 -> 0 | BL84: =IF(AM84="Sand",0,10^(INDEX(Input!$Q$51:$Q$57,MIN(MATCH(MIN(MAX(AR84,30),120),Input!$C$51:$C$57,1),6))+(MIN(MAX(AR84,30),120)-INDEX(Input!$C$51:$C$57,MIN(MATCH(MIN(MAX(AR84,30),120),Input!$C$51:$C$57,1),6)))/(INDEX(Input!$C$51:$C$57,MIN(MATCH(MIN(MAX(AR84,30),120),Input!$C$51:$C$57,1),6)+1)-INDEX(Input!$C$51:$C$57,MIN(MATCH(MIN(MAX(AR84,30),120),Input!$C$51:$C$57,1),6)))*(INDEX(Input!$Q$51:$Q$57,MIN(MATCH(MIN(MAX(AR84,30),120),Input!$C$51:$C$57,1),6)+1)-INDEX(Input!$Q$51:$Q$57,MIN(MATCH(MIN(MAX(AR84,30),120),Input!$C$51:$C$57,1),6))))) -> 0 | BM84: =IF(OR(AM84="Sand",BF84=0),0,Input!$AA$41*(AK84/2)^2/(BL84*0.0001*31536000)) -> 0 | BN84: =MAX(0,MIN(AJ84,Input!$AA$20)-AI84) -> 1.5 | BO84: =MAX(0,MIN(AJ84,Input!$AA$20)-MAX(AI84,$AA$23)) -> 1.5 | BP84: =BG84+BK84 -> 2.0794707
C85: 3 | E85: =AI85 -> 3 | H85: =AJ85 -> 4.5 | K85: =AM85 -> Sand | N85: =AN85 -> 50 | Q85: =AO85 -> 18.5 | T85: =IF(AR85="","-",AR85) -> - | V85: =IF(AT85="","-",AT85) -> - | X85: =AU85 -> 0.65 | Z85: =AV85 -> 0 | AC85: =AW85 -> 41.7616 | AI85: 3 | AJ85: 4.5 | AK85: =AJ85-AI85 -> 1.5 | AL85: =(AI85+AJ85)/2 -> 3.75 | AM85: Sand | AN85: 50 | AO85: =IF(AL85>$AA$20,$AA$22,$AA$21) -> 18.5 | AP85: =AP84+AO85*AK85 -> 83.25 | AQ85: =AP85-AO85*AK85/2-10*MAX(AL85-$AA$20,0) -> 69.375 | AT85: =IF(AR85="","",AR85-AS85) | AU85: 0.65 | AV85: =IF(AM85="Sand",0,Input!$AA$34*AN85) -> 0 | AW85: =IF(AM85="Sand",27.1+0.3*MIN(Input!$AA$35*AN85,60)-0.00054*MIN(Input!$AA$35*AN85,60)^2,MIN(MAX(DEGREES(ASIN(0.8-0.094*LN(MAX(IF(AT85="",10,AT85),5)))),20),30)) -> 41.7616 | AX85: =IF(AM85="Sand",Input!$AA$36*Input!$AA$35*AN85,Input!$AA$37*AV85) -> 54150 | AY85: =IF(AM85="Sand",Input!$AA$38,0.5) -> 0.3 | AZ85: =Input!$AA$15/2/AL85 -> 9.8666667 | BA85: =Input!$AA$16/2/AL85 -> 26.933333 | BB85: =1/(4*PI())*(2*AZ85*BA85*SQRT(AZ85^2+BA85^2+1)/(AZ85^2+BA85^2+1+AZ85^2*BA85^2)*(AZ85^2+BA85^2+2)/(AZ85^2+BA85^2+1)+ATAN2(AZ85^2+BA85^2+1-AZ85^2*BA85^2,2*AZ85*BA85*SQRT(AZ85^2+BA85^2+1))) -> 0.2498888 | BC85: =4*Input!$AA$14*BB85 -> 135.93951 | BD85: =((Input!$AA$16/Input!$AA$15)*LN((1+SQRT((Input!$AA$16/Input!$AA$15)^2+1))*SQRT((Input!$AA$16/Input!$AA$15)^2+(AJ85/(Input!$AA$15/2))^2)/((Input!$AA$16/Input!$AA$15)*(1+SQRT((Input!$AA$16/Input!$AA$15)^2+(AJ85/(Input!$AA$15/2))^2+1))))+LN(((Input!$AA$16/Input!$AA$15)+SQRT((Input!$AA$16/Input!$AA$15)^2+1))*SQRT(1+(AJ85/(Input!$AA$15/2))^2)/((Input!$AA$16/Input!$AA$15)+SQRT((Input!$AA$16/Input!$AA$15)^2+(AJ85/(Input!$AA$15/2))^2+1))))/PI() -> 0.0024896187 | BE85: =(AJ85/(Input!$AA$15/2))/(2*PI())*ATAN((Input!$AA$16/Input!$AA$15)/((AJ85/(Input!$AA$15/2))*SQRT((Input!$AA$16/Input!$AA$15)^2+(AJ85/(Input!$AA$15/2))^2+1))) -> 0.027909941 | BF85: =MAX(0,AJ85-MAX(AI85,$AA$23))/AK85*IF(BC85>=Input!$AA$21*AQ85,1,0) -> 1 | BG85: =4*Input!$AA$14*(Input!$AA$15/2)*(1-AY85^2)/AX85*((BD85-BD84)+(1-2*AY85)/(1-AY85)*(BE85-BE84))*1000*BF85 -> 2.1579772 | BH85: =IF(AM85="Sand",0,0.009*(AR85-10)) -> 0 | BI85: =BH85*Input!$AA$39 -> 0 | BJ85: =IF(AM85="Sand",0,MAX(AV85/Input!$AA$40,AQ85)) -> 0 | BK85: =IF(AM85="Sand",0,1000*AK85/(1+AU85)*IF(AQ85+BC85<=BJ85,BI85*LOG10((AQ85+BC85)/AQ85),BI85*LOG10(BJ85/AQ85)+BH85*LOG10((AQ85+BC85)/BJ85)))*BF85 -> 0 | BL85: =IF(AM85="Sand",0,10^(INDEX(Input!$Q$51:$Q$57,MIN(MATCH(MIN(MAX(AR85,30),120),Input!$C$51:$C$57,1),6))+(MIN(MAX(AR85,30),120)-INDEX(Input!$C$51:$C$57,MIN(MATCH(MIN(MAX(AR85,30),120),Input!$C$51:$C$57,1),6)))/(INDEX(Input!$C$51:$C$57,MIN(MATCH(MIN(MAX(AR85,30),120),Input!$C$51:$C$57,1),6)+1)-INDEX(Input!$C$51:$C$57,MIN(MATCH(MIN(MAX(AR85,30),120),Input!$C$51:$C$57,1),6)))*(INDEX(Input!$Q$51:$Q$57,MIN(MATCH(MIN(MAX(AR85,30),120),Input!$C$51:$C$57,1),6)+1)-INDEX(Input!$Q$51:$Q$57,MIN(MATCH(MIN(MAX(AR85,30),120),Input!$C$51:$C$57,1),6))))) -> 0 | BM85: =IF(OR(AM85="Sand",BF85=0),0,Input!$AA$41*(AK85/2)^2/(BL85*0.0001*31536000)) -> 0 | BN85: =MAX(0,MIN(AJ85,Input!$AA$20)-AI85) -> 1.5 | BO85: =MAX(0,MIN(AJ85,Input!$AA$20)-MAX(AI85,$AA$23)) -> 1.5 | BP85: =BG85+BK85 -> 2.1579772
C86: 4 | E86: =AI86 -> 4.5 | H86: =AJ86 -> 6 | K86: =AM86 -> Sand | N86: =AN86 -> 41 | Q86: =AO86 -> 18.5 | T86: =IF(AR86="","-",AR86) -> - | V86: =IF(AT86="","-",AT86) -> - | X86: =AU86 -> 0.588 | Z86: =AV86 -> 0 | AC86: =AW86 -> 39.356222 | AI86: 4.5 | AJ86: 6 | AK86: =AJ86-AI86 -> 1.5 | AL86: =(AI86+AJ86)/2 -> 5.25 | AM86: Sand | AN86: 41 | AO86: =IF(AL86>$AA$20,$AA$22,$AA$21) -> 18.5 | AP86: =AP85+AO86*AK86 -> 111 | AQ86: =AP86-AO86*AK86/2-10*MAX(AL86-$AA$20,0) -> 97.125 | AT86: =IF(AR86="","",AR86-AS86) | AU86: 0.588 | AV86: =IF(AM86="Sand",0,Input!$AA$34*AN86) -> 0 | AW86: =IF(AM86="Sand",27.1+0.3*MIN(Input!$AA$35*AN86,60)-0.00054*MIN(Input!$AA$35*AN86,60)^2,MIN(MAX(DEGREES(ASIN(0.8-0.094*LN(MAX(IF(AT86="",10,AT86),5)))),20),30)) -> 39.356222 | AX86: =IF(AM86="Sand",Input!$AA$36*Input!$AA$35*AN86,Input!$AA$37*AV86) -> 44403 | AY86: =IF(AM86="Sand",Input!$AA$38,0.5) -> 0.3 | AZ86: =Input!$AA$15/2/AL86 -> 7.047619 | BA86: =Input!$AA$16/2/AL86 -> 19.238095 | BB86: =1/(4*PI())*(2*AZ86*BA86*SQRT(AZ86^2+BA86^2+1)/(AZ86^2+BA86^2+1+AZ86^2*BA86^2)*(AZ86^2+BA86^2+2)/(AZ86^2+BA86^2+1)+ATAN2(AZ86^2+BA86^2+1-AZ86^2*BA86^2,2*AZ86*BA86*SQRT(AZ86^2+BA86^2+1))) -> 0.24969836 | BC86: =4*Input!$AA$14*BB86 -> 135.83591 | BD86: =((Input!$AA$16/Input!$AA$15)*LN((1+SQRT((Input!$AA$16/Input!$AA$15)^2+1))*SQRT((Input!$AA$16/Input!$AA$15)^2+(AJ86/(Input!$AA$15/2))^2)/((Input!$AA$16/Input!$AA$15)*(1+SQRT((Input!$AA$16/Input!$AA$15)^2+(AJ86/(Input!$AA$15/2))^2+1))))+LN(((Input!$AA$16/Input!$AA$15)+SQRT((Input!$AA$16/Input!$AA$15)^2+1))*SQRT(1+(AJ86/(Input!$AA$15/2))^2)/((Input!$AA$16/Input!$AA$15)+SQRT((Input!$AA$16/Input!$AA$15)^2+(AJ86/(Input!$AA$15/2))^2+1))))/PI() -> 0.0044021053 | BE86: =(AJ86/(Input!$AA$15/2))/(2*PI())*ATAN((Input!$AA$16/Input!$AA$15)/((AJ86/(Input!$AA$15/2))*SQRT((Input!$AA$16/Input!$AA$15)^2+(AJ86/(Input!$AA$15/2))^2+1))) -> 0.036120125 | BF86: =MAX(0,AJ86-MAX(AI86,$AA$23))/AK86*IF(BC86>=Input!$AA$21*AQ86,1,0) -> 1 | BG86: =4*Input!$AA$14*(Input!$AA$15/2)*(1-AY86^2)/AX86*((BD86-BD85)+(1-2*AY86)/(1-AY86)*(BE86-BE85))*1000*BF86 -> 2.7241944 | BH86: =IF(AM86="Sand",0,0.009*(AR86-10)) -> 0 | BI86: =BH86*Input!$AA$39 -> 0 | BJ86: =IF(AM86="Sand",0,MAX(AV86/Input!$AA$40,AQ86)) -> 0 | BK86: =IF(AM86="Sand",0,1000*AK86/(1+AU86)*IF(AQ86+BC86<=BJ86,BI86*LOG10((AQ86+BC86)/AQ86),BI86*LOG10(BJ86/AQ86)+BH86*LOG10((AQ86+BC86)/BJ86)))*BF86 -> 0 | BL86: =IF(AM86="Sand",0,10^(INDEX(Input!$Q$51:$Q$57,MIN(MATCH(MIN(MAX(AR86,30),120),Input!$C$51:$C$57,1),6))+(MIN(MAX(AR86,30),120)-INDEX(Input!$C$51:$C$57,MIN(MATCH(MIN(MAX(AR86,30),120),Input!$C$51:$C$57,1),6)))/(INDEX(Input!$C$51:$C$57,MIN(MATCH(MIN(MAX(AR86,30),120),Input!$C$51:$C$57,1),6)+1)-INDEX(Input!$C$51:$C$57,MIN(MATCH(MIN(MAX(AR86,30),120),Input!$C$51:$C$57,1),6)))*(INDEX(Input!$Q$51:$Q$57,MIN(MATCH(MIN(MAX(AR86,30),120),Input!$C$51:$C$57,1),6)+1)-INDEX(Input!$Q$51:$Q$57,MIN(MATCH(MIN(MAX(AR86,30),120),Input!$C$51:$C$57,1),6))))) -> 0 | BM86: =IF(OR(AM86="Sand",BF86=0),0,Input!$AA$41*(AK86/2)^2/(BL86*0.0001*31536000)) -> 0 | BN86: =MAX(0,MIN(AJ86,Input!$AA$20)-AI86) -> 0.5 | BO86: =MAX(0,MIN(AJ86,Input!$AA$20)-MAX(AI86,$AA$23)) -> 0.5 | BP86: =BG86+BK86 -> 2.7241944
C87: 5 | E87: =AI87 -> 6 | H87: =AJ87 -> 7.5 | K87: =AM87 -> Sand | N87: =AN87 -> 50 | Q87: =AO87 -> 18.5 | T87: =IF(AR87="","-",AR87) -> - | V87: =IF(AT87="","-",AT87) -> - | X87: =AU87 -> 0.503 | Z87: =AV87 -> 0 | AC87: =AW87 -> 41.7616 | AI87: 6 | AJ87: 7.5 | AK87: =AJ87-AI87 -> 1.5 | AL87: =(AI87+AJ87)/2 -> 6.75 | AM87: Sand | AN87: 50 | AO87: =IF(AL87>$AA$20,$AA$22,$AA$21) -> 18.5 | AP87: =AP86+AO87*AK87 -> 138.75 | AQ87: =AP87-AO87*AK87/2-10*MAX(AL87-$AA$20,0) -> 124.875 | AT87: =IF(AR87="","",AR87-AS87) | AU87: 0.503 | AV87: =IF(AM87="Sand",0,Input!$AA$34*AN87) -> 0 | AW87: =IF(AM87="Sand",27.1+0.3*MIN(Input!$AA$35*AN87,60)-0.00054*MIN(Input!$AA$35*AN87,60)^2,MIN(MAX(DEGREES(ASIN(0.8-0.094*LN(MAX(IF(AT87="",10,AT87),5)))),20),30)) -> 41.7616 | AX87: =IF(AM87="Sand",Input!$AA$36*Input!$AA$35*AN87,Input!$AA$37*AV87) -> 54150 | AY87: =IF(AM87="Sand",Input!$AA$38,0.5) -> 0.3 | AZ87: =Input!$AA$15/2/AL87 -> 5.4814815 | BA87: =Input!$AA$16/2/AL87 -> 14.962963 | BB87: =1/(4*PI())*(2*AZ87*BA87*SQRT(AZ87^2+BA87^2+1)/(AZ87^2+BA87^2+1+AZ87^2*BA87^2)*(AZ87^2+BA87^2+2)/(AZ87^2+BA87^2+1)+ATAN2(AZ87^2+BA87^2+1-AZ87^2*BA87^2,2*AZ87*BA87*SQRT(AZ87^2+BA87^2+1))) -> 0.24936854 | BC87: =4*Input!$AA$14*BB87 -> 135.65648 | BD87: =((Input!$AA$16/Input!$AA$15)*LN((1+SQRT((Input!$AA$16/Input!$AA$15)^2+1))*SQRT((Input!$AA$16/Input!$AA$15)^2+(AJ87/(Input!$AA$15/2))^2)/((Input!$AA$16/Input!$AA$15)*(1+SQRT((Input!$AA$16/Input!$AA$15)^2+(AJ87/(Input!$AA$15/2))^2+1))))+LN(((Input!$AA$16/Input!$AA$15)+SQRT((Input!$AA$16/Input!$AA$15)^2+1))*SQRT(1+(AJ87/(Input!$AA$15/2))^2)/((Input!$AA$16/Input!$AA$15)+SQRT((Input!$AA$16/Input!$AA$15)^2+(AJ87/(Input!$AA$15/2))^2+1))))/PI() -> 0.0068311102 | BE87: =(AJ87/(Input!$AA$15/2))/(2*PI())*ATAN((Input!$AA$16/Input!$AA$15)/((AJ87/(Input!$AA$15/2))*SQRT((Input!$AA$16/Input!$AA$15)^2+(AJ87/(Input!$AA$15/2))^2+1))) -> 0.043800367 | BF87: =MAX(0,AJ87-MAX(AI87,$AA$23))/AK87*IF(BC87>=Input!$AA$21*AQ87,1,0) -> 1 | BG87: =4*Input!$AA$14*(Input!$AA$15/2)*(1-AY87^2)/AX87*((BD87-BD86)+(1-2*AY87)/(1-AY87)*(BE87-BE86))*1000*BF87 -> 2.3061225 | BH87: =IF(AM87="Sand",0,0.009*(AR87-10)) -> 0 | BI87: =BH87*Input!$AA$39 -> 0 | BJ87: =IF(AM87="Sand",0,MAX(AV87/Input!$AA$40,AQ87)) -> 0 | BK87: =IF(AM87="Sand",0,1000*AK87/(1+AU87)*IF(AQ87+BC87<=BJ87,BI87*LOG10((AQ87+BC87)/AQ87),BI87*LOG10(BJ87/AQ87)+BH87*LOG10((AQ87+BC87)/BJ87)))*BF87 -> 0 | BL87: =IF(AM87="Sand",0,10^(INDEX(Input!$Q$51:$Q$57,MIN(MATCH(MIN(MAX(AR87,30),120),Input!$C$51:$C$57,1),6))+(MIN(MAX(AR87,30),120)-INDEX(Input!$C$51:$C$57,MIN(MATCH(MIN(MAX(AR87,30),120),Input!$C$51:$C$57,1),6)))/(INDEX(Input!$C$51:$C$57,MIN(MATCH(MIN(MAX(AR87,30),120),Input!$C$51:$C$57,1),6)+1)-INDEX(Input!$C$51:$C$57,MIN(MATCH(MIN(MAX(AR87,30),120),Input!$C$51:$C$57,1),6)))*(INDEX(Input!$Q$51:$Q$57,MIN(MATCH(MIN(MAX(AR87,30),120),Input!$C$51:$C$57,1),6)+1)-INDEX(Input!$Q$51:$Q$57,MIN(MATCH(MIN(MAX(AR87,30),120),Input!$C$51:$C$57,1),6))))) -> 0 | BM87: =IF(OR(AM87="Sand",BF87=0),0,Input!$AA$41*(AK87/2)^2/(BL87*0.0001*31536000)) -> 0 | BN87: =MAX(0,MIN(AJ87,Input!$AA$20)-AI87) -> 0 | BO87: =MAX(0,MIN(AJ87,Input!$AA$20)-MAX(AI87,$AA$23)) -> 0 | BP87: =BG87+BK87 -> 2.3061225
C88: 6 | E88: =AI88 -> 7.5 | H88: =AJ88 -> 9 | K88: =AM88 -> Sand | N88: =AN88 -> 26 | Q88: =AO88 -> 18.4 | T88: =IF(AR88="","-",AR88) -> - | V88: =IF(AT88="","-",AT88) -> - | X88: =AU88 -> 0.65 | Z88: =AV88 -> 0 | AC88: =AW88 -> 35.119249 | AI88: 7.5 | AJ88: 9 | AK88: =AJ88-AI88 -> 1.5 | AL88: =(AI88+AJ88)/2 -> 8.25 | AM88: Sand | AN88: 26 | AO88: =IF(AL88>$AA$20,$AA$22,$AA$21) -> 18.4 | AP88: =AP87+AO88*AK88 -> 166.35 | AQ88: =AP88-AO88*AK88/2-10*MAX(AL88-$AA$20,0) -> 140.05 | AT88: =IF(AR88="","",AR88-AS88) | AU88: 0.65 | AV88: =IF(AM88="Sand",0,Input!$AA$34*AN88) -> 0 | AW88: =IF(AM88="Sand",27.1+0.3*MIN(Input!$AA$35*AN88,60)-0.00054*MIN(Input!$AA$35*AN88,60)^2,MIN(MAX(DEGREES(ASIN(0.8-0.094*LN(MAX(IF(AT88="",10,AT88),5)))),20),30)) -> 35.119249 | AX88: =IF(AM88="Sand",Input!$AA$36*Input!$AA$35*AN88,Input!$AA$37*AV88) -> 28158 | AY88: =IF(AM88="Sand",Input!$AA$38,0.5) -> 0.3 | AZ88: =Input!$AA$15/2/AL88 -> 4.4848485 | BA88: =Input!$AA$16/2/AL88 -> 12.242424 | BB88: =1/(4*PI())*(2*AZ88*BA88*SQRT(AZ88^2+BA88^2+1)/(AZ88^2+BA88^2+1+AZ88^2*BA88^2)*(AZ88^2+BA88^2+2)/(AZ88^2+BA88^2+1)+ATAN2(AZ88^2+BA88^2+1-AZ88^2*BA88^2,2*AZ88*BA88*SQRT(AZ88^2+BA88^2+1))) -> 0.24886842 | BC88: =4*Input!$AA$14*BB88 -> 135.38442 | BD88: =((Input!$AA$16/Input!$AA$15)*LN((1+SQRT((Input!$AA$16/Input!$AA$15)^2+1))*SQRT((Input!$AA$16/Input!$AA$15)^2+(AJ88/(Input!$AA$15/2))^2)/((Input!$AA$16/Input!$AA$15)*(1+SQRT((Input!$AA$16/Input!$AA$15)^2+(AJ88/(Input!$AA$15/2))^2+1))))+LN(((Input!$AA$16/Input!$AA$15)+SQRT((Input!$AA$16/Input!$AA$15)^2+1))*SQRT(1+(AJ88/(Input!$AA$15/2))^2)/((Input!$AA$16/Input!$AA$15)+SQRT((Input!$AA$16/Input!$AA$15)^2+(AJ88/(Input!$AA$15/2))^2+1))))/PI() -> 0.0097554689 | BE88: =(AJ88/(Input!$AA$15/2))/(2*PI())*ATAN((Input!$AA$16/Input!$AA$15)/((AJ88/(Input!$AA$15/2))*SQRT((Input!$AA$16/Input!$AA$15)^2+(AJ88/(Input!$AA$15/2))^2+1))) -> 0.050964938 | BF88: =MAX(0,AJ88-MAX(AI88,$AA$23))/AK88*IF(BC88>=Input!$AA$21*AQ88,1,0) -> 1 | BG88: =4*Input!$AA$14*(Input!$AA$15/2)*(1-AY88^2)/AX88*((BD88-BD87)+(1-2*AY88)/(1-AY88)*(BE88-BE87))*1000*BF88 -> 4.5653941 | BH88: =IF(AM88="Sand",0,0.009*(AR88-10)) -> 0 | BI88: =BH88*Input!$AA$39 -> 0 | BJ88: =IF(AM88="Sand",0,MAX(AV88/Input!$AA$40,AQ88)) -> 0 | BK88: =IF(AM88="Sand",0,1000*AK88/(1+AU88)*IF(AQ88+BC88<=BJ88,BI88*LOG10((AQ88+BC88)/AQ88),BI88*LOG10(BJ88/AQ88)+BH88*LOG10((AQ88+BC88)/BJ88)))*BF88 -> 0 | BL88: =IF(AM88="Sand",0,10^(INDEX(Input!$Q$51:$Q$57,MIN(MATCH(MIN(MAX(AR88,30),120),Input!$C$51:$C$57,1),6))+(MIN(MAX(AR88,30),120)-INDEX(Input!$C$51:$C$57,MIN(MATCH(MIN(MAX(AR88,30),120),Input!$C$51:$C$57,1),6)))/(INDEX(Input!$C$51:$C$57,MIN(MATCH(MIN(MAX(AR88,30),120),Input!$C$51:$C$57,1),6)+1)-INDEX(Input!$C$51:$C$57,MIN(MATCH(MIN(MAX(AR88,30),120),Input!$C$51:$C$57,1),6)))*(INDEX(Input!$Q$51:$Q$57,MIN(MATCH(MIN(MAX(AR88,30),120),Input!$C$51:$C$57,1),6)+1)-INDEX(Input!$Q$51:$Q$57,MIN(MATCH(MIN(MAX(AR88,30),120),Input!$C$51:$C$57,1),6))))) -> 0 | BM88: =IF(OR(AM88="Sand",BF88=0),0,Input!$AA$41*(AK88/2)^2/(BL88*0.0001*31536000)) -> 0 | BN88: =MAX(0,MIN(AJ88,Input!$AA$20)-AI88) -> 0 | BO88: =MAX(0,MIN(AJ88,Input!$AA$20)-MAX(AI88,$AA$23)) -> 0 | BP88: =BG88+BK88 -> 4.5653941
C89: 7 | E89: =AI89 -> 9 | H89: =AJ89 -> 10.5 | K89: =AM89 -> Sand | N89: =AN89 -> 15 | Q89: =AO89 -> 18.4 | T89: =IF(AR89="","-",AR89) -> - | V89: =IF(AT89="","-",AT89) -> - | X89: =AU89 -> 0.787 | Z89: =AV89 -> 0 | AC89: =AW89 -> 31.830994 | AI89: 9 | AJ89: 10.5 | AK89: =AJ89-AI89 -> 1.5 | AL89: =(AI89+AJ89)/2 -> 9.75 | AM89: Sand | AN89: 15 | AO89: =IF(AL89>$AA$20,$AA$22,$AA$21) -> 18.4 | AP89: =AP88+AO89*AK89 -> 193.95 | AQ89: =AP89-AO89*AK89/2-10*MAX(AL89-$AA$20,0) -> 152.65 | AT89: =IF(AR89="","",AR89-AS89) | AU89: 0.787 | AV89: =IF(AM89="Sand",0,Input!$AA$34*AN89) -> 0 | AW89: =IF(AM89="Sand",27.1+0.3*MIN(Input!$AA$35*AN89,60)-0.00054*MIN(Input!$AA$35*AN89,60)^2,MIN(MAX(DEGREES(ASIN(0.8-0.094*LN(MAX(IF(AT89="",10,AT89),5)))),20),30)) -> 31.830994 | AX89: =IF(AM89="Sand",Input!$AA$36*Input!$AA$35*AN89,Input!$AA$37*AV89) -> 16245 | AY89: =IF(AM89="Sand",Input!$AA$38,0.5) -> 0.3 | AZ89: =Input!$AA$15/2/AL89 -> 3.7948718 | BA89: =Input!$AA$16/2/AL89 -> 10.358974 | BB89: =1/(4*PI())*(2*AZ89*BA89*SQRT(AZ89^2+BA89^2+1)/(AZ89^2+BA89^2+1+AZ89^2*BA89^2)*(AZ89^2+BA89^2+2)/(AZ89^2+BA89^2+1)+ATAN2(AZ89^2+BA89^2+1-AZ89^2*BA89^2,2*AZ89*BA89*SQRT(AZ89^2+BA89^2+1))) -> 0.24817291 | BC89: =4*Input!$AA$14*BB89 -> 135.00606 | BD89: =((Input!$AA$16/Input!$AA$15)*LN((1+SQRT((Input!$AA$16/Input!$AA$15)^2+1))*SQRT((Input!$AA$16/Input!$AA$15)^2+(AJ89/(Input!$AA$15/2))^2)/((Input!$AA$16/Input!$AA$15)*(1+SQRT((Input!$AA$16/Input!$AA$15)^2+(AJ89/(Input!$AA$15/2))^2+1))))+LN(((Input!$AA$16/Input!$AA$15)+SQRT((Input!$AA$16/Input!$AA$15)^2+1))*SQRT(1+(AJ89/(Input!$AA$15/2))^2)/((Input!$AA$16/Input!$AA$15)+SQRT((Input!$AA$16/Input!$AA$15)^2+(AJ89/(Input!$AA$15/2))^2+1))))/PI() -> 0.01315062 | BE89: =(AJ89/(Input!$AA$15/2))/(2*PI())*ATAN((Input!$AA$16/Input!$AA$15)/((AJ89/(Input!$AA$15/2))*SQRT((Input!$AA$16/Input!$AA$15)^2+(AJ89/(Input!$AA$15/2))^2+1))) -> 0.057630488 | BF89: =MAX(0,AJ89-MAX(AI89,$AA$23))/AK89*IF(BC89>=Input!$AA$21*AQ89,1,0) -> 1 | BG89: =4*Input!$AA$14*(Input!$AA$15/2)*(1-AY89^2)/AX89*((BD89-BD88)+(1-2*AY89)/(1-AY89)*(BE89-BE88))*1000*BF89 -> 8.1226591 | BH89: =IF(AM89="Sand",0,0.009*(AR89-10)) -> 0 | BI89: =BH89*Input!$AA$39 -> 0 | BJ89: =IF(AM89="Sand",0,MAX(AV89/Input!$AA$40,AQ89)) -> 0 | BK89: =IF(AM89="Sand",0,1000*AK89/(1+AU89)*IF(AQ89+BC89<=BJ89,BI89*LOG10((AQ89+BC89)/AQ89),BI89*LOG10(BJ89/AQ89)+BH89*LOG10((AQ89+BC89)/BJ89)))*BF89 -> 0 | BL89: =IF(AM89="Sand",0,10^(INDEX(Input!$Q$51:$Q$57,MIN(MATCH(MIN(MAX(AR89,30),120),Input!$C$51:$C$57,1),6))+(MIN(MAX(AR89,30),120)-INDEX(Input!$C$51:$C$57,MIN(MATCH(MIN(MAX(AR89,30),120),Input!$C$51:$C$57,1),6)))/(INDEX(Input!$C$51:$C$57,MIN(MATCH(MIN(MAX(AR89,30),120),Input!$C$51:$C$57,1),6)+1)-INDEX(Input!$C$51:$C$57,MIN(MATCH(MIN(MAX(AR89,30),120),Input!$C$51:$C$57,1),6)))*(INDEX(Input!$Q$51:$Q$57,MIN(MATCH(MIN(MAX(AR89,30),120),Input!$C$51:$C$57,1),6)+1)-INDEX(Input!$Q$51:$Q$57,MIN(MATCH(MIN(MAX(AR89,30),120),Input!$C$51:$C$57,1),6))))) -> 0 | BM89: =IF(OR(AM89="Sand",BF89=0),0,Input!$AA$41*(AK89/2)^2/(BL89*0.0001*31536000)) -> 0 | BN89: =MAX(0,MIN(AJ89,Input!$AA$20)-AI89) -> 0 | BO89: =MAX(0,MIN(AJ89,Input!$AA$20)-MAX(AI89,$AA$23)) -> 0 | BP89: =BG89+BK89 -> 8.1226591
C90: 8 | E90: =AI90 -> 10.5 | H90: =AJ90 -> 12 | K90: =AM90 -> Sand | N90: =AN90 -> 25 | Q90: =AO90 -> 18.4 | T90: =IF(AR90="","-",AR90) -> - | V90: =IF(AT90="","-",AT90) -> - | X90: =AU90 -> 0.645 | Z90: =AV90 -> 0 | AC90: =AW90 -> 34.82665 | AI90: 10.5 | AJ90: 12 | AK90: =AJ90-AI90 -> 1.5 | AL90: =(AI90+AJ90)/2 -> 11.25 | AM90: Sand | AN90: 25 | AO90: =IF(AL90>$AA$20,$AA$22,$AA$21) -> 18.4 | AP90: =AP89+AO90*AK90 -> 221.55 | AQ90: =AP90-AO90*AK90/2-10*MAX(AL90-$AA$20,0) -> 165.25 | AT90: =IF(AR90="","",AR90-AS90) | AU90: 0.645 | AV90: =IF(AM90="Sand",0,Input!$AA$34*AN90) -> 0 | AW90: =IF(AM90="Sand",27.1+0.3*MIN(Input!$AA$35*AN90,60)-0.00054*MIN(Input!$AA$35*AN90,60)^2,MIN(MAX(DEGREES(ASIN(0.8-0.094*LN(MAX(IF(AT90="",10,AT90),5)))),20),30)) -> 34.82665 | AX90: =IF(AM90="Sand",Input!$AA$36*Input!$AA$35*AN90,Input!$AA$37*AV90) -> 27075 | AY90: =IF(AM90="Sand",Input!$AA$38,0.5) -> 0.3 | AZ90: =Input!$AA$15/2/AL90 -> 3.2888889 | BA90: =Input!$AA$16/2/AL90 -> 8.9777778 | BB90: =1/(4*PI())*(2*AZ90*BA90*SQRT(AZ90^2+BA90^2+1)/(AZ90^2+BA90^2+1+AZ90^2*BA90^2)*(AZ90^2+BA90^2+2)/(AZ90^2+BA90^2+1)+ATAN2(AZ90^2+BA90^2+1-AZ90^2*BA90^2,2*AZ90*BA90*SQRT(AZ90^2+BA90^2+1))) -> 0.24726322 | BC90: =4*Input!$AA$14*BB90 -> 134.51119 | BD90: =((Input!$AA$16/Input!$AA$15)*LN((1+SQRT((Input!$AA$16/Input!$AA$15)^2+1))*SQRT((Input!$AA$16/Input!$AA$15)^2+(AJ90/(Input!$AA$15/2))^2)/((Input!$AA$16/Input!$AA$15)*(1+SQRT((Input!$AA$16/Input!$AA$15)^2+(AJ90/(Input!$AA$15/2))^2+1))))+LN(((Input!$AA$16/Input!$AA$15)+SQRT((Input!$AA$16/Input!$AA$15)^2+1))*SQRT(1+(AJ90/(Input!$AA$15/2))^2)/((Input!$AA$16/Input!$AA$15)+SQRT((Input!$AA$16/Input!$AA$15)^2+(AJ90/(Input!$AA$15/2))^2+1))))/PI() -> 0.016989259 | BE90: =(AJ90/(Input!$AA$15/2))/(2*PI())*ATAN((Input!$AA$16/Input!$AA$15)/((AJ90/(Input!$AA$15/2))*SQRT((Input!$AA$16/Input!$AA$15)^2+(AJ90/(Input!$AA$15/2))^2+1))) -> 0.06381565 | BF90: =MAX(0,AJ90-MAX(AI90,$AA$23))/AK90*IF(BC90>=Input!$AA$21*AQ90,1,0) -> 1 | BG90: =4*Input!$AA$14*(Input!$AA$15/2)*(1-AY90^2)/AX90*((BD90-BD89)+(1-2*AY90)/(1-AY90)*(BE90-BE89))*1000*BF90 -> 4.9879122 | BH90: =IF(AM90="Sand",0,0.009*(AR90-10)) -> 0 | BI90: =BH90*Input!$AA$39 -> 0 | BJ90: =IF(AM90="Sand",0,MAX(AV90/Input!$AA$40,AQ90)) -> 0 | BK90: =IF(AM90="Sand",0,1000*AK90/(1+AU90)*IF(AQ90+BC90<=BJ90,BI90*LOG10((AQ90+BC90)/AQ90),BI90*LOG10(BJ90/AQ90)+BH90*LOG10((AQ90+BC90)/BJ90)))*BF90 -> 0 | BL90: =IF(AM90="Sand",0,10^(INDEX(Input!$Q$51:$Q$57,MIN(MATCH(MIN(MAX(AR90,30),120),Input!$C$51:$C$57,1),6))+(MIN(MAX(AR90,30),120)-INDEX(Input!$C$51:$C$57,MIN(MATCH(MIN(MAX(AR90,30),120),Input!$C$51:$C$57,1),6)))/(INDEX(Input!$C$51:$C$57,MIN(MATCH(MIN(MAX(AR90,30),120),Input!$C$51:$C$57,1),6)+1)-INDEX(Input!$C$51:$C$57,MIN(MATCH(MIN(MAX(AR90,30),120),Input!$C$51:$C$57,1),6)))*(INDEX(Input!$Q$51:$Q$57,MIN(MATCH(MIN(MAX(AR90,30),120),Input!$C$51:$C$57,1),6)+1)-INDEX(Input!$Q$51:$Q$57,MIN(MATCH(MIN(MAX(AR90,30),120),Input!$C$51:$C$57,1),6))))) -> 0 | BM90: =IF(OR(AM90="Sand",BF90=0),0,Input!$AA$41*(AK90/2)^2/(BL90*0.0001*31536000)) -> 0 | BN90: =MAX(0,MIN(AJ90,Input!$AA$20)-AI90) -> 0 | BO90: =MAX(0,MIN(AJ90,Input!$AA$20)-MAX(AI90,$AA$23)) -> 0 | BP90: =BG90+BK90 -> 4.9879122
C91: 9 | E91: =AI91 -> 12 | H91: =AJ91 -> 13.5 | K91: =AM91 -> Sand | N91: =AN91 -> 20 | Q91: =AO91 -> 18.4 | T91: =IF(AR91="","-",AR91) -> - | V91: =IF(AT91="","-",AT91) -> - | X91: =AU91 -> 0.628 | Z91: =AV91 -> 0 | AC91: =AW91 -> 33.344656 | AI91: 12 | AJ91: 13.5 | AK91: =AJ91-AI91 -> 1.5 | AL91: =(AI91+AJ91)/2 -> 12.75 | AM91: Sand | AN91: 20 | AO91: =IF(AL91>$AA$20,$AA$22,$AA$21) -> 18.4 | AP91: =AP90+AO91*AK91 -> 249.15 | AQ91: =AP91-AO91*AK91/2-10*MAX(AL91-$AA$20,0) -> 177.85 | AT91: =IF(AR91="","",AR91-AS91) | AU91: 0.628 | AV91: =IF(AM91="Sand",0,Input!$AA$34*AN91) -> 0 | AW91: =IF(AM91="Sand",27.1+0.3*MIN(Input!$AA$35*AN91,60)-0.00054*MIN(Input!$AA$35*AN91,60)^2,MIN(MAX(DEGREES(ASIN(0.8-0.094*LN(MAX(IF(AT91="",10,AT91),5)))),20),30)) -> 33.344656 | AX91: =IF(AM91="Sand",Input!$AA$36*Input!$AA$35*AN91,Input!$AA$37*AV91) -> 21660 | AY91: =IF(AM91="Sand",Input!$AA$38,0.5) -> 0.3 | AZ91: =Input!$AA$15/2/AL91 -> 2.9019608 | BA91: =Input!$AA$16/2/AL91 -> 7.9215686 | BB91: =1/(4*PI())*(2*AZ91*BA91*SQRT(AZ91^2+BA91^2+1)/(AZ91^2+BA91^2+1+AZ91^2*BA91^2)*(AZ91^2+BA91^2+2)/(AZ91^2+BA91^2+1)+ATAN2(AZ91^2+BA91^2+1-AZ91^2*BA91^2,2*AZ91*BA91*SQRT(AZ91^2+BA91^2+1))) -> 0.24612697 | BC91: =4*Input!$AA$14*BB91 -> 133.89307 | BD91: =((Input!$AA$16/Input!$AA$15)*LN((1+SQRT((Input!$AA$16/Input!$AA$15)^2+1))*SQRT((Input!$AA$16/Input!$AA$15)^2+(AJ91/(Input!$AA$15/2))^2)/((Input!$AA$16/Input!$AA$15)*(1+SQRT((Input!$AA$16/Input!$AA$15)^2+(AJ91/(Input!$AA$15/2))^2+1))))+LN(((Input!$AA$16/Input!$AA$15)+SQRT((Input!$AA$16/Input!$AA$15)^2+1))*SQRT(1+(AJ91/(Input!$AA$15/2))^2)/((Input!$AA$16/Input!$AA$15)+SQRT((Input!$AA$16/Input!$AA$15)^2+(AJ91/(Input!$AA$15/2))^2+1))))/PI() -> 0.021242015 | BE91: =(AJ91/(Input!$AA$15/2))/(2*PI())*ATAN((Input!$AA$16/Input!$AA$15)/((AJ91/(Input!$AA$15/2))*SQRT((Input!$AA$16/Input!$AA$15)^2+(AJ91/(Input!$AA$15/2))^2+1))) -> 0.069540621 | BF91: =MAX(0,AJ91-MAX(AI91,$AA$23))/AK91*IF(BC91>=Input!$AA$21*AQ91,1,0) -> 1 | BG91: =4*Input!$AA$14*(Input!$AA$15/2)*(1-AY91^2)/AX91*((BD91-BD90)+(1-2*AY91)/(1-AY91)*(BE91-BE90))*1000*BF91 -> 6.3627088 | BH91: =IF(AM91="Sand",0,0.009*(AR91-10)) -> 0 | BI91: =BH91*Input!$AA$39 -> 0 | BJ91: =IF(AM91="Sand",0,MAX(AV91/Input!$AA$40,AQ91)) -> 0 | BK91: =IF(AM91="Sand",0,1000*AK91/(1+AU91)*IF(AQ91+BC91<=BJ91,BI91*LOG10((AQ91+BC91)/AQ91),BI91*LOG10(BJ91/AQ91)+BH91*LOG10((AQ91+BC91)/BJ91)))*BF91 -> 0 | BL91: =IF(AM91="Sand",0,10^(INDEX(Input!$Q$51:$Q$57,MIN(MATCH(MIN(MAX(AR91,30),120),Input!$C$51:$C$57,1),6))+(MIN(MAX(AR91,30),120)-INDEX(Input!$C$51:$C$57,MIN(MATCH(MIN(MAX(AR91,30),120),Input!$C$51:$C$57,1),6)))/(INDEX(Input!$C$51:$C$57,MIN(MATCH(MIN(MAX(AR91,30),120),Input!$C$51:$C$57,1),6)+1)-INDEX(Input!$C$51:$C$57,MIN(MATCH(MIN(MAX(AR91,30),120),Input!$C$51:$C$57,1),6)))*(INDEX(Input!$Q$51:$Q$57,MIN(MATCH(MIN(MAX(AR91,30),120),Input!$C$51:$C$57,1),6)+1)-INDEX(Input!$Q$51:$Q$57,MIN(MATCH(MIN(MAX(AR91,30),120),Input!$C$51:$C$57,1),6))))) -> 0 | BM91: =IF(OR(AM91="Sand",BF91=0),0,Input!$AA$41*(AK91/2)^2/(BL91*0.0001*31536000)) -> 0 | BN91: =MAX(0,MIN(AJ91,Input!$AA$20)-AI91) -> 0 | BO91: =MAX(0,MIN(AJ91,Input!$AA$20)-MAX(AI91,$AA$23)) -> 0 | BP91: =BG91+BK91 -> 6.3627088
C92: 10 | E92: =AI92 -> 13.5 | H92: =AJ92 -> 15 | K92: =AM92 -> Sand | N92: =AN92 -> 47 | Q92: =AO92 -> 18.4 | T92: =IF(AR92="","-",AR92) -> - | V92: =IF(AT92="","-",AT92) -> - | X92: =AU92 -> 0.565 | Z92: =AV92 -> 0 | AC92: =AW92 -> 40.971208 | AI92: 13.5 | AJ92: 15 | AK92: =AJ92-AI92 -> 1.5 | AL92: =(AI92+AJ92)/2 -> 14.25 | AM92: Sand | AN92: 47 | AO92: =IF(AL92>$AA$20,$AA$22,$AA$21) -> 18.4 | AP92: =AP91+AO92*AK92 -> 276.75 | AQ92: =AP92-AO92*AK92/2-10*MAX(AL92-$AA$20,0) -> 190.45 | AT92: =IF(AR92="","",AR92-AS92) | AU92: 0.565 | AV92: =IF(AM92="Sand",0,Input!$AA$34*AN92) -> 0 | AW92: =IF(AM92="Sand",27.1+0.3*MIN(Input!$AA$35*AN92,60)-0.00054*MIN(Input!$AA$35*AN92,60)^2,MIN(MAX(DEGREES(ASIN(0.8-0.094*LN(MAX(IF(AT92="",10,AT92),5)))),20),30)) -> 40.971208 | AX92: =IF(AM92="Sand",Input!$AA$36*Input!$AA$35*AN92,Input!$AA$37*AV92) -> 50901 | AY92: =IF(AM92="Sand",Input!$AA$38,0.5) -> 0.3 | AZ92: =Input!$AA$15/2/AL92 -> 2.5964912 | BA92: =Input!$AA$16/2/AL92 -> 7.0877193 | BB92: =1/(4*PI())*(2*AZ92*BA92*SQRT(AZ92^2+BA92^2+1)/(AZ92^2+BA92^2+1+AZ92^2*BA92^2)*(AZ92^2+BA92^2+2)/(AZ92^2+BA92^2+1)+ATAN2(AZ92^2+BA92^2+1-AZ92^2*BA92^2,2*AZ92*BA92*SQRT(AZ92^2+BA92^2+1))) -> 0.24475803 | BC92: =4*Input!$AA$14*BB92 -> 133.14837 | BD92: =((Input!$AA$16/Input!$AA$15)*LN((1+SQRT((Input!$AA$16/Input!$AA$15)^2+1))*SQRT((Input!$AA$16/Input!$AA$15)^2+(AJ92/(Input!$AA$15/2))^2)/((Input!$AA$16/Input!$AA$15)*(1+SQRT((Input!$AA$16/Input!$AA$15)^2+(AJ92/(Input!$AA$15/2))^2+1))))+LN(((Input!$AA$16/Input!$AA$15)+SQRT((Input!$AA$16/Input!$AA$15)^2+1))*SQRT(1+(AJ92/(Input!$AA$15/2))^2)/((Input!$AA$16/Input!$AA$15)+SQRT((Input!$AA$16/Input!$AA$15)^2+(AJ92/(Input!$AA$15/2))^2+1))))/PI() -> 0.025878119 | BE92: =(AJ92/(Input!$AA$15/2))/(2*PI())*ATAN((Input!$AA$16/Input!$AA$15)/((AJ92/(Input!$AA$15/2))*SQRT((Input!$AA$16/Input!$AA$15)^2+(AJ92/(Input!$AA$15/2))^2+1))) -> 0.074826746 | BF92: =MAX(0,AJ92-MAX(AI92,$AA$23))/AK92*IF(BC92>=Input!$AA$21*AQ92,1,0) -> 1 | BG92: =4*Input!$AA$14*(Input!$AA$15/2)*(1-AY92^2)/AX92*((BD92-BD91)+(1-2*AY92)/(1-AY92)*(BE92-BE91))*1000*BF92 -> 2.7552433 | BH92: =IF(AM92="Sand",0,0.009*(AR92-10)) -> 0 | BI92: =BH92*Input!$AA$39 -> 0 | BJ92: =IF(AM92="Sand",0,MAX(AV92/Input!$AA$40,AQ92)) -> 0 | BK92: =IF(AM92="Sand",0,1000*AK92/(1+AU92)*IF(AQ92+BC92<=BJ92,BI92*LOG10((AQ92+BC92)/AQ92),BI92*LOG10(BJ92/AQ92)+BH92*LOG10((AQ92+BC92)/BJ92)))*BF92 -> 0 | BL92: =IF(AM92="Sand",0,10^(INDEX(Input!$Q$51:$Q$57,MIN(MATCH(MIN(MAX(AR92,30),120),Input!$C$51:$C$57,1),6))+(MIN(MAX(AR92,30),120)-INDEX(Input!$C$51:$C$57,MIN(MATCH(MIN(MAX(AR92,30),120),Input!$C$51:$C$57,1),6)))/(INDEX(Input!$C$51:$C$57,MIN(MATCH(MIN(MAX(AR92,30),120),Input!$C$51:$C$57,1),6)+1)-INDEX(Input!$C$51:$C$57,MIN(MATCH(MIN(MAX(AR92,30),120),Input!$C$51:$C$57,1),6)))*(INDEX(Input!$Q$51:$Q$57,MIN(MATCH(MIN(MAX(AR92,30),120),Input!$C$51:$C$57,1),6)+1)-INDEX(Input!$Q$51:$Q$57,MIN(MATCH(MIN(MAX(AR92,30),120),Input!$C$51:$C$57,1),6))))) -> 0 | BM92: =IF(OR(AM92="Sand",BF92=0),0,Input!$AA$41*(AK92/2)^2/(BL92*0.0001*31536000)) -> 0 | BN92: =MAX(0,MIN(AJ92,Input!$AA$20)-AI92) -> 0 | BO92: =MAX(0,MIN(AJ92,Input!$AA$20)-MAX(AI92,$AA$23)) -> 0 | BP92: =BG92+BK92 -> 2.7552433
C93: 11 | E93: =AI93 -> 15 | H93: =AJ93 -> 16.5 | K93: =AM93 -> Sand | N93: =AN93 -> 12 | Q93: =AO93 -> 18.4 | T93: =IF(AR93="","-",AR93) -> - | V93: =IF(AT93="","-",AT93) -> - | X93: =AU93 -> 0.464 | Z93: =AV93 -> 0 | AC93: =AW93 -> 30.907596 | AI93: 15 | AJ93: 16.5 | AK93: =AJ93-AI93 -> 1.5 | AL93: =(AI93+AJ93)/2 -> 15.75 | AM93: Sand | AN93: 12 | AO93: =IF(AL93>$AA$20,$AA$22,$AA$21) -> 18.4 | AP93: =AP92+AO93*AK93 -> 304.35 | AQ93: =AP93-AO93*AK93/2-10*MAX(AL93-$AA$20,0) -> 203.05 | AT93: =IF(AR93="","",AR93-AS93) | AU93: 0.464 | AV93: =IF(AM93="Sand",0,Input!$AA$34*AN93) -> 0 | AW93: =IF(AM93="Sand",27.1+0.3*MIN(Input!$AA$35*AN93,60)-0.00054*MIN(Input!$AA$35*AN93,60)^2,MIN(MAX(DEGREES(ASIN(0.8-0.094*LN(MAX(IF(AT93="",10,AT93),5)))),20),30)) -> 30.907596 | AX93: =IF(AM93="Sand",Input!$AA$36*Input!$AA$35*AN93,Input!$AA$37*AV93) -> 12996 | AY93: =IF(AM93="Sand",Input!$AA$38,0.5) -> 0.3 | AZ93: =Input!$AA$15/2/AL93 -> 2.3492063 | BA93: =Input!$AA$16/2/AL93 -> 6.4126984 | BB93: =1/(4*PI())*(2*AZ93*BA93*SQRT(AZ93^2+BA93^2+1)/(AZ93^2+BA93^2+1+AZ93^2*BA93^2)*(AZ93^2+BA93^2+2)/(AZ93^2+BA93^2+1)+ATAN2(AZ93^2+BA93^2+1-AZ93^2*BA93^2,2*AZ93*BA93*SQRT(AZ93^2+BA93^2+1))) -> 0.24315603 | BC93: =4*Input!$AA$14*BB93 -> 132.27688 | BD93: =((Input!$AA$16/Input!$AA$15)*LN((1+SQRT((Input!$AA$16/Input!$AA$15)^2+1))*SQRT((Input!$AA$16/Input!$AA$15)^2+(AJ93/(Input!$AA$15/2))^2)/((Input!$AA$16/Input!$AA$15)*(1+SQRT((Input!$AA$16/Input!$AA$15)^2+(AJ93/(Input!$AA$15/2))^2+1))))+LN(((Input!$AA$16/Input!$AA$15)+SQRT((Input!$AA$16/Input!$AA$15)^2+1))*SQRT(1+(AJ93/(Input!$AA$15/2))^2)/((Input!$AA$16/Input!$AA$15)+SQRT((Input!$AA$16/Input!$AA$15)^2+(AJ93/(Input!$AA$15/2))^2+1))))/PI() -> 0.030866028 | BE93: =(AJ93/(Input!$AA$15/2))/(2*PI())*ATAN((Input!$AA$16/Input!$AA$15)/((AJ93/(Input!$AA$15/2))*SQRT((Input!$AA$16/Input!$AA$15)^2+(AJ93/(Input!$AA$15/2))^2+1))) -> 0.079696127 | BF93: =MAX(0,AJ93-MAX(AI93,$AA$23))/AK93*IF(BC93>=Input!$AA$21*AQ93,1,0) -> 1 | BG93: =4*Input!$AA$14*(Input!$AA$15/2)*(1-AY93^2)/AX93*((BD93-BD92)+(1-2*AY93)/(1-AY93)*(BE93-BE92))*1000*BF93 -> 10.951571 | BH93: =IF(AM93="Sand",0,0.009*(AR93-10)) -> 0 | BI93: =BH93*Input!$AA$39 -> 0 | BJ93: =IF(AM93="Sand",0,MAX(AV93/Input!$AA$40,AQ93)) -> 0 | BK93: =IF(AM93="Sand",0,1000*AK93/(1+AU93)*IF(AQ93+BC93<=BJ93,BI93*LOG10((AQ93+BC93)/AQ93),BI93*LOG10(BJ93/AQ93)+BH93*LOG10((AQ93+BC93)/BJ93)))*BF93 -> 0 | BL93: =IF(AM93="Sand",0,10^(INDEX(Input!$Q$51:$Q$57,MIN(MATCH(MIN(MAX(AR93,30),120),Input!$C$51:$C$57,1),6))+(MIN(MAX(AR93,30),120)-INDEX(Input!$C$51:$C$57,MIN(MATCH(MIN(MAX(AR93,30),120),Input!$C$51:$C$57,1),6)))/(INDEX(Input!$C$51:$C$57,MIN(MATCH(MIN(MAX(AR93,30),120),Input!$C$51:$C$57,1),6)+1)-INDEX(Input!$C$51:$C$57,MIN(MATCH(MIN(MAX(AR93,30),120),Input!$C$51:$C$57,1),6)))*(INDEX(Input!$Q$51:$Q$57,MIN(MATCH(MIN(MAX(AR93,30),120),Input!$C$51:$C$57,1),6)+1)-INDEX(Input!$Q$51:$Q$57,MIN(MATCH(MIN(MAX(AR93,30),120),Input!$C$51:$C$57,1),6))))) -> 0 | BM93: =IF(OR(AM93="Sand",BF93=0),0,Input!$AA$41*(AK93/2)^2/(BL93*0.0001*31536000)) -> 0 | BN93: =MAX(0,MIN(AJ93,Input!$AA$20)-AI93) -> 0 | BO93: =MAX(0,MIN(AJ93,Input!$AA$20)-MAX(AI93,$AA$23)) -> 0 | BP93: =BG93+BK93 -> 10.951571
C94: 12 | E94: =AI94 -> 16.5 | H94: =AJ94 -> 18 | K94: =AM94 -> Sand | N94: =AN94 -> 23 | Q94: =AO94 -> 18.4 | T94: =IF(AR94="","-",AR94) -> - | V94: =IF(AT94="","-",AT94) -> - | X94: =AU94 -> 0.65 | Z94: =AV94 -> 0 | AC94: =AW94 -> 34.237653 | AI94: 16.5 | AJ94: 18 | AK94: =AJ94-AI94 -> 1.5 | AL94: =(AI94+AJ94)/2 -> 17.25 | AM94: Sand | AN94: 23 | AO94: =IF(AL94>$AA$20,$AA$22,$AA$21) -> 18.4 | AP94: =AP93+AO94*AK94 -> 331.95 | AQ94: =AP94-AO94*AK94/2-10*MAX(AL94-$AA$20,0) -> 215.65 | AT94: =IF(AR94="","",AR94-AS94) | AU94: 0.65 | AV94: =IF(AM94="Sand",0,Input!$AA$34*AN94) -> 0 | AW94: =IF(AM94="Sand",27.1+0.3*MIN(Input!$AA$35*AN94,60)-0.00054*MIN(Input!$AA$35*AN94,60)^2,MIN(MAX(DEGREES(ASIN(0.8-0.094*LN(MAX(IF(AT94="",10,AT94),5)))),20),30)) -> 34.237653 | AX94: =IF(AM94="Sand",Input!$AA$36*Input!$AA$35*AN94,Input!$AA$37*AV94) -> 24909 | AY94: =IF(AM94="Sand",Input!$AA$38,0.5) -> 0.3 | AZ94: =Input!$AA$15/2/AL94 -> 2.1449275 | BA94: =Input!$AA$16/2/AL94 -> 5.8550725 | BB94: =1/(4*PI())*(2*AZ94*BA94*SQRT(AZ94^2+BA94^2+1)/(AZ94^2+BA94^2+1+AZ94^2*BA94^2)*(AZ94^2+BA94^2+2)/(AZ94^2+BA94^2+1)+ATAN2(AZ94^2+BA94^2+1-AZ94^2*BA94^2,2*AZ94*BA94*SQRT(AZ94^2+BA94^2+1))) -> 0.24132572 | BC94: =4*Input!$AA$14*BB94 -> 131.28119 | BD94: =((Input!$AA$16/Input!$AA$15)*LN((1+SQRT((Input!$AA$16/Input!$AA$15)^2+1))*SQRT((Input!$AA$16/Input!$AA$15)^2+(AJ94/(Input!$AA$15/2))^2)/((Input!$AA$16/Input!$AA$15)*(1+SQRT((Input!$AA$16/Input!$AA$15)^2+(AJ94/(Input!$AA$15/2))^2+1))))+LN(((Input!$AA$16/Input!$AA$15)+SQRT((Input!$AA$16/Input!$AA$15)^2+1))*SQRT(1+(AJ94/(Input!$AA$15/2))^2)/((Input!$AA$16/Input!$AA$15)+SQRT((Input!$AA$16/Input!$AA$15)^2+(AJ94/(Input!$AA$15/2))^2+1))))/PI() -> 0.036174003 | BE94: =(AJ94/(Input!$AA$15/2))/(2*PI())*ATAN((Input!$AA$16/Input!$AA$15)/((AJ94/(Input!$AA$15/2))*SQRT((Input!$AA$16/Input!$AA$15)^2+(AJ94/(Input!$AA$15/2))^2+1))) -> 0.084171256 | BF94: =MAX(0,AJ94-MAX(AI94,$AA$23))/AK94*IF(BC94>=Input!$AA$21*AQ94,1,0) -> 1 | BG94: =4*Input!$AA$14*(Input!$AA$15/2)*(1-AY94^2)/AX94*((BD94-BD93)+(1-2*AY94)/(1-AY94)*(BE94-BE93))*1000*BF94 -> 5.7835575 | BH94: =IF(AM94="Sand",0,0.009*(AR94-10)) -> 0 | BI94: =BH94*Input!$AA$39 -> 0 | BJ94: =IF(AM94="Sand",0,MAX(AV94/Input!$AA$40,AQ94)) -> 0 | BK94: =IF(AM94="Sand",0,1000*AK94/(1+AU94)*IF(AQ94+BC94<=BJ94,BI94*LOG10((AQ94+BC94)/AQ94),BI94*LOG10(BJ94/AQ94)+BH94*LOG10((AQ94+BC94)/BJ94)))*BF94 -> 0 | BL94: =IF(AM94="Sand",0,10^(INDEX(Input!$Q$51:$Q$57,MIN(MATCH(MIN(MAX(AR94,30),120),Input!$C$51:$C$57,1),6))+(MIN(MAX(AR94,30),120)-INDEX(Input!$C$51:$C$57,MIN(MATCH(MIN(MAX(AR94,30),120),Input!$C$51:$C$57,1),6)))/(INDEX(Input!$C$51:$C$57,MIN(MATCH(MIN(MAX(AR94,30),120),Input!$C$51:$C$57,1),6)+1)-INDEX(Input!$C$51:$C$57,MIN(MATCH(MIN(MAX(AR94,30),120),Input!$C$51:$C$57,1),6)))*(INDEX(Input!$Q$51:$Q$57,MIN(MATCH(MIN(MAX(AR94,30),120),Input!$C$51:$C$57,1),6)+1)-INDEX(Input!$Q$51:$Q$57,MIN(MATCH(MIN(MAX(AR94,30),120),Input!$C$51:$C$57,1),6))))) -> 0 | BM94: =IF(OR(AM94="Sand",BF94=0),0,Input!$AA$41*(AK94/2)^2/(BL94*0.0001*31536000)) -> 0 | BN94: =MAX(0,MIN(AJ94,Input!$AA$20)-AI94) -> 0 | BO94: =MAX(0,MIN(AJ94,Input!$AA$20)-MAX(AI94,$AA$23)) -> 0 | BP94: =BG94+BK94 -> 5.7835575
C95: 13 | E95: =AI95 -> 18 | H95: =AJ95 -> 19.5 | K95: =AM95 -> Sand | N95: =AN95 -> 30 | Q95: =AO95 -> 18.4 | T95: =IF(AR95="","-",AR95) -> - | V95: =IF(AT95="","-",AT95) -> - | X95: =AU95 -> 0.65 | Z95: =AV95 -> 0 | AC95: =AW95 -> 36.276976 | AI95: 18 | AJ95: 19.5 | AK95: =AJ95-AI95 -> 1.5 | AL95: =(AI95+AJ95)/2 -> 18.75 | AM95: Sand | AN95: 30 | AO95: =IF(AL95>$AA$20,$AA$22,$AA$21) -> 18.4 | AP95: =AP94+AO95*AK95 -> 359.55 | AQ95: =AP95-AO95*AK95/2-10*MAX(AL95-$AA$20,0) -> 228.25 | AT95: =IF(AR95="","",AR95-AS95) | AU95: 0.65 | AV95: =IF(AM95="Sand",0,Input!$AA$34*AN95) -> 0 | AW95: =IF(AM95="Sand",27.1+0.3*MIN(Input!$AA$35*AN95,60)-0.00054*MIN(Input!$AA$35*AN95,60)^2,MIN(MAX(DEGREES(ASIN(0.8-0.094*LN(MAX(IF(AT95="",10,AT95),5)))),20),30)) -> 36.276976 | AX95: =IF(AM95="Sand",Input!$AA$36*Input!$AA$35*AN95,Input!$AA$37*AV95) -> 32490 | AY95: =IF(AM95="Sand",Input!$AA$38,0.5) -> 0.3 | AZ95: =Input!$AA$15/2/AL95 -> 1.9733333 | BA95: =Input!$AA$16/2/AL95 -> 5.3866667 | BB95: =1/(4*PI())*(2*AZ95*BA95*SQRT(AZ95^2+BA95^2+1)/(AZ95^2+BA95^2+1+AZ95^2*BA95^2)*(AZ95^2+BA95^2+2)/(AZ95^2+BA95^2+1)+ATAN2(AZ95^2+BA95^2+1-AZ95^2*BA95^2,2*AZ95*BA95*SQRT(AZ95^2+BA95^2+1))) -> 0.2392762 | BC95: =4*Input!$AA$14*BB95 -> 130.16625 | BD95: =((Input!$AA$16/Input!$AA$15)*LN((1+SQRT((Input!$AA$16/Input!$AA$15)^2+1))*SQRT((Input!$AA$16/Input!$AA$15)^2+(AJ95/(Input!$AA$15/2))^2)/((Input!$AA$16/Input!$AA$15)*(1+SQRT((Input!$AA$16/Input!$AA$15)^2+(AJ95/(Input!$AA$15/2))^2+1))))+LN(((Input!$AA$16/Input!$AA$15)+SQRT((Input!$AA$16/Input!$AA$15)^2+1))*SQRT(1+(AJ95/(Input!$AA$15/2))^2)/((Input!$AA$16/Input!$AA$15)+SQRT((Input!$AA$16/Input!$AA$15)^2+(AJ95/(Input!$AA$15/2))^2+1))))/PI() -> 0.04177061 | BE95: =(AJ95/(Input!$AA$15/2))/(2*PI())*ATAN((Input!$AA$16/Input!$AA$15)/((AJ95/(Input!$AA$15/2))*SQRT((Input!$AA$16/Input!$AA$15)^2+(AJ95/(Input!$AA$15/2))^2+1))) -> 0.088274686 | BF95: =MAX(0,AJ95-MAX(AI95,$AA$23))/AK95*IF(BC95>=Input!$AA$21*AQ95,1,0) -> 1 | BG95: =4*Input!$AA$14*(Input!$AA$15/2)*(1-AY95^2)/AX95*((BD95-BD94)+(1-2*AY95)/(1-AY95)*(BE95-BE94))*1000*BF95 -> 4.4770372 | BH95: =IF(AM95="Sand",0,0.009*(AR95-10)) -> 0 | BI95: =BH95*Input!$AA$39 -> 0 | BJ95: =IF(AM95="Sand",0,MAX(AV95/Input!$AA$40,AQ95)) -> 0 | BK95: =IF(AM95="Sand",0,1000*AK95/(1+AU95)*IF(AQ95+BC95<=BJ95,BI95*LOG10((AQ95+BC95)/AQ95),BI95*LOG10(BJ95/AQ95)+BH95*LOG10((AQ95+BC95)/BJ95)))*BF95 -> 0 | BL95: =IF(AM95="Sand",0,10^(INDEX(Input!$Q$51:$Q$57,MIN(MATCH(MIN(MAX(AR95,30),120),Input!$C$51:$C$57,1),6))+(MIN(MAX(AR95,30),120)-INDEX(Input!$C$51:$C$57,MIN(MATCH(MIN(MAX(AR95,30),120),Input!$C$51:$C$57,1),6)))/(INDEX(Input!$C$51:$C$57,MIN(MATCH(MIN(MAX(AR95,30),120),Input!$C$51:$C$57,1),6)+1)-INDEX(Input!$C$51:$C$57,MIN(MATCH(MIN(MAX(AR95,30),120),Input!$C$51:$C$57,1),6)))*(INDEX(Input!$Q$51:$Q$57,MIN(MATCH(MIN(MAX(AR95,30),120),Input!$C$51:$C$57,1),6)+1)-INDEX(Input!$Q$51:$Q$57,MIN(MATCH(MIN(MAX(AR95,30),120),Input!$C$51:$C$57,1),6))))) -> 0 | BM95: =IF(OR(AM95="Sand",BF95=0),0,Input!$AA$41*(AK95/2)^2/(BL95*0.0001*31536000)) -> 0 | BN95: =MAX(0,MIN(AJ95,Input!$AA$20)-AI95) -> 0 | BO95: =MAX(0,MIN(AJ95,Input!$AA$20)-MAX(AI95,$AA$23)) -> 0 | BP95: =BG95+BK95 -> 4.4770372
... C123: 41 | E123: =AI123 -> 59.5 | H123: =AJ123 -> 60 | K123: =AM123 -> Sand | N123: =AN123 -> 44 | Q123: =AO123 -> 18.4 | T123: =IF(AR123="","-",AR123) -> - | V123: =IF(AT123="","-",AT123) -> - | X123: =AU123 -> 0.65 | Z123: =AV123 -> 0 | AC123: =AW123 -> 40.169415 | AI123: 59.5 | AJ123: 60 | AK123: =AJ123-AI123 -> 0.5 | AL123: =(AI123+AJ123)/2 -> 59.75 | AM123: Sand | AN123: 44 | AO123: =IF(AL123>$AA$20,$AA$22,$AA$21) -> 18.4 | AP123: =AP122+AO123*AK123 -> 1104.75 | AQ123: =AP123-AO123*AK123/2-10*MAX(AL123-$AA$20,0) -> 572.65 | AT123: =IF(AR123="","",AR123-AS123) | AU123: 0.65 | AV123: =IF(AM123="Sand",0,Input!$AA$34*AN123) -> 0 | AW123: =IF(AM123="Sand",27.1+0.3*MIN(Input!$AA$35*AN123,60)-0.00054*MIN(Input!$AA$35*AN123,60)^2,MIN(MAX(DEGREES(ASIN(0.8-0.094*LN(MAX(IF(AT123="",10,AT123),5)))),20),30)) -> 40.169415 | AX123: =IF(AM123="Sand",Input!$AA$36*Input!$AA$35*AN123,Input!$AA$37*AV123) -> 47652 | AY123: =IF(AM123="Sand",Input!$AA$38,0.5) -> 0.3 | AZ123: =Input!$AA$15/2/AL123 -> 0.61924686 | BA123: =Input!$AA$16/2/AL123 -> 1.6903766 | BB123: =1/(4*PI())*(2*AZ123*BA123*SQRT(AZ123^2+BA123^2+1)/(AZ123^2+BA123^2+1+AZ123^2*BA123^2)*(AZ123^2+BA123^2+2)/(AZ123^2+BA123^2+1)+ATAN2(AZ123^2+BA123^2+1-AZ123^2*BA123^2,2*AZ123*BA123*SQRT(AZ123^2+BA123^2+1))) -> 0.1542931 | BC123: =4*Input!$AA$14*BB123 -> 83.935445 | BD123: =((Input!$AA$16/Input!$AA$15)*LN((1+SQRT((Input!$AA$16/Input!$AA$15)^2+1))*SQRT((Input!$AA$16/Input!$AA$15)^2+(AJ123/(Input!$AA$15/2))^2)/((Input!$AA$16/Input!$AA$15)*(1+SQRT((Input!$AA$16/Input!$AA$15)^2+(AJ123/(Input!$AA$15/2))^2+1))))+LN(((Input!$AA$16/Input!$AA$15)+SQRT((Input!$AA$16/Input!$AA$15)^2+1))*SQRT(1+(AJ123/(Input!$AA$15/2))^2)/((Input!$AA$16/Input!$AA$15)+SQRT((Input!$AA$16/Input!$AA$15)^2+(AJ123/(Input!$AA$15/2))^2+1))))/PI() -> 0.22446784 | BE123: =(AJ123/(Input!$AA$15/2))/(2*PI())*ATAN((Input!$AA$16/Input!$AA$15)/((AJ123/(Input!$AA$15/2))*SQRT((Input!$AA$16/Input!$AA$15)^2+(AJ123/(Input!$AA$15/2))^2+1))) -> 0.12083327 | BF123: =MAX(0,AJ123-MAX(AI123,$AA$23))/AK123*IF(BC123>=Input!$AA$21*AQ123,1,0) -> 0 | BG123: =4*Input!$AA$14*(Input!$AA$15/2)*(1-AY123^2)/AX123*((BD123-BD122)+(1-2*AY123)/(1-AY123)*(BE123-BE122))*1000*BF123 -> 0 | BH123: =IF(AM123="Sand",0,0.009*(AR123-10)) -> 0 | BI123: =BH123*Input!$AA$39 -> 0 | BJ123: =IF(AM123="Sand",0,MAX(AV123/Input!$AA$40,AQ123)) -> 0 | BK123: =IF(AM123="Sand",0,1000*AK123/(1+AU123)*IF(AQ123+BC123<=BJ123,BI123*LOG10((AQ123+BC123)/AQ123),BI123*LOG10(BJ123/AQ123)+BH123*LOG10((AQ123+BC123)/BJ123)))*BF123 -> 0 | BL123: =IF(AM123="Sand",0,10^(INDEX(Input!$Q$51:$Q$57,MIN(MATCH(MIN(MAX(AR123,30),120),Input!$C$51:$C$57,1),6))+(MIN(MAX(AR123,30),120)-INDEX(Input!$C$51:$C$57,MIN(MATCH(MIN(MAX(AR123,30),120),Input!$C$51:$C$57,1),6)))/(INDEX(Input!$C$51:$C$57,MIN(MATCH(MIN(MAX(AR123,30),120),Input!$C$51:$C$57,1),6)+1)-INDEX(Input!$C$51:$C$57,MIN(MATCH(MIN(MAX(AR123,30),120),Input!$C$51:$C$57,1),6)))*(INDEX(Input!$Q$51:$Q$57,MIN(MATCH(MIN(MAX(AR123,30),120),Input!$C$51:$C$57,1),6)+1)-INDEX(Input!$Q$51:$Q$57,MIN(MATCH(MIN(MAX(AR123,30),120),Input!$C$51:$C$57,1),6))))) -> 0 | BM123: =IF(OR(AM123="Sand",BF123=0),0,Input!$AA$41*(AK123/2)^2/(BL123*0.0001*31536000)) -> 0 | BN123: =MAX(0,MIN(AJ123,Input!$AA$20)-AI123) -> 0 | BO123: =MAX(0,MIN(AJ123,Input!$AA$20)-MAX(AI123,$AA$23)) -> 0 | BP123: =BG123+BK123 -> 0
C124: cu = k·N (silt/clay); φ' sand from Wolff (1989), silt/clay from PI; γ from laboratory average above/below GWL.
X145: Sheet : | AB145: 2
C146: PROJECT : | H146: GEOTHERMAL WELLPAD PSPE BORA PULU - SIGI, CENTRAL SULAWESI | X146: Prepared by : | AB146: Date
C147: CLIENT : | H147: PT EDC PANAS BUMI INDONESIA | X147: DF | AB147: 46301
C148: LOCATION : | H148: BH-02 (Wellpad A) | X148: Verified by : | AB148: Date
C149: SHEET : | H149: BEARING CAPACITY AND SETTLEMENT OF SUBGRADE | X149: BC | AB149: 46301
C151: 3. BEARING CAPACITY OF SUBGRADE
C152: The bearing capacity is evaluated with the general bearing capacity equation (Terzaghi 1943, Vesic 1975; SNI 8460:2017).
C153: Undrained (short-term) condition governs where silt/clay exists within 0 - Hb: qu = cu·Nc·sc.
C154: Drained (long-term) condition for granular soil: qu = 0.5·γ'·B·Nγ·sγ·rγ (c' = 0, load at ground surface, q = 0).
C155: Thin soft layer over firm sand below a wide load (B >> H'): squeezing mechanism, Nc* = 4.14 + 0.5·B/H' ≥ 5.14 (Meyerhof 1974).
C156: The governing ultimate capacity is the smaller of the two; qall = qu / SF.
