Workbook

Sheet Input
C2: PROJECT : | H2: GEOTHERMAL WELLPAD PSPE BORA PULU - SIGI, CENTRAL SULAWESI | X2: Prepared by : | AB2: Date
C3: CLIENT : | H3: PT EDC PANAS BUMI INDONESIA | X3: DF | AB3: 46301
C4: LOCATION : | H4: All boreholes (BH-01 to BH-05) | X4: Verified by : | AB4: Date
C5: SHEET : | H5: DESIGN INPUT & CORRELATIONS | X5: BC | AB5: 46301
C7: 1. DESIGN INPUT
C8: Input cells are shaded blue. All borehole sheets and the summary are calculated from this sheet.
C10: 1.1. Design load
C11: Height of embankment fill | O11: design brief | X11: Hf = | AA11: 2 | AD11: m
C12: Unit weight of compacted fill | O12: assumed | X12: γf = | AA12: 18 | AD12: kN/m³
C13: Uniform surcharge on platform | O13: design brief | X13: qs = | AA13: 100 | AD13: kPa
C14: Total pressure on subgrade | O14: q = Hf·γf + qs | X14: q = | AA14: =$AA$11*$AA$12+$AA$13 | AD14: kPa
C15: Width of loaded area (assumed) | O15: to be confirmed | X15: B = | AA15: 40 | AD15: m
C16: Length of loaded area (assumed, L ≥ B) | O16: to be confirmed | X16: L = | AA16: 60 | AD16: m
C18: 1.2. Design criteria
C19: Factor of safety for bearing capacity | O19: SNI 8460:2017 | X19: SF = | AA19: 3 | AD19: -
C20: Depth for averaging shear strength | O20: as previous template | X20: Hb = | AA20: 5 | AD20: m
C21: Influence depth limit: Δσz / σ'v0 ≥ | O21: Das (2019) | X21: ratio = | AA21: 0.1 | AD21: -
C22: Allowable total settlement (assumed) | O22: to be confirmed | X22: S all = | AA22: 100 | AD22: mm
C24: 1.3. Replacement material
C25: Unit weight of compacted granular fill | O25: assumed | X25: γr = | AA25: 19 | AD25: kN/m³
C26: Friction angle of granular fill | O26: assumed | X26: φ'r = | AA26: 35 | AD26: °
C27: Replacement depth Dr is entered on each borehole sheet.
C29: 2. CORRELATIONS (used where no laboratory test is available)
C31: Undrained shear strength, cu = k·N | O31: Stroud (1974) | X31: k = | AA31: 5 | AD31: kPa
C32: Energy correction, N60 = CE·N | O32: liquefaction report | X32: CE = | AA32: 1.083 | AD32: -
C33: Sand modulus, Es = k·N60 | O33: Kulhawy & Mayne (1990) | X33: k = | AA33: 1000 | AD33: kPa
C34: Silt/clay undrained modulus, Eu = k·cu | O34: Bowles (1996) | X34: k = | AA34: 500 | AD34: -
C35: Poisson ratio of sand (drained) | O35: silt/clay undrained ν = 0.5 | X35: ν = | AA35: 0.3 | AD35: -
C36: Recompression ratio Cr / Cc | O36: Das (2019) | X36: Cr/Cc = | AA36: 0.2 | AD36: -
C37: Strength ratio su / σ'p | O37: Mesri (1975) | X37: ratio = | AA37: 0.22 | AD37: -
C38: Time factor for 90 % consolidation | O38: Terzaghi | X38: Tv = | AA38: 0.848 | AD38: -
C40: Compression index Cc = 0.009 (LL - 10) (Terzaghi & Peck, 1967).
C41: Sand friction angle φ' = 27.1 + 0.3 N60 - 0.00054 N60² (Wolff, 1989).
C42: Silt/clay friction angle sin φ' = 0.8 - 0.094 ln(PI) (Terzaghi, Peck & Mesri, 1996), limited to 20° - 30°.
C43: No oedometer test is available; Cc, Cr, σ'p and Cv are correlated values.
C45: 3. COEFFICIENT OF CONSOLIDATION vs LIQUID LIMIT (NAVFAC DM-7.1)
C46: LL | I46: Cv | Q46: log10 Cv
C47: % | I47: cm²/s | Q47: -
C48: 30 | I48: 0.003 | Q48: =LOG10(I48)
C49: 40 | I49: 0.0015 | Q49: =LOG10(I49)
C50: 50 | I50: 0.0007 | Q50: =LOG10(I50)
C51: 60 | I51: 0.0004 | Q51: =LOG10(I51)
C52: 80 | I52: 0.0002 | Q52: =LOG10(I52)
C53: 100 | I53: 0.00012 | Q53: =LOG10(I53)
C54: 120 | I54: 8e-05 | Q54: =LOG10(I54)
X73: Sheet : | AB73: 1

Sheet Summary
C2: PROJECT : | H2: GEOTHERMAL WELLPAD PSPE BORA PULU - SIGI, CENTRAL SULAWESI | X2: Prepared by : | AB2: Date
C3: CLIENT : | H3: PT EDC PANAS BUMI INDONESIA | X3: DF | AB3: 46301
C4: LOCATION : | H4: All boreholes (BH-01 to BH-05) | X4: Verified by : | AB4: Date
C5: SHEET : | H5: SUMMARY - BEARING CAPACITY AND SETTLEMENT | X5: BC | AB5: 46301
C7: SUMMARY OF BEARING CAPACITY AND SETTLEMENT OF SUBGRADE
C8: ="Load: "&TEXT(Input!$AA$11,"0.0")&" m embankment fill + "&TEXT(Input!$AA$13,"0")&" kPa uniform surcharge → q = "&TEXT(Input!$AA$14,"0")&" kPa; loaded area "&TEXT(Input!$AA$15,"0")&" m × "&TEXT(Input!$AA$16,"0")&" m"
C10: Item | M10: Unit | P10: BH-01 | S10: BH-02 | V10: BH-03 | Y10: BH-04 | AB10: BH-05
P11: Wellpad D | S11: Wellpad A | V11: Log Yard | Y11: Wellpad D | AB11: Wellpad A
C12: Silt/clay thickness within 0 - Hb | M12: m | P12: ='BH-01'!$AA$86 | S12: ='BH-02'!$AA$86 | V12: ='BH-03'!$AA$86 | Y12: ='BH-04'!$AA$86 | AB12: ='BH-05'!$AA$86
C13: Average cu (silt/clay) | M13: kPa | P13: ='BH-01'!$AA$87 | S13: ='BH-02'!$AA$87 | V13: ='BH-03'!$AA$87 | Y13: ='BH-04'!$AA$87 | AB13: ='BH-05'!$AA$87
C14: Average φ' | M14: ° | P14: ='BH-01'!$AA$88 | S14: ='BH-02'!$AA$88 | V14: ='BH-03'!$AA$88 | Y14: ='BH-04'!$AA$88 | AB14: ='BH-05'!$AA$88
C15: qall - without improvement | M15: kPa | P15: ='BH-01'!$AA$97 | S15: ='BH-02'!$AA$97 | V15: ='BH-03'!$AA$97 | Y15: ='BH-04'!$AA$97 | AB15: ='BH-05'!$AA$97
C16: FS - without improvement | M16: - | P16: ='BH-01'!$AA$99 | S16: ='BH-02'!$AA$99 | V16: ='BH-03'!$AA$99 | Y16: ='BH-04'!$AA$99 | AB16: ='BH-05'!$AA$99
C17: Check - without improvement | P17: ='BH-01'!$X$101 | S17: ='BH-02'!$X$101 | V17: ='BH-03'!$X$101 | Y17: ='BH-04'!$X$101 | AB17: ='BH-05'!$X$101
C18: Replacement depth Dr | M18: m | P18: ='BH-01'!$AA$22 | S18: ='BH-02'!$AA$22 | V18: ='BH-03'!$AA$22 | Y18: ='BH-04'!$AA$22 | AB18: ='BH-05'!$AA$22
C19: qall - design condition | M19: kPa | P19: ='BH-01'!$AA$115 | S19: ='BH-02'!$AA$115 | V19: ='BH-03'!$AA$115 | Y19: ='BH-04'!$AA$115 | AB19: ='BH-05'!$AA$115
C20: FS - design condition | M20: - | P20: ='BH-01'!$AA$117 | S20: ='BH-02'!$AA$117 | V20: ='BH-03'!$AA$117 | Y20: ='BH-04'!$AA$117 | AB20: ='BH-05'!$AA$117
C21: Check - design condition | P21: ='BH-01'!$X$119 | S21: ='BH-02'!$X$119 | V21: ='BH-03'!$X$119 | Y21: ='BH-04'!$X$119 | AB21: ='BH-05'!$X$119
C22: Allowable fill height (design) | M22: m | P22: ='BH-01'!$AA$118 | S22: ='BH-02'!$AA$118 | V22: ='BH-03'!$AA$118 | Y22: ='BH-04'!$AA$118 | AB22: ='BH-05'!$AA$118
C23: qa for 25 mm (granular soil) | M23: kPa | P23: ='BH-01'!$AA$123 | S23: ='BH-02'!$AA$123 | V23: ='BH-03'!$AA$123 | Y23: ='BH-04'!$AA$123 | AB23: ='BH-05'!$AA$123
C24: Immediate settlement Si | M24: mm | P24: ='BH-01'!$AA$201 | S24: ='BH-02'!$AA$201 | V24: ='BH-03'!$AA$201 | Y24: ='BH-04'!$AA$201 | AB24: ='BH-05'!$AA$201
C25: Sand settlement - B&B check | M25: mm | P25: ='BH-01'!$AA$229 | S25: ='BH-02'!$AA$229 | V25: ='BH-03'!$AA$229 | Y25: ='BH-04'!$AA$229 | AB25: ='BH-05'!$AA$229
C26: Consolidation settlement Sc | M26: mm | P26: ='BH-01'!$AA$280 | S26: ='BH-02'!$AA$280 | V26: ='BH-03'!$AA$280 | Y26: ='BH-04'!$AA$280 | AB26: ='BH-05'!$AA$280
C27: Time for 90 % consolidation | M27: year | P27: ='BH-01'!$AA$281 | S27: ='BH-02'!$AA$281 | V27: ='BH-03'!$AA$281 | Y27: ='BH-04'!$AA$281 | AB27: ='BH-05'!$AA$281
C28: Total settlement S = Si + Sc | M28: mm | P28: ='BH-01'!$AA$305 | S28: ='BH-02'!$AA$305 | V28: ='BH-03'!$AA$305 | Y28: ='BH-04'!$AA$305 | AB28: ='BH-05'!$AA$305
C30: NOTES
C31: 1. Bearing capacity: undrained (cu·Nc) where silt/clay exists within 0 - Hb; drained (Vesic) for granular soil.
C32: For a wide loaded area the Nγ term gives a very large drained capacity, i.e. shear failure does not govern;
C33: settlement governs the design.
C34: 2. Granular soil: (a) drained bearing capacity with φ' from N-SPT; (b) allowable pressure for 25 mm settlement
C35: (Meyerhof/Bowles); (c) immediate settlement by the layered elastic method (upper bound, constant E) and by
C36: Burland & Burbidge (empirical, more realistic for sand); (d) no primary consolidation in sand; (e) loose
C37: saturated sand: add post-liquefaction settlement for the seismic case.
C38: 3. The loaded area B × L (Input sheet) is an assumption (40 m × 60 m). Settlement is sensitive to the loaded
C39: area.
C40: 4. Post-liquefaction settlement (liquefaction report, Table 5.4): BH-01 289, BH-02 383, BH-03 227, BH-04 159,
C41: BH-05 100 mm - assessed separately.
... C45: compacted granular fill is applied.
X73: Sheet : | AB73: 1

Sheet BH-01
C2: PROJECT : | H2: GEOTHERMAL WELLPAD PSPE BORA PULU - SIGI, CENTRAL SULAWESI | X2: Prepared by : | AB2: Date
C3: CLIENT : | H3: PT EDC PANAS BUMI INDONESIA | X3: DF | AB3: 46301
C4: LOCATION : | H4: BH-01 (Wellpad D) | X4: Verified by : | AB4: Date
C5: SHEET : | H5: BEARING CAPACITY AND SETTLEMENT OF SUBGRADE | X5: BC | AB5: 46301
C7: 1. GENERAL
C8: This sheet evaluates the bearing capacity, immediate settlement and primary consolidation settlement of the subgrade
C9: below the wellpad embankment (2 m fill + 100 kPa uniform surcharge) at the borehole location.
C11: 1.1. Load and loaded area
C12: Height of embankment fill | O12: (Input) | X12: Hf = | AA12: =Input!$AA$11 | AD12: m
C13: Uniform surcharge | O13: (Input) | X13: qs = | AA13: =Input!$AA$13 | AD13: kPa
C14: Total pressure on subgrade | O14: q = Hf·γf + qs | X14: q = | AA14: =Input!$AA$14 | AD14: kPa
C15: Loaded area (assumed) | O15: B × L | X15: B = | AA15: =Input!$AA$15 | AD15: m
X16: L = | AA16: =Input!$AA$16 | AD16: m
C18: 1.2. Borehole data
C19: Design groundwater level (below ground) | O19: liquefaction report | X19: GWL = | AA19: 9 | AD19: m
C20: Unit weight above GWL | O20: report Table 5.1 | X20: γ = | AA20: 17.8 | AD20: kN/m³
C21: Unit weight below GWL | O21: report Table 5.1 | X21: γsat = | AA21: 19.2 | AD21: kN/m³
C22: Replacement depth (design condition) | O22: 0 = no improvement | X22: Dr = | AA22: 3 | AD22: m
C24: 2. SOIL PARAMETERS
C25: Table 1. Soil parameters of BH-01 (sub-layers = SPT intervals) | AI25: Helper calculation per sub-layer (not printed)
C26: No | E26: Top | H26: Bottom | K26: Soil | N26: N-SPT | Q26: γ | T26: LL | V26: PI | X26: e0 | Z26: cu | AC26: φ' | AI26: top | AJ26: bot | AK26: h | AL26: z | AM26: typ | AN26: N | AO26: g | AP26: sv | AQ26: s0 | AR26: LL | AS26: PL | AT26: PI | AU26: e0 | AV26: cu | AW26: phi | AX26: E | AY26: nu | AZ26: m | BA26: n | BB26: I | BC26: ds | BD26: F1 | BE26: F2 | BF26: keep | BG26: Si | BH26: Cc | BI26: Cr | BJ26: sp | BK26: Sc | BL26: Cv | BM26: t90 | BN26: hb0 | BO26: hbr | BP26: hzi | BQ26: ket
E27: m | H27: m | Q27: kN/m³ | T27: % | V27: % | X27: - | Z27: kPa | AC27: °
C28: 1 | E28: =AI28 | H28: =AJ28 | K28: =AM28 | N28: =AN28 | Q28: =AO28 | T28: =IF(AR28="","-",AR28) | V28: =IF(AT28="","-",AT28) | X28: =AU28 | Z28: =AV28 | AC28: =AW28 | AI28: 0 | AJ28: 1.5 | AK28: =AJ28-AI28 | AL28: =(AI28+AJ28)/2 | AM28: Clay | AN28: 5 | AO28: =IF(AL28>$AA$19,$AA$21,$AA$20) | AP28: =AO28*AK28 | AQ28: =AP28-AO28*AK28/2-10*MAX(AL28-$AA$19,0) | AR28: 29.665 | AS28: 19.806 | AT28: =IF(AR28="","",AR28-AS28) | AU28: 0.681 | AV28: =IF(AM28="Sand",0,Input!$AA$31*AN28) | AW28: =IF(AM28="Sand",27.1+0.3*MIN(Input!$AA$32*AN28,60)-0.00054*MIN(Input!$AA$32*AN28,60)^2,MIN(MAX(DEGREES(ASIN(0.8-0.094*LN(MAX(IF(AT28="",10,AT28),5)))),20),30)) | AX28: =IF(AM28="Sand",Input!$AA$33*Input!$AA$32*AN28,Input!$AA$34*AV28) | AY28: =IF(AM28="Sand",Input!$AA$35,0.5) | AZ28: =Input!$AA$15/2/AL28 | BA28: =Input!$AA$16/2/AL28 | BB28: =1/(4*PI())*(2*AZ28*BA28*SQRT(AZ28^2+BA28^2+1)/(AZ28^2+BA28^2+1+AZ28^2*BA28^2)*(AZ28^2+BA28^2+2)/(AZ28^2+BA28^2+1)+ATAN2(AZ28^2+BA28^2+1-AZ28^2*BA28^2,2*AZ28*BA28*SQRT(AZ28^2+BA28^2+1))) | BC28: =4*Input!$AA$14*BB28 | BD28: =((Input!$AA$16/Input!$AA$15)*LN((1+SQRT((Input!$AA$16/Input!$AA$15)^2+1))*SQRT((Input!$AA$16/Input!$AA$15)^2+(AJ28/(Input!$AA$15/2))^2)/((Input!$AA$16/Input!$AA$15)*(1+SQRT((Input!$AA$16/Input!$AA$15)^2+(AJ28/(Input!$AA$15/2))^2+1))))+LN(((Input!$AA$16/Input!$AA$15)+SQRT((Input!$AA$16/Input!$AA$15)^2+1))*SQRT(1+(AJ28/(Input!$AA$15/2))^2)/((Input!$AA$16/Input!$AA$15)+SQRT((Input!$AA$16/Input!$AA$15)^2+(AJ28/(Input!$AA$15/2))^2+1))))/PI() | BE28: =(AJ28/(Input!$AA$15/2))/(2*PI())*ATAN((Input!$AA$16/Input!$AA$15)/((AJ28/(Input!$AA$15/2))*SQRT((Input!$AA$16/Input!$AA$15)^2+(AJ28/(Input!$AA$15/2))^2+1))) | BF28: =MAX(0,AJ28-MAX(AI28,$AA$22))/AK28*IF(BC28>=Input!$AA$21*AQ28,1,0) | BG28: =4*Input!$AA$14*(Input!$AA$15/2)*(1-AY28^2)/AX28*((BD28-0)+(1-2*AY28)/(1-AY28)*(BE28-0))*1000*BF28 | BH28: =IF(AM28="Sand",0,0.009*(AR28-10)) | BI28: =BH28*Input!$AA$36 | BJ28: =IF(AM28="Sand",0,MAX(AV28/Input!$AA$37,AQ28)) | BK28: =IF(AM28="Sand",0,1000*AK28/(1+AU28)*IF(AQ28+BC28<=BJ28,BI28*LOG10((AQ28+BC28)/AQ28),BI28*LOG10(BJ28/AQ28)+BH28*LOG10((AQ28+BC28)/BJ28)))*BF28 | BL28: =IF(AM28="Sand",0,10^(INDEX(Input!$Q$48:$Q$54,MIN(MATCH(MIN(MAX(AR28,30),120),Input!$C$48:$C$54,1),6))+(MIN(MAX(AR28,30),120)-INDEX(Input!$C$48:$C$54,MIN(MATCH(MIN(MAX(AR28,30),120),Input!$C$48:$C$54,1),6)))/(INDEX(Input!$C$48:$C$54,MIN(MATCH(MIN(MAX(AR28,30),120),Input!$C$48:$C$54,1),6)+1)-INDEX(Input!$C$48:$C$54,MIN(MATCH(MIN(MAX(AR28,30),120),Input!$C$48:$C$54,1),6)))*(INDEX(Input!$Q$48:$Q$54,MIN(MATCH(MIN(MAX(AR28,30),120),Input!$C$48:$C$54,1),6)+1)-INDEX(Input!$Q$48:$Q$54,MIN(MATCH(MIN(MAX(AR28,30),120),Input!$C$48:$C$54,1),6))))) | BM28: =IF(OR(AM28="Sand",BF28=0),0,Input!$AA$38*(AK28/2)^2/(BL28*1E-4*31536000)) | BN28: =MAX(0,MIN(AJ28,Input!$AA$20)-AI28) | BO28: =MAX(0,MIN(AJ28,Input!$AA$20)-MAX(AI28,$AA$22)) | BP28: =MAX(0,MIN(AJ28,$AA$225)-AI28) | BQ28: 0-1.5 m not tested: N of next layer; LL/PL/e0 = borehole average
C29: 2 | E29: =AI29 | H29: =AJ29 | K29: =AM29 | N29: =AN29 | Q29: =AO29 | T29: =IF(AR29="","-",AR29) | V29: =IF(AT29="","-",AT29) | X29: =AU29 | Z29: =AV29 | AC29: =AW29 | AI29: 1.5 | AJ29: 3 | AK29: =AJ29-AI29 | AL29: =(AI29+AJ29)/2 | AM29: Clay | AN29: 5 | AO29: =IF(AL29>$AA$19,$AA$21,$AA$20) | AP29: =AP28+AO29*AK29 | AQ29: =AP29-AO29*AK29/2-10*MAX(AL29-$AA$19,0) | AR29: 29.665 | AS29: 19.806 | AT29: =IF(AR29="","",AR29-AS29) | AU29: 0.952 | AV29: =IF(AM29="Sand",0,Input!$AA$31*AN29) | AW29: =IF(AM29="Sand",27.1+0.3*MIN(Input!$AA$32*AN29,60)-0.00054*MIN(Input!$AA$32*AN29,60)^2,MIN(MAX(DEGREES(ASIN(0.8-0.094*LN(MAX(IF(AT29="",10,AT29),5)))),20),30)) | AX29: =IF(AM29="Sand",Input!$AA$33*Input!$AA$32*AN29,Input!$AA$34*AV29) | AY29: =IF(AM29="Sand",Input!$AA$35,0.5) | AZ29: =Input!$AA$15/2/AL29 | BA29: =Input!$AA$16/2/AL29 | BB29: =1/(4*PI())*(2*AZ29*BA29*SQRT(AZ29^2+BA29^2+1)/(AZ29^2+BA29^2+1+AZ29^2*BA29^2)*(AZ29^2+BA29^2+2)/(AZ29^2+BA29^2+1)+ATAN2(AZ29^2+BA29^2+1-AZ29^2*BA29^2,2*AZ29*BA29*SQRT(AZ29^2+BA29^2+1))) | BC29: =4*Input!$AA$14*BB29 | BD29: =((Input!$AA$16/Input!$AA$15)*LN((1+SQRT((Input!$AA$16/Input!$AA$15)^2+1))*SQRT((Input!$AA$16/Input!$AA$15)^2+(AJ29/(Input!$AA$15/2))^2)/((Input!$AA$16/Input!$AA$15)*(1+SQRT((Input!$AA$16/Input!$AA$15)^2+(AJ29/(Input!$AA$15/2))^2+1))))+LN(((Input!$AA$16/Input!$AA$15)+SQRT((Input!$AA$16/Input!$AA$15)^2+1))*SQRT(1+(AJ29/(Input!$AA$15/2))^2)/((Input!$AA$16/Input!$AA$15)+SQRT((Input!$AA$16/Input!$AA$15)^2+(AJ29/(Input!$AA$15/2))^2+1))))/PI() | BE29: =(AJ29/(Input!$AA$15/2))/(2*PI())*ATAN((Input!$AA$16/Input!$AA$15)/((AJ29/(Input!$AA$15/2))*SQRT((Input!$AA$16/Input!$AA$15)^2+(AJ29/(Input!$AA$15/2))^2+1))) | BF29: =MAX(0,AJ29-MAX(AI29,$AA$22))/AK29*IF(BC29>=Input!$AA$21*AQ29,1,0) | BG29: =4*Input!$AA$14*(Input!$AA$15/2)*(1-AY29^2)/AX29*((BD29-BD28)+(1-2*AY29)/(1-AY29)*(BE29-BE28))*1000*BF29 | BH29: =IF(AM29="Sand",0,0.009*(AR29-10)) | BI29: =BH29*Input!$AA$36 | BJ29: =IF(AM29="Sand",0,MAX(AV29/Input!$AA$37,AQ29)) | BK29: =IF(AM29="Sand",0,1000*AK29/(1+AU29)*IF(AQ29+BC29<=BJ29,BI29*LOG10((AQ29+BC29)/AQ29),BI29*LOG10(BJ29/AQ29)+BH29*LOG10((AQ29+BC29)/BJ29)))*BF29 | BL29: =IF(AM29="Sand",0,10^(INDEX(Input!$Q$48:$Q$54,MIN(MATCH(MIN(MAX(AR29,30),120),Input!$C$48:$C$54,1),6))+(MIN(MAX(AR29,30),120)-INDEX(Input!$C$48:$C$54,MIN(MATCH(MIN(MAX(AR29,30),120),Input!$C$48:$C$54,1),6)))/(INDEX(Input!$C$48:$C$54,MIN(MATCH(MIN(MAX(AR29,30),120),Input!$C$48:$C$54,1),6)+1)-INDEX(Input!$C$48:$C$54,MIN(MATCH(MIN(MAX(AR29,30),120),Input!$C$48:$C$54,1),6)))*(INDEX(Input!$Q$48:$Q$54,MIN(MATCH(MIN(MAX(AR29,30),120),Input!$C$48:$C$54,1),6)+1)-INDEX(Input!$Q$48:$Q$54,MIN(MATCH(MIN(MAX(AR29,30),120),Input!$C$48:$C$54,1),6))))) | BM29: =IF(OR(AM29="Sand",BF29=0),0,Input!$AA$38*(AK29/2)^2/(BL29*1E-4*31536000)) | BN29: =MAX(0,MIN(AJ29,Input!$AA$20)-AI29) | BO29: =MAX(0,MIN(AJ29,Input!$AA$20)-MAX(AI29,$AA$22)) | BP29: =MAX(0,MIN(AJ29,$AA$225)-AI29) | BQ29: LL/PL/e0 = borehole average
C30: 3 | E30: =AI30 | H30: =AJ30 | K30: =AM30 | N30: =AN30 | Q30: =AO30 | T30: =IF(AR30="","-",AR30) | V30: =IF(AT30="","-",AT30) | X30: =AU30 | Z30: =AV30 | AC30: =AW30 | AI30: 3 | AJ30: 5.5 | AK30: =AJ30-AI30 | AL30: =(AI30+AJ30)/2 | AM30: Sand | AN30: 18 | AO30: =IF(AL30>$AA$19,$AA$21,$AA$20) | AP30: =AP29+AO30*AK30 | AQ30: =AP30-AO30*AK30/2-10*MAX(AL30-$AA$19,0) | AT30: =IF(AR30="","",AR30-AS30) | AU30: 0.759 | AV30: =IF(AM30="Sand",0,Input!$AA$31*AN30) | AW30: =IF(AM30="Sand",27.1+0.3*MIN(Input!$AA$32*AN30,60)-0.00054*MIN(Input!$AA$32*AN30,60)^2,MIN(MAX(DEGREES(ASIN(0.8-0.094*LN(MAX(IF(AT30="",10,AT30),5)))),20),30)) | AX30: =IF(AM30="Sand",Input!$AA$33*Input!$AA$32*AN30,Input!$AA$34*AV30) | AY30: =IF(AM30="Sand",Input!$AA$35,0.5) | AZ30: =Input!$AA$15/2/AL30 | BA30: =Input!$AA$16/2/AL30 | BB30: =1/(4*PI())*(2*AZ30*BA30*SQRT(AZ30^2+BA30^2+1)/(AZ30^2+BA30^2+1+AZ30^2*BA30^2)*(AZ30^2+BA30^2+2)/(AZ30^2+BA30^2+1)+ATAN2(AZ30^2+BA30^2+1-AZ30^2*BA30^2,2*AZ30*BA30*SQRT(AZ30^2+BA30^2+1))) | BC30: =4*Input!$AA$14*BB30 | BD30: =((Input!$AA$16/Input!$AA$15)*LN((1+SQRT((Input!$AA$16/Input!$AA$15)^2+1))*SQRT((Input!$AA$16/Input!$AA$15)^2+(AJ30/(Input!$AA$15/2))^2)/((Input!$AA$16/Input!$AA$15)*(1+SQRT((Input!$AA$16/Input!$AA$15)^2+(AJ30/(Input!$AA$15/2))^2+1))))+LN(((Input!$AA$16/Input!$AA$15)+SQRT((Input!$AA$16/Input!$AA$15)^2+1))*SQRT(1+(AJ30/(Input!$AA$15/2))^2)/((Input!$AA$16/Input!$AA$15)+SQRT((Input!$AA$16/Input!$AA$15)^2+(AJ30/(Input!$AA$15/2))^2+1))))/PI() | BE30: =(AJ30/(Input!$AA$15/2))/(2*PI())*ATAN((Input!$AA$16/Input!$AA$15)/((AJ30/(Input!$AA$15/2))*SQRT((Input!$AA$16/Input!$AA$15)^2+(AJ30/(Input!$AA$15/2))^2+1))) | BF30: =MAX(0,AJ30-MAX(AI30,$AA$22))/AK30*IF(BC30>=Input!$AA$21*AQ30,1,0) | BG30: =4*Input!$AA$14*(Input!$AA$15/2)*(1-AY30^2)/AX30*((BD30-BD29)+(1-2*AY30)/(1-AY30)*(BE30-BE29))*1000*BF30 | BH30: =IF(AM30="Sand",0,0.009*(AR30-10)) | BI30: =BH30*Input!$AA$36 | BJ30: =IF(AM30="Sand",0,MAX(AV30/Input!$AA$37,AQ30)) | BK30: =IF(AM30="Sand",0,1000*AK30/(1+AU30)*IF(AQ30+BC30<=BJ30,BI30*LOG10((AQ30+BC30)/AQ30),BI30*LOG10(BJ30/AQ30)+BH30*LOG10((AQ30+BC30)/BJ30)))*BF30 | BL30: =IF(AM30="Sand",0,10^(INDEX(Input!$Q$48:$Q$54,MIN(MATCH(MIN(MAX(AR30,30),120),Input!$C$48:$C$54,1),6))+(MIN(MAX(AR30,30),120)-INDEX(Input!$C$48:$C$54,MIN(MATCH(MIN(MAX(AR30,30),120),Input!$C$48:$C$54,1),6)))/(INDEX(Input!$C$48:$C$54,MIN(MATCH(MIN(MAX(AR30,30),120),Input!$C$48:$C$54,1),6)+1)-INDEX(Input!$C$48:$C$54,MIN(MATCH(MIN(MAX(AR30,30),120),Input!$C$48:$C$54,1),6)))*(INDEX(Input!$Q$48:$Q$54,MIN(MATCH(MIN(MAX(AR30,30),120),Input!$C$48:$C$54,1),6)+1)-INDEX(Input!$Q$48:$Q$54,MIN(MATCH(MIN(MAX(AR30,30),120),Input!$C$48:$C$54,1),6))))) | BM30: =IF(OR(AM30="Sand",BF30=0),0,Input!$AA$38*(AK30/2)^2/(BL30*1E-4*31536000)) | BN30: =MAX(0,MIN(AJ30,Input!$AA$20)-AI30) | BO30: =MAX(0,MIN(AJ30,Input!$AA$20)-MAX(AI30,$AA$22)) | BP30: =MAX(0,MIN(AJ30,$AA$225)-AI30)
C31: 4 | E31: =AI31 | H31: =AJ31 | K31: =AM31 | N31: =AN31 | Q31: =AO31 | T31: =IF(AR31="","-",AR31) | V31: =IF(AT31="","-",AT31) | X31: =AU31 | Z31: =AV31 | AC31: =AW31 | AI31: 5.5 | AJ31: 6 | AK31: =AJ31-AI31 | AL31: =(AI31+AJ31)/2 | AM31: Silt | AN31: 28 | AO31: =IF(AL31>$AA$19,$AA$21,$AA$20) | AP31: =AP30+AO31*AK31 | AQ31: =AP31-AO31*AK31/2-10*MAX(AL31-$AA$19,0) | AR31: 29.665 | AS31: 19.806 | AT31: =IF(AR31="","",AR31-AS31) | AU31: 0.681 | AV31: =IF(AM31="Sand",0,Input!$AA$31*AN31) | AW31: =IF(AM31="Sand",27.1+0.3*MIN(Input!$AA$32*AN31,60)-0.00054*MIN(Input!$AA$32*AN31,60)^2,MIN(MAX(DEGREES(ASIN(0.8-0.094*LN(MAX(IF(AT31="",10,AT31),5)))),20),30)) | AX31: =IF(AM31="Sand",Input!$AA$33*Input!$AA$32*AN31,Input!$AA$34*AV31) | AY31: =IF(AM31="Sand",Input!$AA$35,0.5) | AZ31: =Input!$AA$15/2/AL31 | BA31: =Input!$AA$16/2/AL31 | BB31: =1/(4*PI())*(2*AZ31*BA31*SQRT(AZ31^2+BA31^2+1)/(AZ31^2+BA31^2+1+AZ31^2*BA31^2)*(AZ31^2+BA31^2+2)/(AZ31^2+BA31^2+1)+ATAN2(AZ31^2+BA31^2+1-AZ31^2*BA31^2,2*AZ31*BA31*SQRT(AZ31^2+BA31^2+1))) | BC31: =4*Input!$AA$14*BB31 | BD31: =((Input!$AA$16/Input!$AA$15)*LN((1+SQRT((Input!$AA$16/Input!$AA$15)^2+1))*SQRT((Input!$AA$16/Input!$AA$15)^2+(AJ31/(Input!$AA$15/2))^2)/((Input!$AA$16/Input!$AA$15)*(1+SQRT((Input!$AA$16/Input!$AA$15)^2+(AJ31/(Input!$AA$15/2))^2+1))))+LN(((Input!$AA$16/Input!$AA$15)+SQRT((Input!$AA$16/Input!$AA$15)^2+1))*SQRT(1+(AJ31/(Input!$AA$15/2))^2)/((Input!$AA$16/Input!$AA$15)+SQRT((Input!$AA$16/Input!$AA$15)^2+(AJ31/(Input!$AA$15/2))^2+1))))/PI() | BE31: =(AJ31/(Input!$AA$15/2))/(2*PI())*ATAN((Input!$AA$16/Input!$AA$15)/((AJ31/(Input!$AA$15/2))*SQRT((Input!$AA$16/Input!$AA$15)^2+(AJ31/(Input!$AA$15/2))^2+1))) | BF31: =MAX(0,AJ31-MAX(AI31,$AA$22))/AK31*IF(BC31>=Input!$AA$21*AQ31,1,0) | BG31: =4*Input!$AA$14*(Input!$AA$15/2)*(1-AY31^2)/AX31*((BD31-BD30)+(1-2*AY31)/(1-AY31)*(BE31-BE30))*1000*BF31 | BH31: =IF(AM31="Sand",0,0.009*(AR31-10)) | BI31: =BH31*Input!$AA$36 | BJ31: =IF(AM31="Sand",0,MAX(AV31/Input!$AA$37,AQ31)) | BK31: =IF(AM31="Sand",0,1000*AK31/(1+AU31)*IF(AQ31+BC31<=BJ31,BI31*LOG10((AQ31+BC31)/AQ31),BI31*LOG10(BJ31/AQ31)+BH31*LOG10((AQ31+BC31)/BJ31)))*BF31 | BL31: =IF(AM31="Sand",0,10^(INDEX(Input!$Q$48:$Q$54,MIN(MATCH(MIN(MAX(AR31,30),120),Input!$C$48:$C$54,1),6))+(MIN(MAX(AR31,30),120)-INDEX(Input!$C$48:$C$54,MIN(MATCH(MIN(MAX(AR31,30),120),Input!$C$48:$C$54,1),6)))/(INDEX(Input!$C$48:$C$54,MIN(MATCH(MIN(MAX(AR31,30),120),Input!$C$48:$C$54,1),6)+1)-INDEX(Input!$C$48:$C$54,MIN(MATCH(MIN(MAX(AR31,30),120),Input!$C$48:$C$54,1),6)))*(INDEX(Input!$Q$48:$Q$54,MIN(MATCH(MIN(MAX(AR31,30),120),Input!$C$48:$C$54,1),6)+1)-INDEX(Input!$Q$48:$Q$54,MIN(MATCH(MIN(MAX(AR31,30),120),Input!$C$48:$C$54,1),6))))) | BM31: =IF(OR(AM31="Sand",BF31=0),0,Input!$AA$38*(AK31/2)^2/(BL31*1E-4*31536000)) | BN31: =MAX(0,MIN(AJ31,Input!$AA$20)-AI31) | BO31: =MAX(0,MIN(AJ31,Input!$AA$20)-MAX(AI31,$AA$22)) | BP31: =MAX(0,MIN(AJ31,$AA$225)-AI31) | BQ31: LL/PL/e0 = borehole average
C32: 5 | E32: =AI32 | H32: =AJ32 | K32: =AM32 | N32: =AN32 | Q32: =AO32 | T32: =IF(AR32="","-",AR32) | V32: =IF(AT32="","-",AT32) | X32: =AU32 | Z32: =AV32 | AC32: =AW32 | AI32: 6 | AJ32: 7.5 | AK32: =AJ32-AI32 | AL32: =(AI32+AJ32)/2 | AM32: Silt | AN32: 30 | AO32: =IF(AL32>$AA$19,$AA$21,$AA$20) | AP32: =AP31+AO32*AK32 | AQ32: =AP32-AO32*AK32/2-10*MAX(AL32-$AA$19,0) | AR32: 29.665 | AS32: 19.806 | AT32: =IF(AR32="","",AR32-AS32) | AU32: 0.681 | AV32: =IF(AM32="Sand",0,Input!$AA$31*AN32) | AW32: =IF(AM32="Sand",27.1+0.3*MIN(Input!$AA$32*AN32,60)-0.00054*MIN(Input!$AA$32*AN32,60)^2,MIN(MAX(DEGREES(ASIN(0.8-0.094*LN(MAX(IF(AT32="",10,AT32),5)))),20),30)) | AX32: =IF(AM32="Sand",Input!$AA$33*Input!$AA$32*AN32,Input!$AA$34*AV32) | AY32: =IF(AM32="Sand",Input!$AA$35,0.5) | AZ32: =Input!$AA$15/2/AL32 | BA32: =Input!$AA$16/2/AL32 | BB32: =1/(4*PI())*(2*AZ32*BA32*SQRT(AZ32^2+BA32^2+1)/(AZ32^2+BA32^2+1+AZ32^2*BA32^2)*(AZ32^2+BA32^2+2)/(AZ32^2+BA32^2+1)+ATAN2(AZ32^2+BA32^2+1-AZ32^2*BA32^2,2*AZ32*BA32*SQRT(AZ32^2+BA32^2+1))) | BC32: =4*Input!$AA$14*BB32 | BD32: =((Input!$AA$16/Input!$AA$15)*LN((1+SQRT((Input!$AA$16/Input!$AA$15)^2+1))*SQRT((Input!$AA$16/Input!$AA$15)^2+(AJ32/(Input!$AA$15/2))^2)/((Input!$AA$16/Input!$AA$15)*(1+SQRT((Input!$AA$16/Input!$AA$15)^2+(AJ32/(Input!$AA$15/2))^2+1))))+LN(((Input!$AA$16/Input!$AA$15)+SQRT((Input!$AA$16/Input!$AA$15)^2+1))*SQRT(1+(AJ32/(Input!$AA$15/2))^2)/((Input!$AA$16/Input!$AA$15)+SQRT((Input!$AA$16/Input!$AA$15)^2+(AJ32/(Input!$AA$15/2))^2+1))))/PI() | BE32: =(AJ32/(Input!$AA$15/2))/(2*PI())*ATAN((Input!$AA$16/Input!$AA$15)/((AJ32/(Input!$AA$15/2))*SQRT((Input!$AA$16/Input!$AA$15)^2+(AJ32/(Input!$AA$15/2))^2+1))) | BF32: =MAX(0,AJ32-MAX(AI32,$AA$22))/AK32*IF(BC32>=Input!$AA$21*AQ32,1,0) | BG32: =4*Input!$AA$14*(Input!$AA$15/2)*(1-AY32^2)/AX32*((BD32-BD31)+(1-2*AY32)/(1-AY32)*(BE32-BE31))*1000*BF32 | BH32: =IF(AM32="Sand",0,0.009*(AR32-10)) | BI32: =BH32*Input!$AA$36 | BJ32: =IF(AM32="Sand",0,MAX(AV32/Input!$AA$37,AQ32)) | BK32: =IF(AM32="Sand",0,1000*AK32/(1+AU32)*IF(AQ32+BC32<=BJ32,BI32*LOG10((AQ32+BC32)/AQ32),BI32*LOG10(BJ32/AQ32)+BH32*LOG10((AQ32+BC32)/BJ32)))*BF32 | BL32: =IF(AM32="Sand",0,10^(INDEX(Input!$Q$48:$Q$54,MIN(MATCH(MIN(MAX(AR32,30),120),Input!$C$48:$C$54,1),6))+(MIN(MAX(AR32,30),120)-INDEX(Input!$C$48:$C$54,MIN(MATCH(MIN(MAX(AR32,30),120),Input!$C$48:$C$54,1),6)))/(INDEX(Input!$C$48:$C$54,MIN(MATCH(MIN(MAX(AR32,30),120),Input!$C$48:$C$54,1),6)+1)-INDEX(Input!$C$48:$C$54,MIN(MATCH(MIN(MAX(AR32,30),120),Input!$C$48:$C$54,1),6)))*(INDEX(Input!$Q$48:$Q$54,MIN(MATCH(MIN(MAX(AR32,30),120),Input!$C$48:$C$54,1),6)+1)-INDEX(Input!$Q$48:$Q$54,MIN(MATCH(MIN(MAX(AR32,30),120),Input!$C$48:$C$54,1),6))))) | BM32: =IF(OR(AM32="Sand",BF32=0),0,Input!$AA$38*(AK32/2)^2/(BL32*1E-4*31536000)) | BN32: =MAX(0,MIN(AJ32,Input!$AA$20)-AI32) | BO32: =MAX(0,MIN(AJ32,Input!$AA$20)-MAX(AI32,$AA$22)) | BP32: =MAX(0,MIN(AJ32,$AA$225)-AI32) | BQ32: LL/PL/e0 = borehole average
C33: 6 | E33: =AI33 | H33: =AJ33 | K33: =AM33 | N33: =AN33 | Q33: =AO33 | T33: =IF(AR33="","-",AR33) | V33: =IF(AT33="","-",AT33) | X33: =AU33 | Z33: =AV33 | AC33: =AW33 | AI33: 7.5 | AJ33: 9 | AK33: =AJ33-AI33 | AL33: =(AI33+AJ33)/2 | AM33: Sand | AN33: 35 | AO33: =IF(AL33>$AA$19,$AA$21,$AA$20) | AP33: =AP32+AO33*AK33 | AQ33: =AP33-AO33*AK33/2-10*MAX(AL33-$AA$19,0) | AT33: =IF(AR33="","",AR33-AS33) | AU33: 0.65 | AV33: =IF(AM33="Sand",0,Input!$AA$31*AN33) | AW33: =IF(AM33="Sand",27.1+0.3*MIN(Input!$AA$32*AN33,60)-0.00054*MIN(Input!$AA$32*AN33,60)^2,MIN(MAX(DEGREES(ASIN(0.8-0.094*LN(MAX(IF(AT33="",10,AT33),5)))),20),30)) | AX33: =IF(AM33="Sand",Input!$AA$33*Input!$AA$32*AN33,Input!$AA$34*AV33) | AY33: =IF(AM33="Sand",Input!$AA$35,0.5) | AZ33: =Input!$AA$15/2/AL33 | BA33: =Input!$AA$16/2/AL33 | BB33: =1/(4*PI())*(2*AZ33*BA33*SQRT(AZ33^2+BA33^2+1)/(AZ33^2+BA33^2+1+AZ33^2*BA33^2)*(AZ33^2+BA33^2+2)/(AZ33^2+BA33^2+1)+ATAN2(AZ33^2+BA33^2+1-AZ33^2*BA33^2,2*AZ33*BA33*SQRT(AZ33^2+BA33^2+1))) | BC33: =4*Input!$AA$14*BB33 | BD33: =((Input!$AA$16/Input!$AA$15)*LN((1+SQRT((Input!$AA$16/Input!$AA$15)^2+1))*SQRT((Input!$AA$16/Input!$AA$15)^2+(AJ33/(Input!$AA$15/2))^2)/((Input!$AA$16/Input!$AA$15)*(1+SQRT((Input!$AA$16/Input!$AA$15)^2+(AJ33/(Input!$AA$15/2))^2+1))))+LN(((Input!$AA$16/Input!$AA$15)+SQRT((Input!$AA$16/Input!$AA$15)^2+1))*SQRT(1+(AJ33/(Input!$AA$15/2))^2)/((Input!$AA$16/Input!$AA$15)+SQRT((Input!$AA$16/Input!$AA$15)^2+(AJ33/(Input!$AA$15/2))^2+1))))/PI() | BE33: =(AJ33/(Input!$AA$15/2))/(2*PI())*ATAN((Input!$AA$16/Input!$AA$15)/((AJ33/(Input!$AA$15/2))*SQRT((Input!$AA$16/Input!$AA$15)^2+(AJ33/(Input!$AA$15/2))^2+1))) | BF33: =MAX(0,AJ33-MAX(AI33,$AA$22))/AK33*IF(BC33>=Input!$AA$21*AQ33,1,0) | BG33: =4*Input!$AA$14*(Input!$AA$15/2)*(1-AY33^2)/AX33*((BD33-BD32)+(1-2*AY33)/(1-AY33)*(BE33-BE32))*1000*BF33 | BH33: =IF(AM33="Sand",0,0.009*(AR33-10)) | BI33: =BH33*Input!$AA$36 | BJ33: =IF(AM33="Sand",0,MAX(AV33/Input!$AA$37,AQ33)) | BK33: =IF(AM33="Sand",0,1000*AK33/(1+AU33)*IF(AQ33+BC33<=BJ33,BI33*LOG10((AQ33+BC33)/AQ33),BI33*LOG10(BJ33/AQ33)+BH33*LOG10((AQ33+BC33)/BJ33)))*BF33 | BL33: =IF(AM33="Sand",0,10^(INDEX(Input!$Q$48:$Q$54,MIN(MATCH(MIN(MAX(AR33,30),120),Input!$C$48:$C$54,1),6))+(MIN(MAX(AR33,30),120)-INDEX(Input!$C$48:$C$54,MIN(MATCH(MIN(MAX(AR33,30),120),Input!$C$48:$C$54,1),6)))/(INDEX(Input!$C$48:$C$54,MIN(MATCH(MIN(MAX(AR33,30),120),Input!$C$48:$C$54,1),6)+1)-INDEX(Input!$C$48:$C$54,MIN(MATCH(MIN(MAX(AR33,30),120),Input!$C$48:$C$54,1),6)))*(INDEX(Input!$Q$48:$Q$54,MIN(MATCH(MIN(MAX(AR33,30),120),Input!$C$48:$C$54,1),6)+1)-INDEX(Input!$Q$48:$Q$54,MIN(MATCH(MIN(MAX(AR33,30),120),Input!$C$48:$C$54,1),6))))) | BM33: =IF(OR(AM33="Sand",BF33=0),0,Input!$AA$38*(AK33/2)^2/(BL33*1E-4*31536000)) | BN33: =MAX(0,MIN(AJ33,Input!$AA$20)-AI33) | BO33: =MAX(0,MIN(AJ33,Input!$AA$20)-MAX(AI33,$AA$22)) | BP33: =MAX(0,MIN(AJ33,$AA$225)-AI33)
C34: 7 | E34: =AI34 | H34: =AJ34 | K34: =AM34 | N34: =AN34 | Q34: =AO34 | T34: =IF(AR34="","-",AR34) | V34: =IF(AT34="","-",AT34) | X34: =AU34 | Z34: =AV34 | AC34: =AW34 | AI34: 9 | AJ34: 10.5 | AK34: =AJ34-AI34 | AL34: =(AI34+AJ34)/2 | AM34: Sand | AN34: 34 | AO34: =IF(AL34>$AA$19,$AA$21,$AA$20) | AP34: =AP33+AO34*AK34 | AQ34: =AP34-AO34*AK34/2-10*MAX(AL34-$AA$19,0) | AT34: =IF(AR34="","",AR34-AS34) | AU34: 0.465 | AV34: =IF(AM34="Sand",0,Input!$AA$31*AN34) | AW34: =IF(AM34="Sand",27.1+0.3*MIN(Input!$AA$32*AN34,60)-0.00054*MIN(Input!$AA$32*AN34,60)^2,MIN(MAX(DEGREES(ASIN(0.8-0.094*LN(MAX(IF(AT34="",10,AT34),5)))),20),30)) | AX34: =IF(AM34="Sand",Input!$AA$33*Input!$AA$32*AN34,Input!$AA$34*AV34) | AY34: =IF(AM34="Sand",Input!$AA$35,0.5) | AZ34: =Input!$AA$15/2/AL34 | BA34: =Input!$AA$16/2/AL34 | BB34: =1/(4*PI())*(2*AZ34*BA34*SQRT(AZ34^2+BA34^2+1)/(AZ34^2+BA34^2+1+AZ34^2*BA34^2)*(AZ34^2+BA34^2+2)/(AZ34^2+BA34^2+1)+ATAN2(AZ34^2+BA34^2+1-AZ34^2*BA34^2,2*AZ34*BA34*SQRT(AZ34^2+BA34^2+1))) | BC34: =4*Input!$AA$14*BB34 | BD34: =((Input!$AA$16/Input!$AA$15)*LN((1+SQRT((Input!$AA$16/Input!$AA$15)^2+1))*SQRT((Input!$AA$16/Input!$AA$15)^2+(AJ34/(Input!$AA$15/2))^2)/((Input!$AA$16/Input!$AA$15)*(1+SQRT((Input!$AA$16/Input!$AA$15)^2+(AJ34/(Input!$AA$15/2))^2+1))))+LN(((Input!$AA$16/Input!$AA$15)+SQRT((Input!$AA$16/Input!$AA$15)^2+1))*SQRT(1+(AJ34/(Input!$AA$15/2))^2)/((Input!$AA$16/Input!$AA$15)+SQRT((Input!$AA$16/Input!$AA$15)^2+(AJ34/(Input!$AA$15/2))^2+1))))/PI() | BE34: =(AJ34/(Input!$AA$15/2))/(2*PI())*ATAN((Input!$AA$16/Input!$AA$15)/((AJ34/(Input!$AA$15/2))*SQRT((Input!$AA$16/Input!$AA$15)^2+(AJ34/(Input!$AA$15/2))^2+1))) | BF34: =MAX(0,AJ34-MAX(AI34,$AA$22))/AK34*IF(BC34>=Input!$AA$21*AQ34,1,0) | BG34: =4*Input!$AA$14*(Input!$AA$15/2)*(1-AY34^2)/AX34*((BD34-BD33)+(1-2*AY34)/(1-AY34)*(BE34-BE33))*1000*BF34 | BH34: =IF(AM34="Sand",0,0.009*(AR34-10)) | BI34: =BH34*Input!$AA$36 | BJ34: =IF(AM34="Sand",0,MAX(AV34/Input!$AA$37,AQ34)) | BK34: =IF(AM34="Sand",0,1000*AK34/(1+AU34)*IF(AQ34+BC34<=BJ34,BI34*LOG10((AQ34+BC34)/AQ34),BI34*LOG10(BJ34/AQ34)+BH34*LOG10((AQ34+BC34)/BJ34)))*BF34 | BL34: =IF(AM34="Sand",0,10^(INDEX(Input!$Q$48:$Q$54,MIN(MATCH(MIN(MAX(AR34,30),120),Input!$C$48:$C$54,1),6))+(MIN(MAX(AR34,30),120)-INDEX(Input!$C$48:$C$54,MIN(MATCH(MIN(MAX(AR34,30),120),Input!$C$48:$C$54,1),6)))/(INDEX(Input!$C$48:$C$54,MIN(MATCH(MIN(MAX(AR34,30),120),Input!$C$48:$C$54,1),6)+1)-INDEX(Input!$C$48:$C$54,MIN(MATCH(MIN(MAX(AR34,30),120),Input!$C$48:$C$54,1),6)))*(INDEX(Input!$Q$48:$Q$54,MIN(MATCH(MIN(MAX(AR34,30),120),Input!$C$48:$C$54,1),6)+1)-INDEX(Input!$Q$48:$Q$54,MIN(MATCH(MIN(MAX(AR34,30),120),Input!$C$48:$C$54,1),6))))) | BM34: =IF(OR(AM34="Sand",BF34=0),0,Input!$AA$38*(AK34/2)^2/(BL34*1E-4*31536000)) | BN34: =MAX(0,MIN(AJ34,Input!$AA$20)-AI34) | BO34: =MAX(0,MIN(AJ34,Input!$AA$20)-MAX(AI34,$AA$22)) | BP34: =MAX(0,MIN(AJ34,$AA$225)-AI34)
C35: 8 | E35: =AI35 | H35: =AJ35 | K35: =AM35 | N35: =AN35 | Q35: =AO35 | T35: =IF(AR35="","-",AR35) | V35: =IF(AT35="","-",AT35) | X35: =AU35 | Z35: =AV35 | AC35: =AW35 | AI35: 10.5 | AJ35: 12 | AK35: =AJ35-AI35 | AL35: =(AI35+AJ35)/2 | AM35: Sand | AN35: 13 | AO35: =IF(AL35>$AA$19,$AA$21,$AA$20) | AP35: =AP34+AO35*AK35 | AQ35: =AP35-AO35*AK35/2-10*MAX(AL35-$AA$19,0) | AT35: =IF(AR35="","",AR35-AS35) | AU35: 0.65 | AV35: =IF(AM35="Sand",0,Input!$AA$31*AN35) | AW35: =IF(AM35="Sand",27.1+0.3*MIN(Input!$AA$32*AN35,60)-0.00054*MIN(Input!$AA$32*AN35,60)^2,MIN(MAX(DEGREES(ASIN(0.8-0.094*LN(MAX(IF(AT35="",10,AT35),5)))),20),30)) | AX35: =IF(AM35="Sand",Input!$AA$33*Input!$AA$32*AN35,Input!$AA$34*AV35) | AY35: =IF(AM35="Sand",Input!$AA$35,0.5) | AZ35: =Input!$AA$15/2/AL35 | BA35: =Input!$AA$16/2/AL35 | BB35: =1/(4*PI())*(2*AZ35*BA35*SQRT(AZ35^2+BA35^2+1)/(AZ35^2+BA35^2+1+AZ35^2*BA35^2)*(AZ35^2+BA35^2+2)/(AZ35^2+BA35^2+1)+ATAN2(AZ35^2+BA35^2+1-AZ35^2*BA35^2,2*AZ35*BA35*SQRT(AZ35^2+BA35^2+1))) | BC35: =4*Input!$AA$14*BB35 | BD35: =((Input!$AA$16/Input!$AA$15)*LN((1+SQRT((Input!$AA$16/Input!$AA$15)^2+1))*SQRT((Input!$AA$16/Input!$AA$15)^2+(AJ35/(Input!$AA$15/2))^2)/((Input!$AA$16/Input!$AA$15)*(1+SQRT((Input!$AA$16/Input!$AA$15)^2+(AJ35/(Input!$AA$15/2))^2+1))))+LN(((Input!$AA$16/Input!$AA$15)+SQRT((Input!$AA$16/Input!$AA$15)^2+1))*SQRT(1+(AJ35/(Input!$AA$15/2))^2)/((Input!$AA$16/Input!$AA$15)+SQRT((Input!$AA$16/Input!$AA$15)^2+(AJ35/(Input!$AA$15/2))^2+1))))/PI() | BE35: =(AJ35/(Input!$AA$15/2))/(2*PI())*ATAN((Input!$AA$16/Input!$AA$15)/((AJ35/(Input!$AA$15/2))*SQRT((Input!$AA$16/Input!$AA$15)^2+(AJ35/(Input!$AA$15/2))^2+1))) | BF35: =MAX(0,AJ35-MAX(AI35,$AA$22))/AK35*IF(BC35>=Input!$AA$21*AQ35,1,0) | BG35: =4*Input!$AA$14*(Input!$AA$15/2)*(1-AY35^2)/AX35*((BD35-BD34)+(1-2*AY35)/(1-AY35)*(BE35-BE34))*1000*BF35 | BH35: =IF(AM35="Sand",0,0.009*(AR35-10)) | BI35: =BH35*Input!$AA$36 | BJ35: =IF(AM35="Sand",0,MAX(AV35/Input!$AA$37,AQ35)) | BK35: =IF(AM35="Sand",0,1000*AK35/(1+AU35)*IF(AQ35+BC35<=BJ35,BI35*LOG10((AQ35+BC35)/AQ35),BI35*LOG10(BJ35/AQ35)+BH35*LOG10((AQ35+BC35)/BJ35)))*BF35 | BL35: =IF(AM35="Sand",0,10^(INDEX(Input!$Q$48:$Q$54,MIN(MATCH(MIN(MAX(AR35,30),120),Input!$C$48:$C$54,1),6))+(MIN(MAX(AR35,30),120)-INDEX(Input!$C$48:$C$54,MIN(MATCH(MIN(MAX(AR35,30),120),Input!$C$48:$C$54,1),6)))/(INDEX(Input!$C$48:$C$54,MIN(MATCH(MIN(MAX(AR35,30),120),Input!$C$48:$C$54,1),6)+1)-INDEX(Input!$C$48:$C$54,MIN(MATCH(MIN(MAX(AR35,30),120),Input!$C$48:$C$54,1),6)))*(INDEX(Input!$Q$48:$Q$54,MIN(MATCH(MIN(MAX(AR35,30),120),Input!$C$48:$C$54,1),6)+1)-INDEX(Input!$Q$48:$Q$54,MIN(MATCH(MIN(MAX(AR35,30),120),Input!$C$48:$C$54,1),6))))) | BM35: =IF(OR(AM35="Sand",BF35=0),0,Input!$AA$38*(AK35/2)^2/(BL35*1E-4*31536000)) | BN35: =MAX(0,MIN(AJ35,Input!$AA$20)-AI35) | BO35: =MAX(0,MIN(AJ35,Input!$AA$20)-MAX(AI35,$AA$22)) | BP35: =MAX(0,MIN(AJ35,$AA$225)-AI35)
C36: 9 | E36: =AI36 | H36: =AJ36 | K36: =AM36 | N36: =AN36 | Q36: =AO36 | T36: =IF(AR36="","-",AR36) | V36: =IF(AT36="","-",AT36) | X36: =AU36 | Z36: =AV36 | AC36: =AW36 | AI36: 12 | AJ36: 13.5 | AK36: =AJ36-AI36 | AL36: =(AI36+AJ36)/2 | AM36: Sand | AN36: 17 | AO36: =IF(AL36>$AA$19,$AA$21,$AA$20) | AP36: =AP35+AO36*AK36 | AQ36: =AP36-AO36*AK36/2-10*MAX(AL36-$AA$19,0) | AT36: =IF(AR36="","",AR36-AS36) | AU36: 0.414 | AV36: =IF(AM36="Sand",0,Input!$AA$31*AN36) | AW36: =IF(AM36="Sand",27.1+0.3*MIN(Input!$AA$32*AN36,60)-0.00054*MIN(Input!$AA$32*AN36,60)^2,MIN(MAX(DEGREES(ASIN(0.8-0.094*LN(MAX(IF(AT36="",10,AT36),5)))),20),30)) | AX36: =IF(AM36="Sand",Input!$AA$33*Input!$AA$32*AN36,Input!$AA$34*AV36) | AY36: =IF(AM36="Sand",Input!$AA$35,0.5) | AZ36: =Input!$AA$15/2/AL36 | BA36: =Input!$AA$16/2/AL36 | BB36: =1/(4*PI())*(2*AZ36*BA36*SQRT(AZ36^2+BA36^2+1)/(AZ36^2+BA36^2+1+AZ36^2*BA36^2)*(AZ36^2+BA36^2+2)/(AZ36^2+BA36^2+1)+ATAN2(AZ36^2+BA36^2+1-AZ36^2*BA36^2,2*AZ36*BA36*SQRT(AZ36^2+BA36^2+1))) | BC36: =4*Input!$AA$14*BB36 | BD36: =((Input!$AA$16/Input!$AA$15)*LN((1+SQRT((Input!$AA$16/Input!$AA$15)^2+1))*SQRT((Input!$AA$16/Input!$AA$15)^2+(AJ36/(Input!$AA$15/2))^2)/((Input!$AA$16/Input!$AA$15)*(1+SQRT((Input!$AA$16/Input!$AA$15)^2+(AJ36/(Input!$AA$15/2))^2+1))))+LN(((Input!$AA$16/Input!$AA$15)+SQRT((Input!$AA$16/Input!$AA$15)^2+1))*SQRT(1+(AJ36/(Input!$AA$15/2))^2)/((Input!$AA$16/Input!$AA$15)+SQRT((Input!$AA$16/Input!$AA$15)^2+(AJ36/(Input!$AA$15/2))^2+1))))/PI() | BE36: =(AJ36/(Input!$AA$15/2))/(2*PI())*ATAN((Input!$AA$16/Input!$AA$15)/((AJ36/(Input!$AA$15/2))*SQRT((Input!$AA$16/Input!$AA$15)^2+(AJ36/(Input!$AA$15/2))^2+1))) | BF36: =MAX(0,AJ36-MAX(AI36,$AA$22))/AK36*IF(BC36>=Input!$AA$21*AQ36,1,0) | BG36: =4*Input!$AA$14*(Input!$AA$15/2)*(1-AY36^2)/AX36*((BD36-BD35)+(1-2*AY36)/(1-AY36)*(BE36-BE35))*1000*BF36 | BH36: =IF(AM36="Sand",0,0.009*(AR36-10)) | BI36: =BH36*Input!$AA$36 | BJ36: =IF(AM36="Sand",0,MAX(AV36/Input!$AA$37,AQ36)) | BK36: =IF(AM36="Sand",0,1000*AK36/(1+AU36)*IF(AQ36+BC36<=BJ36,BI36*LOG10((AQ36+BC36)/AQ36),BI36*LOG10(BJ36/AQ36)+BH36*LOG10((AQ36+BC36)/BJ36)))*BF36 | BL36: =IF(AM36="Sand",0,10^(INDEX(Input!$Q$48:$Q$54,MIN(MATCH(MIN(MAX(AR36,30),120),Input!$C$48:$C$54,1),6))+(MIN(MAX(AR36,30),120)-INDEX(Input!$C$48:$C$54,MIN(MATCH(MIN(MAX(AR36,30),120),Input!$C$48:$C$54,1),6)))/(INDEX(Input!$C$48:$C$54,MIN(MATCH(MIN(MAX(AR36,30),120),Input!$C$48:$C$54,1),6)+1)-INDEX(Input!$C$48:$C$54,MIN(MATCH(MIN(MAX(AR36,30),120),Input!$C$48:$C$54,1),6)))*(INDEX(Input!$Q$48:$Q$54,MIN(MATCH(MIN(MAX(AR36,30),120),Input!$C$48:$C$54,1),6)+1)-INDEX(Input!$Q$48:$Q$54,MIN(MATCH(MIN(MAX(AR36,30),120),Input!$C$48:$C$54,1),6))))) | BM36: =IF(OR(AM36="Sand",BF36=0),0,Input!$AA$38*(AK36/2)^2/(BL36*1E-4*31536000)) | BN36: =MAX(0,MIN(AJ36,Input!$AA$20)-AI36) | BO36: =MAX(0,MIN(AJ36,Input!$AA$20)-MAX(AI36,$AA$22)) | BP36: =MAX(0,MIN(AJ36,$AA$225)-AI36)
C37: 10 | E37: =AI37 | H37: =AJ37 | K37: =AM37 | N37: =AN37 | Q37: =AO37 | T37: =IF(AR37="","-",AR37) | V37: =IF(AT37="","-",AT37) | X37: =AU37 | Z37: =AV37 | AC37: =AW37 | AI37: 13.5 | AJ37: 15 | AK37: =AJ37-AI37 | AL37: =(AI37+AJ37)/2 | AM37: Sand | AN37: 18 | AO37: =IF(AL37>$AA$19,$AA$21,$AA$20) | AP37: =AP36+AO37*AK37 | AQ37: =AP37-AO37*AK37/2-10*MAX(AL37-$AA$19,0) | AT37: =IF(AR37="","",AR37-AS37) | AU37: 0.747 | AV37: =IF(AM37="Sand",0,Input!$AA$31*AN37) | AW37: =IF(AM37="Sand",27.1+0.3*MIN(Input!$AA$32*AN37,60)-0.00054*MIN(Input!$AA$32*AN37,60)^2,MIN(MAX(DEGREES(ASIN(0.8-0.094*LN(MAX(IF(AT37="",10,AT37),5)))),20),30)) | AX37: =IF(AM37="Sand",Input!$AA$33*Input!$AA$32*AN37,Input!$AA$34*AV37) | AY37: =IF(AM37="Sand",Input!$AA$35,0.5) | AZ37: =Input!$AA$15/2/AL37 | BA37: =Input!$AA$16/2/AL37 | BB37: =1/(4*PI())*(2*AZ37*BA37*SQRT(AZ37^2+BA37^2+1)/(AZ37^2+BA37^2+1+AZ37^2*BA37^2)*(AZ37^2+BA37^2+2)/(AZ37^2+BA37^2+1)+ATAN2(AZ37^2+BA37^2+1-AZ37^2*BA37^2,2*AZ37*BA37*SQRT(AZ37^2+BA37^2+1))) | BC37: =4*Input!$AA$14*BB37 | BD37: =((Input!$AA$16/Input!$AA$15)*LN((1+SQRT((Input!$AA$16/Input!$AA$15)^2+1))*SQRT((Input!$AA$16/Input!$AA$15)^2+(AJ37/(Input!$AA$15/2))^2)/((Input!$AA$16/Input!$AA$15)*(1+SQRT((Input!$AA$16/Input!$AA$15)^2+(AJ37/(Input!$AA$15/2))^2+1))))+LN(((Input!$AA$16/Input!$AA$15)+SQRT((Input!$AA$16/Input!$AA$15)^2+1))*SQRT(1+(AJ37/(Input!$AA$15/2))^2)/((Input!$AA$16/Input!$AA$15)+SQRT((Input!$AA$16/Input!$AA$15)^2+(AJ37/(Input!$AA$15/2))^2+1))))/PI() | BE37: =(AJ37/(Input!$AA$15/2))/(2*PI())*ATAN((Input!$AA$16/Input!$AA$15)/((AJ37/(Input!$AA$15/2))*SQRT((Input!$AA$16/Input!$AA$15)^2+(AJ37/(Input!$AA$15/2))^2+1))) | BF37: =MAX(0,AJ37-MAX(AI37,$AA$22))/AK37*IF(BC37>=Input!$AA$21*AQ37,1,0) | BG37: =4*Input!$AA$14*(Input!$AA$15/2)*(1-AY37^2)/AX37*((BD37-BD36)+(1-2*AY37)/(1-AY37)*(BE37-BE36))*1000*BF37 | BH37: =IF(AM37="Sand",0,0.009*(AR37-10)) | BI37: =BH37*Input!$AA$36 | BJ37: =IF(AM37="Sand",0,MAX(AV37/Input!$AA$37,AQ37)) | BK37: =IF(AM37="Sand",0,1000*AK37/(1+AU37)*IF(AQ37+BC37<=BJ37,BI37*LOG10((AQ37+BC37)/AQ37),BI37*LOG10(BJ37/AQ37)+BH37*LOG10((AQ37+BC37)/BJ37)))*BF37 | BL37: =IF(AM37="Sand",0,10^(INDEX(Input!$Q$48:$Q$54,MIN(MATCH(MIN(MAX(AR37,30),120),Input!$C$48:$C$54,1),6))+(MIN(MAX(AR37,30),120)-INDEX(Input!$C$48:$C$54,MIN(MATCH(MIN(MAX(AR37,30),120),Input!$C$48:$C$54,1),6)))/(INDEX(Input!$C$48:$C$54,MIN(MATCH(MIN(MAX(AR37,30),120),Input!$C$48:$C$54,1),6)+1)-INDEX(Input!$C$48:$C$54,MIN(MATCH(MIN(MAX(AR37,30),120),Input!$C$48:$C$54,1),6)))*(INDEX(Input!$Q$48:$Q$54,MIN(MATCH(MIN(MAX(AR37,30),120),Input!$C$48:$C$54,1),6)+1)-INDEX(Input!$Q$48:$Q$54,MIN(MATCH(MIN(MAX(AR37,30),120),Input!$C$48:$C$54,1),6))))) | BM37: =IF(OR(AM37="Sand",BF37=0),0,Input!$AA$38*(AK37/2)^2/(BL37*1E-4*31536000)) | BN37: =MAX(0,MIN(AJ37,Input!$AA$20)-AI37) | BO37: =MAX(0,MIN(AJ37,Input!$AA$20)-MAX(AI37,$AA$22)) | BP37: =MAX(0,MIN(AJ37,$AA$225)-AI37)
C38: 11 | E38: =AI38 | H38: =AJ38 | K38: =AM38 | N38: =AN38 | Q38: =AO38 | T38: =IF(AR38="","-",AR38) | V38: =IF(AT38="","-",AT38) | X38: =AU38 | Z38: =AV38 | AC38: =AW38 | AI38: 15 | AJ38: 16.5 | AK38: =AJ38-AI38 | AL38: =(AI38+AJ38)/2 | AM38: Sand | AN38: 19 | AO38: =IF(AL38>$AA$19,$AA$21,$AA$20) | AP38: =AP37+AO38*AK38 | AQ38: =AP38-AO38*AK38/2-10*MAX(AL38-$AA$19,0) | AT38: =IF(AR38="","",AR38-AS38) | AU38: 0.65 | AV38: =IF(AM38="Sand",0,Input!$AA$31*AN38) | AW38: =IF(AM38="Sand",27.1+0.3*MIN(Input!$AA$32*AN38,60)-0.00054*MIN(Input!$AA$32*AN38,60)^2,MIN(MAX(DEGREES(ASIN(0.8-0.094*LN(MAX(IF(AT38="",10,AT38),5)))),20),30)) | AX38: =IF(AM38="Sand",Input!$AA$33*Input!$AA$32*AN38,Input!$AA$34*AV38) | AY38: =IF(AM38="Sand",Input!$AA$35,0.5) | AZ38: =Input!$AA$15/2/AL38 | BA38: =Input!$AA$16/2/AL38 | BB38: =1/(4*PI())*(2*AZ38*BA38*SQRT(AZ38^2+BA38^2+1)/(AZ38^2+BA38^2+1+AZ38^2*BA38^2)*(AZ38^2+BA38^2+2)/(AZ38^2+BA38^2+1)+ATAN2(AZ38^2+BA38^2+1-AZ38^2*BA38^2,2*AZ38*BA38*SQRT(AZ38^2+BA38^2+1))) | BC38: =4*Input!$AA$14*BB38 | BD38: =((Input!$AA$16/Input!$AA$15)*LN((1+SQRT((Input!$AA$16/Input!$AA$15)^2+1))*SQRT((Input!$AA$16/Input!$AA$15)^2+(AJ38/(Input!$AA$15/2))^2)/((Input!$AA$16/Input!$AA$15)*(1+SQRT((Input!$AA$16/Input!$AA$15)^2+(AJ38/(Input!$AA$15/2))^2+1))))+LN(((Input!$AA$16/Input!$AA$15)+SQRT((Input!$AA$16/Input!$AA$15)^2+1))*SQRT(1+(AJ38/(Input!$AA$15/2))^2)/((Input!$AA$16/Input!$AA$15)+SQRT((Input!$AA$16/Input!$AA$15)^2+(AJ38/(Input!$AA$15/2))^2+1))))/PI() | BE38: =(AJ38/(Input!$AA$15/2))/(2*PI())*ATAN((Input!$AA$16/Input!$AA$15)/((AJ38/(Input!$AA$15/2))*SQRT((Input!$AA$16/Input!$AA$15)^2+(AJ38/(Input!$AA$15/2))^2+1))) | BF38: =MAX(0,AJ38-MAX(AI38,$AA$22))/AK38*IF(BC38>=Input!$AA$21*AQ38,1,0) | BG38: =4*Input!$AA$14*(Input!$AA$15/2)*(1-AY38^2)/AX38*((BD38-BD37)+(1-2*AY38)/(1-AY38)*(BE38-BE37))*1000*BF38 | BH38: =IF(AM38="Sand",0,0.009*(AR38-10)) | BI38: =BH38*Input!$AA$36 | BJ38: =IF(AM38="Sand",0,MAX(AV38/Input!$AA$37,AQ38)) | BK38: =IF(AM38="Sand",0,1000*AK38/(1+AU38)*IF(AQ38+BC38<=BJ38,BI38*LOG10((AQ38+BC38)/AQ38),BI38*LOG10(BJ38/AQ38)+BH38*LOG10((AQ38+BC38)/BJ38)))*BF38 | BL38: =IF(AM38="Sand",0,10^(INDEX(Input!$Q$48:$Q$54,MIN(MATCH(MIN(MAX(AR38,30),120),Input!$C$48:$C$54,1),6))+(MIN(MAX(AR38,30),120)-INDEX(Input!$C$48:$C$54,MIN(MATCH(MIN(MAX(AR38,30),120),Input!$C$48:$C$54,1),6)))/(INDEX(Input!$C$48:$C$54,MIN(MATCH(MIN(MAX(AR38,30),120),Input!$C$48:$C$54,1),6)+1)-INDEX(Input!$C$48:$C$54,MIN(MATCH(MIN(MAX(AR38,30),120),Input!$C$48:$C$54,1),6)))*(INDEX(Input!$Q$48:$Q$54,MIN(MATCH(MIN(MAX(AR38,30),120),Input!$C$48:$C$54,1),6)+1)-INDEX(Input!$Q$48:$Q$54,MIN(MATCH(MIN(MAX(AR38,30),120),Input!$C$48:$C$54,1),6))))) | BM38: =IF(OR(AM38="Sand",BF38=0),0,Input!$AA$38*(AK38/2)^2/(BL38*1E-4*31536000)) | BN38: =MAX(0,MIN(AJ38,Input!$AA$20)-AI38) | BO38: =MAX(0,MIN(AJ38,Input!$AA$20)-MAX(AI38,$AA$22)) | BP38: =MAX(0,MIN(AJ38,$AA$225)-AI38)
C39: 12 | E39: =AI39 | H39: =AJ39 | K39: =AM39 | N39: =AN39 | Q39: =AO39 | T39: =IF(AR39="","-",AR39) | V39: =IF(AT39="","-",AT39) | X39: =AU39 | Z39: =AV39 | AC39: =AW39 | AI39: 16.5 | AJ39: 18 | AK39: =AJ39-AI39 | AL39: =(AI39+AJ39)/2 | AM39: Sand | AN39: 12 | AO39: =IF(AL39>$AA$19,$AA$21,$AA$20) | AP39: =AP38+AO39*AK39 | AQ39: =AP39-AO39*AK39/2-10*MAX(AL39-$AA$19,0) | AT39: =IF(AR39="","",AR39-AS39) | AU39: 0.48 | AV39: =IF(AM39="Sand",0,Input!$AA$31*AN39) | AW39: =IF(AM39="Sand",27.1+0.3*MIN(Input!$AA$32*AN39,60)-0.00054*MIN(Input!$AA$32*AN39,60)^2,MIN(MAX(DEGREES(ASIN(0.8-0.094*LN(MAX(IF(AT39="",10,AT39),5)))),20),30)) | AX39: =IF(AM39="Sand",Input!$AA$33*Input!$AA$32*AN39,Input!$AA$34*AV39) | AY39: =IF(AM39="Sand",Input!$AA$35,0.5) | AZ39: =Input!$AA$15/2/AL39 | BA39: =Input!$AA$16/2/AL39 | BB39: =1/(4*PI())*(2*AZ39*BA39*SQRT(AZ39^2+BA39^2+1)/(AZ39^2+BA39^2+1+AZ39^2*BA39^2)*(AZ39^2+BA39^2+2)/(AZ39^2+BA39^2+1)+ATAN2(AZ39^2+BA39^2+1-AZ39^2*BA39^2,2*AZ39*BA39*SQRT(AZ39^2+BA39^2+1))) | BC39: =4*Input!$AA$14*BB39 | BD39: =((Input!$AA$16/Input!$AA$15)*LN((1+SQRT((Input!$AA$16/Input!$AA$15)^2+1))*SQRT((Input!$AA$16/Input!$AA$15)^2+(AJ39/(Input!$AA$15/2))^2)/((Input!$AA$16/Input!$AA$15)*(1+SQRT((Input!$AA$16/Input!$AA$15)^2+(AJ39/(Input!$AA$15/2))^2+1))))+LN(((Input!$AA$16/Input!$AA$15)+SQRT((Input!$AA$16/Input!$AA$15)^2+1))*SQRT(1+(AJ39/(Input!$AA$15/2))^2)/((Input!$AA$16/Input!$AA$15)+SQRT((Input!$AA$16/Input!$AA$15)^2+(AJ39/(Input!$AA$15/2))^2+1))))/PI() | BE39: =(AJ39/(Input!$AA$15/2))/(2*PI())*ATAN((Input!$AA$16/Input!$AA$15)/((AJ39/(Input!$AA$15/2))*SQRT((Input!$AA$16/Input!$AA$15)^2+(AJ39/(Input!$AA$15/2))^2+1))) | BF39: =MAX(0,AJ39-MAX(AI39,$AA$22))/AK39*IF(BC39>=Input!$AA$21*AQ39,1,0) | BG39: =4*Input!$AA$14*(Input!$AA$15/2)*(1-AY39^2)/AX39*((BD39-BD38)+(1-2*AY39)/(1-AY39)*(BE39-BE38))*1000*BF39 | BH39: =IF(AM39="Sand",0,0.009*(AR39-10)) | BI39: =BH39*Input!$AA$36 | BJ39: =IF(AM39="Sand",0,MAX(AV39/Input!$AA$37,AQ39)) | BK39: =IF(AM39="Sand",0,1000*AK39/(1+AU39)*IF(AQ39+BC39<=BJ39,BI39*LOG10((AQ39+BC39)/AQ39),BI39*LOG10(BJ39/AQ39)+BH39*LOG10((AQ39+BC39)/BJ39)))*BF39 | BL39: =IF(AM39="Sand",0,10^(INDEX(Input!$Q$48:$Q$54,MIN(MATCH(MIN(MAX(AR39,30),120),Input!$C$48:$C$54,1),6))+(MIN(MAX(AR39,30),120)-INDEX(Input!$C$48:$C$54,MIN(MATCH(MIN(MAX(AR39,30),120),Input!$C$48:$C$54,1),6)))/(INDEX(Input!$C$48:$C$54,MIN(MATCH(MIN(MAX(AR39,30),120),Input!$C$48:$C$54,1),6)+1)-INDEX(Input!$C$48:$C$54,MIN(MATCH(MIN(MAX(AR39,30),120),Input!$C$48:$C$54,1),6)))*(INDEX(Input!$Q$48:$Q$54,MIN(MATCH(MIN(MAX(AR39,30),120),Input!$C$48:$C$54,1),6)+1)-INDEX(Input!$Q$48:$Q$54,MIN(MATCH(MIN(MAX(AR39,30),120),Input!$C$48:$C$54,1),6))))) | BM39: =IF(OR(AM39="Sand",BF39=0),0,Input!$AA$38*(AK39/2)^2/(BL39*1E-4*31536000)) | BN39: =MAX(0,MIN(AJ39,Input!$AA$20)-AI39) | BO39: =MAX(0,MIN(AJ39,Input!$AA$20)-MAX(AI39,$AA$22)) | BP39: =MAX(0,MIN(AJ39,$AA$225)-AI39)
C40: 13 | E40: =AI40 | H40: =AJ40 | K40: =AM40 | N40: =AN40 | Q40: =AO40 | T40: =IF(AR40="","-",AR40) | V40: =IF(AT40="","-",AT40) | X40: =AU40 | Z40: =AV40 | AC40: =AW40 | AI40: 18 | AJ40: 19.5 | AK40: =AJ40-AI40 | AL40: =(AI40+AJ40)/2 | AM40: Sand | AN40: 42 | AO40: =IF(AL40>$AA$19,$AA$21,$AA$20) | AP40: =AP39+AO40*AK40 | AQ40: =AP40-AO40*AK40/2-10*MAX(AL40-$AA$19,0) | AT40: =IF(AR40="","",AR40-AS40) | AU40: 0.65 | AV40: =IF(AM40="Sand",0,Input!$AA$31*AN40) | AW40: =IF(AM40="Sand",27.1+0.3*MIN(Input!$AA$32*AN40,60)-0.00054*MIN(Input!$AA$32*AN40,60)^2,MIN(MAX(DEGREES(ASIN(0.8-0.094*LN(MAX(IF(AT40="",10,AT40),5)))),20),30)) | AX40: =IF(AM40="Sand",Input!$AA$33*Input!$AA$32*AN40,Input!$AA$34*AV40) | AY40: =IF(AM40="Sand",Input!$AA$35,0.5) | AZ40: =Input!$AA$15/2/AL40 | BA40: =Input!$AA$16/2/AL40 | BB40: =1/(4*PI())*(2*AZ40*BA40*SQRT(AZ40^2+BA40^2+1)/(AZ40^2+BA40^2+1+AZ40^2*BA40^2)*(AZ40^2+BA40^2+2)/(AZ40^2+BA40^2+1)+ATAN2(AZ40^2+BA40^2+1-AZ40^2*BA40^2,2*AZ40*BA40*SQRT(AZ40^2+BA40^2+1))) | BC40: =4*Input!$AA$14*BB40 | BD40: =((Input!$AA$16/Input!$AA$15)*LN((1+SQRT((Input!$AA$16/Input!$AA$15)^2+1))*SQRT((Input!$AA$16/Input!$AA$15)^2+(AJ40/(Input!$AA$15/2))^2)/((Input!$AA$16/Input!$AA$15)*(1+SQRT((Input!$AA$16/Input!$AA$15)^2+(AJ40/(Input!$AA$15/2))^2+1))))+LN(((Input!$AA$16/Input!$AA$15)+SQRT((Input!$AA$16/Input!$AA$15)^2+1))*SQRT(1+(AJ40/(Input!$AA$15/2))^2)/((Input!$AA$16/Input!$AA$15)+SQRT((Input!$AA$16/Input!$AA$15)^2+(AJ40/(Input!$AA$15/2))^2+1))))/PI() | BE40: =(AJ40/(Input!$AA$15/2))/(2*PI())*ATAN((Input!$AA$16/Input!$AA$15)/((AJ40/(Input!$AA$15/2))*SQRT((Input!$AA$16/Input!$AA$15)^2+(AJ40/(Input!$AA$15/2))^2+1))) | BF40: =MAX(0,AJ40-MAX(AI40,$AA$22))/AK40*IF(BC40>=Input!$AA$21*AQ40,1,0) | BG40: =4*Input!$AA$14*(Input!$AA$15/2)*(1-AY40^2)/AX40*((BD40-BD39)+(1-2*AY40)/(1-AY40)*(BE40-BE39))*1000*BF40 | BH40: =IF(AM40="Sand",0,0.009*(AR40-10)) | BI40: =BH40*Input!$AA$36 | BJ40: =IF(AM40="Sand",0,MAX(AV40/Input!$AA$37,AQ40)) | BK40: =IF(AM40="Sand",0,1000*AK40/(1+AU40)*IF(AQ40+BC40<=BJ40,BI40*LOG10((AQ40+BC40)/AQ40),BI40*LOG10(BJ40/AQ40)+BH40*LOG10((AQ40+BC40)/BJ40)))*BF40 | BL40: =IF(AM40="Sand",0,10^(INDEX(Input!$Q$48:$Q$54,MIN(MATCH(MIN(MAX(AR40,30),120),Input!$C$48:$C$54,1),6))+(MIN(MAX(AR40,30),120)-INDEX(Input!$C$48:$C$54,MIN(MATCH(MIN(MAX(AR40,30),120),Input!$C$48:$C$54,1),6)))/(INDEX(Input!$C$48:$C$54,MIN(MATCH(MIN(MAX(AR40,30),120),Input!$C$48:$C$54,1),6)+1)-INDEX(Input!$C$48:$C$54,MIN(MATCH(MIN(MAX(AR40,30),120),Input!$C$48:$C$54,1),6)))*(INDEX(Input!$Q$48:$Q$54,MIN(MATCH(MIN(MAX(AR40,30),120),Input!$C$48:$C$54,1),6)+1)-INDEX(Input!$Q$48:$Q$54,MIN(MATCH(MIN(MAX(AR40,30),120),Input!$C$48:$C$54,1),6))))) | BM40: =IF(OR(AM40="Sand",BF40=0),0,Input!$AA$38*(AK40/2)^2/(BL40*1E-4*31536000)) | BN40: =MAX(0,MIN(AJ40,Input!$AA$20)-AI40) | BO40: =MAX(0,MIN(AJ40,Input!$AA$20)-MAX(AI40,$AA$22)) | BP40: =MAX(0,MIN(AJ40,$AA$225)-AI40)
C41: 14 | E41: =AI41 | H41: =AJ41 | K41: =AM41 | N41: =AN41 | Q41: =AO41 | T41: =IF(AR41="","-",AR41) | V41: =IF(AT41="","-",AT41) | X41: =AU41 | Z41: =AV41 | AC41: =AW41 | AI41: 19.5 | AJ41: 21 | AK41: =AJ41-AI41 | AL41: =(AI41+AJ41)/2 | AM41: Sand | AN41: 49 | AO41: =IF(AL41>$AA$19,$AA$21,$AA$20) | AP41: =AP40+AO41*AK41 | AQ41: =AP41-AO41*AK41/2-10*MAX(AL41-$AA$19,0) | AT41: =IF(AR41="","",AR41-AS41) | AU41: 0.848 | AV41: =IF(AM41="Sand",0,Input!$AA$31*AN41) | AW41: =IF(AM41="Sand",27.1+0.3*MIN(Input!$AA$32*AN41,60)-0.00054*MIN(Input!$AA$32*AN41,60)^2,MIN(MAX(DEGREES(ASIN(0.8-0.094*LN(MAX(IF(AT41="",10,AT41),5)))),20),30)) | AX41: =IF(AM41="Sand",Input!$AA$33*Input!$AA$32*AN41,Input!$AA$34*AV41) | AY41: =IF(AM41="Sand",Input!$AA$35,0.5) | AZ41: =Input!$AA$15/2/AL41 | BA41: =Input!$AA$16/2/AL41 | BB41: =1/(4*PI())*(2*AZ41*BA41*SQRT(AZ41^2+BA41^2+1)/(AZ41^2+BA41^2+1+AZ41^2*BA41^2)*(AZ41^2+BA41^2+2)/(AZ41^2+BA41^2+1)+ATAN2(AZ41^2+BA41^2+1-AZ41^2*BA41^2,2*AZ41*BA41*SQRT(AZ41^2+BA41^2+1))) | BC41: =4*Input!$AA$14*BB41 | BD41: =((Input!$AA$16/Input!$AA$15)*LN((1+SQRT((Input!$AA$16/Input!$AA$15)^2+1))*SQRT((Input!$AA$16/Input!$AA$15)^2+(AJ41/(Input!$AA$15/2))^2)/((Input!$AA$16/Input!$AA$15)*(1+SQRT((Input!$AA$16/Input!$AA$15)^2+(AJ41/(Input!$AA$15/2))^2+1))))+LN(((Input!$AA$16/Input!$AA$15)+SQRT((Input!$AA$16/Input!$AA$15)^2+1))*SQRT(1+(AJ41/(Input!$AA$15/2))^2)/((Input!$AA$16/Input!$AA$15)+SQRT((Input!$AA$16/Input!$AA$15)^2+(AJ41/(Input!$AA$15/2))^2+1))))/PI() | BE41: =(AJ41/(Input!$AA$15/2))/(2*PI())*ATAN((Input!$AA$16/Input!$AA$15)/((AJ41/(Input!$AA$15/2))*SQRT((Input!$AA$16/Input!$AA$15)^2+(AJ41/(Input!$AA$15/2))^2+1))) | BF41: =MAX(0,AJ41-MAX(AI41,$AA$22))/AK41*IF(BC41>=Input!$AA$21*AQ41,1,0) | BG41: =4*Input!$AA$14*(Input!$AA$15/2)*(1-AY41^2)/AX41*((BD41-BD40)+(1-2*AY41)/(1-AY41)*(BE41-BE40))*1000*BF41 | BH41: =IF(AM41="Sand",0,0.009*(AR41-10)) | BI41: =BH41*Input!$AA$36 | BJ41: =IF(AM41="Sand",0,MAX(AV41/Input!$AA$37,AQ41)) | BK41: =IF(AM41="Sand",0,1000*AK41/(1+AU41)*IF(AQ41+BC41<=BJ41,BI41*LOG10((AQ41+BC41)/AQ41),BI41*LOG10(BJ41/AQ41)+BH41*LOG10((AQ41+BC41)/BJ41)))*BF41 | BL41: =IF(AM41="Sand",0,10^(INDEX(Input!$Q$48:$Q$54,MIN(MATCH(MIN(MAX(AR41,30),120),Input!$C$48:$C$54,1),6))+(MIN(MAX(AR41,30),120)-INDEX(Input!$C$48:$C$54,MIN(MATCH(MIN(MAX(AR41,30),120),Input!$C$48:$C$54,1),6)))/(INDEX(Input!$C$48:$C$54,MIN(MATCH(MIN(MAX(AR41,30),120),Input!$C$48:$C$54,1),6)+1)-INDEX(Input!$C$48:$C$54,MIN(MATCH(MIN(MAX(AR41,30),120),Input!$C$48:$C$54,1),6)))*(INDEX(Input!$Q$48:$Q$54,MIN(MATCH(MIN(MAX(AR41,30),120),Input!$C$48:$C$54,1),6)+1)-INDEX(Input!$Q$48:$Q$54,MIN(MATCH(MIN(MAX(AR41,30),120),Input!$C$48:$C$54,1),6))))) | BM41: =IF(OR(AM41="Sand",BF41=0),0,Input!$AA$38*(AK41/2)^2/(BL41*1E-4*31536000)) | BN41: =MAX(0,MIN(AJ41,Input!$AA$20)-AI41) | BO41: =MAX(0,MIN(AJ41,Input!$AA$20)-MAX(AI41,$AA$22)) | BP41: =MAX(0,MIN(AJ41,$AA$225)-AI41)
C42: 15 | E42: =AI42 | H42: =AJ42 | K42: =AM42 | N42: =AN42 | Q42: =AO42 | T42: =IF(AR42="","-",AR42) | V42: =IF(AT42="","-",AT42) | X42: =AU42 | Z42: =AV42 | AC42: =AW42 | AI42: 21 | AJ42: 22.5 | AK42: =AJ42-AI42 | AL42: =(AI42+AJ42)/2 | AM42: Sand | AN42: 49 | AO42: =IF(AL42>$AA$19,$AA$21,$AA$20) | AP42: =AP41+AO42*AK42 | AQ42: =AP42-AO42*AK42/2-10*MAX(AL42-$AA$19,0) | AT42: =IF(AR42="","",AR42-AS42) | AU42: 0.65 | AV42: =IF(AM42="Sand",0,Input!$AA$31*AN42) | AW42: =IF(AM42="Sand",27.1+0.3*MIN(Input!$AA$32*AN42,60)-0.00054*MIN(Input!$AA$32*AN42,60)^2,MIN(MAX(DEGREES(ASIN(0.8-0.094*LN(MAX(IF(AT42="",10,AT42),5)))),20),30)) | AX42: =IF(AM42="Sand",Input!$AA$33*Input!$AA$32*AN42,Input!$AA$34*AV42) | AY42: =IF(AM42="Sand",Input!$AA$35,0.5) | AZ42: =Input!$AA$15/2/AL42 | BA42: =Input!$AA$16/2/AL42 | BB42: =1/(4*PI())*(2*AZ42*BA42*SQRT(AZ42^2+BA42^2+1)/(AZ42^2+BA42^2+1+AZ42^2*BA42^2)*(AZ42^2+BA42^2+2)/(AZ42^2+BA42^2+1)+ATAN2(AZ42^2+BA42^2+1-AZ42^2*BA42^2,2*AZ42*BA42*SQRT(AZ42^2+BA42^2+1))) | BC42: =4*Input!$AA$14*BB42 | BD42: =((Input!$AA$16/Input!$AA$15)*LN((1+SQRT((Input!$AA$16/Input!$AA$15)^2+1))*SQRT((Input!$AA$16/Input!$AA$15)^2+(AJ42/(Input!$AA$15/2))^2)/((Input!$AA$16/Input!$AA$15)*(1+SQRT((Input!$AA$16/Input!$AA$15)^2+(AJ42/(Input!$AA$15/2))^2+1))))+LN(((Input!$AA$16/Input!$AA$15)+SQRT((Input!$AA$16/Input!$AA$15)^2+1))*SQRT(1+(AJ42/(Input!$AA$15/2))^2)/((Input!$AA$16/Input!$AA$15)+SQRT((Input!$AA$16/Input!$AA$15)^2+(AJ42/(Input!$AA$15/2))^2+1))))/PI() | BE42: =(AJ42/(Input!$AA$15/2))/(2*PI())*ATAN((Input!$AA$16/Input!$AA$15)/((AJ42/(Input!$AA$15/2))*SQRT((Input!$AA$16/Input!$AA$15)^2+(AJ42/(Input!$AA$15/2))^2+1))) | BF42: =MAX(0,AJ42-MAX(AI42,$AA$22))/AK42*IF(BC42>=Input!$AA$21*AQ42,1,0) | BG42: =4*Input!$AA$14*(Input!$AA$15/2)*(1-AY42^2)/AX42*((BD42-BD41)+(1-2*AY42)/(1-AY42)*(BE42-BE41))*1000*BF42 | BH42: =IF(AM42="Sand",0,0.009*(AR42-10)) | BI42: =BH42*Input!$AA$36 | BJ42: =IF(AM42="Sand",0,MAX(AV42/Input!$AA$37,AQ42)) | BK42: =IF(AM42="Sand",0,1000*AK42/(1+AU42)*IF(AQ42+BC42<=BJ42,BI42*LOG10((AQ42+BC42)/AQ42),BI42*LOG10(BJ42/AQ42)+BH42*LOG10((AQ42+BC42)/BJ42)))*BF42 | BL42: =IF(AM42="Sand",0,10^(INDEX(Input!$Q$48:$Q$54,MIN(MATCH(MIN(MAX(AR42,30),120),Input!$C$48:$C$54,1),6))+(MIN(MAX(AR42,30),120)-INDEX(Input!$C$48:$C$54,MIN(MATCH(MIN(MAX(AR42,30),120),Input!$C$48:$C$54,1),6)))/(INDEX(Input!$C$48:$C$54,MIN(MATCH(MIN(MAX(AR42,30),120),Input!$C$48:$C$54,1),6)+1)-INDEX(Input!$C$48:$C$54,MIN(MATCH(MIN(MAX(AR42,30),120),Input!$C$48:$C$54,1),6)))*(INDEX(Input!$Q$48:$Q$54,MIN(MATCH(MIN(MAX(AR42,30),120),Input!$C$48:$C$54,1),6)+1)-INDEX(Input!$Q$48:$Q$54,MIN(MATCH(MIN(MAX(AR42,30),120),Input!$C$48:$C$54,1),6))))) | BM42: =IF(OR(AM42="Sand",BF42=0),0,Input!$AA$38*(AK42/2)^2/(BL42*1E-4*31536000)) | BN42: =MAX(0,MIN(AJ42,Input!$AA$20)-AI42) | BO42: =MAX(0,MIN(AJ42,Input!$AA$20)-MAX(AI42,$AA$22)) | BP42: =MAX(0,MIN(AJ42,$AA$225)-AI42)
C43: 16 | E43: =AI43 | H43: =AJ43 | K43: =AM43 | N43: =AN43 | Q43: =AO43 | T43: =IF(AR43="","-",AR43) | V43: =IF(AT43="","-",AT43) | X43: =AU43 | Z43: =AV43 | AC43: =AW43 | AI43: 22.5 | AJ43: 24 | AK43: =AJ43-AI43 | AL43: =(AI43+AJ43)/2 | AM43: Clay | AN43: 44 | AO43: =IF(AL43>$AA$19,$AA$21,$AA$20) | AP43: =AP42+AO43*AK43 | AQ43: =AP43-AO43*AK43/2-10*MAX(AL43-$AA$19,0) | AR43: 31.31 | AS43: 20.24 | AT43: =IF(AR43="","",AR43-AS43) | AU43: 0.662 | AV43: =IF(AM43="Sand",0,Input!$AA$31*AN43) | AW43: =IF(AM43="Sand",27.1+0.3*MIN(Input!$AA$32*AN43,60)-0.00054*MIN(Input!$AA$32*AN43,60)^2,MIN(MAX(DEGREES(ASIN(0.8-0.094*LN(MAX(IF(AT43="",10,AT43),5)))),20),30)) | AX43: =IF(AM43="Sand",Input!$AA$33*Input!$AA$32*AN43,Input!$AA$34*AV43) | AY43: =IF(AM43="Sand",Input!$AA$35,0.5) | AZ43: =Input!$AA$15/2/AL43 | BA43: =Input!$AA$16/2/AL43 | BB43: =1/(4*PI())*(2*AZ43*BA43*SQRT(AZ43^2+BA43^2+1)/(AZ43^2+BA43^2+1+AZ43^2*BA43^2)*(AZ43^2+BA43^2+2)/(AZ43^2+BA43^2+1)+ATAN2(AZ43^2+BA43^2+1-AZ43^2*BA43^2,2*AZ43*BA43*SQRT(AZ43^2+BA43^2+1))) | BC43: =4*Input!$AA$14*BB43 | BD43: =((Input!$AA$16/Input!$AA$15)*LN((1+SQRT((Input!$AA$16/Input!$AA$15)^2+1))*SQRT((Input!$AA$16/Input!$AA$15)^2+(AJ43/(Input!$AA$15/2))^2)/((Input!$AA$16/Input!$AA$15)*(1+SQRT((Input!$AA$16/Input!$AA$15)^2+(AJ43/(Input!$AA$15/2))^2+1))))+LN(((Input!$AA$16/Input!$AA$15)+SQRT((Input!$AA$16/Input!$AA$15)^2+1))*SQRT(1+(AJ43/(Input!$AA$15/2))^2)/((Input!$AA$16/Input!$AA$15)+SQRT((Input!$AA$16/Input!$AA$15)^2+(AJ43/(Input!$AA$15/2))^2+1))))/PI() | BE43: =(AJ43/(Input!$AA$15/2))/(2*PI())*ATAN((Input!$AA$16/Input!$AA$15)/((AJ43/(Input!$AA$15/2))*SQRT((Input!$AA$16/Input!$AA$15)^2+(AJ43/(Input!$AA$15/2))^2+1))) | BF43: =MAX(0,AJ43-MAX(AI43,$AA$22))/AK43*IF(BC43>=Input!$AA$21*AQ43,1,0) | BG43: =4*Input!$AA$14*(Input!$AA$15/2)*(1-AY43^2)/AX43*((BD43-BD42)+(1-2*AY43)/(1-AY43)*(BE43-BE42))*1000*BF43 | BH43: =IF(AM43="Sand",0,0.009*(AR43-10)) | BI43: =BH43*Input!$AA$36 | BJ43: =IF(AM43="Sand",0,MAX(AV43/Input!$AA$37,AQ43)) | BK43: =IF(AM43="Sand",0,1000*AK43/(1+AU43)*IF(AQ43+BC43<=BJ43,BI43*LOG10((AQ43+BC43)/AQ43),BI43*LOG10(BJ43/AQ43)+BH43*LOG10((AQ43+BC43)/BJ43)))*BF43 | BL43: =IF(AM43="Sand",0,10^(INDEX(Input!$Q$48:$Q$54,MIN(MATCH(MIN(MAX(AR43,30),120),Input!$C$48:$C$54,1),6))+(MIN(MAX(AR43,30),120)-INDEX(Input!$C$48:$C$54,MIN(MATCH(MIN(MAX(AR43,30),120),Input!$C$48:$C$54,1),6)))/(INDEX(Input!$C$48:$C$54,MIN(MATCH(MIN(MAX(AR43,30),120),Input!$C$48:$C$54,1),6)+1)-INDEX(Input!$C$48:$C$54,MIN(MATCH(MIN(MAX(AR43,30),120),Input!$C$48:$C$54,1),6)))*(INDEX(Input!$Q$48:$Q$54,MIN(MATCH(MIN(MAX(AR43,30),120),Input!$C$48:$C$54,1),6)+1)-INDEX(Input!$Q$48:$Q$54,MIN(MATCH(MIN(MAX(AR43,30),120),Input!$C$48:$C$54,1),6))))) | BM43: =IF(OR(AM43="Sand",BF43=0),0,Input!$AA$38*(AK43/2)^2/(BL43*1E-4*31536000)) | BN43: =MAX(0,MIN(AJ43,Input!$AA$20)-AI43) | BO43: =MAX(0,MIN(AJ43,Input!$AA$20)-MAX(AI43,$AA$22)) | BP43: =MAX(0,MIN(AJ43,$AA$225)-AI43)
C44: 17 | E44: =AI44 | H44: =AJ44 | K44: =AM44 | N44: =AN44 | Q44: =AO44 | T44: =IF(AR44="","-",AR44) | V44: =IF(AT44="","-",AT44) | X44: =AU44 | Z44: =AV44 | AC44: =AW44 | AI44: 24 | AJ44: 25.5 | AK44: =AJ44-AI44 | AL44: =(AI44+AJ44)/2 | AM44: Clay | AN44: 20 | AO44: =IF(AL44>$AA$19,$AA$21,$AA$20) | AP44: =AP43+AO44*AK44 | AQ44: =AP44-AO44*AK44/2-10*MAX(AL44-$AA$19,0) | AR44: 34.63 | AS44: 24.12 | AT44: =IF(AR44="","",AR44-AS44) | AU44: 0.775 | AV44: =IF(AM44="Sand",0,Input!$AA$31*AN44) | AW44: =IF(AM44="Sand",27.1+0.3*MIN(Input!$AA$32*AN44,60)-0.00054*MIN(Input!$AA$32*AN44,60)^2,MIN(MAX(DEGREES(ASIN(0.8-0.094*LN(MAX(IF(AT44="",10,AT44),5)))),20),30)) | AX44: =IF(AM44="Sand",Input!$AA$33*Input!$AA$32*AN44,Input!$AA$34*AV44) | AY44: =IF(AM44="Sand",Input!$AA$35,0.5) | AZ44: =Input!$AA$15/2/AL44 | BA44: =Input!$AA$16/2/AL44 | BB44: =1/(4*PI())*(2*AZ44*BA44*SQRT(AZ44^2+BA44^2+1)/(AZ44^2+BA44^2+1+AZ44^2*BA44^2)*(AZ44^2+BA44^2+2)/(AZ44^2+BA44^2+1)+ATAN2(AZ44^2+BA44^2+1-AZ44^2*BA44^2,2*AZ44*BA44*SQRT(AZ44^2+BA44^2+1))) | BC44: =4*Input!$AA$14*BB44 | BD44: =((Input!$AA$16/Input!$AA$15)*LN((1+SQRT((Input!$AA$16/Input!$AA$15)^2+1))*SQRT((Input!$AA$16/Input!$AA$15)^2+(AJ44/(Input!$AA$15/2))^2)/((Input!$AA$16/Input!$AA$15)*(1+SQRT((Input!$AA$16/Input!$AA$15)^2+(AJ44/(Input!$AA$15/2))^2+1))))+LN(((Input!$AA$16/Input!$AA$15)+SQRT((Input!$AA$16/Input!$AA$15)^2+1))*SQRT(1+(AJ44/(Input!$AA$15/2))^2)/((Input!$AA$16/Input!$AA$15)+SQRT((Input!$AA$16/Input!$AA$15)^2+(AJ44/(Input!$AA$15/2))^2+1))))/PI() | BE44: =(AJ44/(Input!$AA$15/2))/(2*PI())*ATAN((Input!$AA$16/Input!$AA$15)/((AJ44/(Input!$AA$15/2))*SQRT((Input!$AA$16/Input!$AA$15)^2+(AJ44/(Input!$AA$15/2))^2+1))) | BF44: =MAX(0,AJ44-MAX(AI44,$AA$22))/AK44*IF(BC44>=Input!$AA$21*AQ44,1,0) | BG44: =4*Input!$AA$14*(Input!$AA$15/2)*(1-AY44^2)/AX44*((BD44-BD43)+(1-2*AY44)/(1-AY44)*(BE44-BE43))*1000*BF44 | BH44: =IF(AM44="Sand",0,0.009*(AR44-10)) | BI44: =BH44*Input!$AA$36 | BJ44: =IF(AM44="Sand",0,MAX(AV44/Input!$AA$37,AQ44)) | BK44: =IF(AM44="Sand",0,1000*AK44/(1+AU44)*IF(AQ44+BC44<=BJ44,BI44*LOG10((AQ44+BC44)/AQ44),BI44*LOG10(BJ44/AQ44)+BH44*LOG10((AQ44+BC44)/BJ44)))*BF44 | BL44: =IF(AM44="Sand",0,10^(INDEX(Input!$Q$48:$Q$54,MIN(MATCH(MIN(MAX(AR44,30),120),Input!$C$48:$C$54,1),6))+(MIN(MAX(AR44,30),120)-INDEX(Input!$C$48:$C$54,MIN(MATCH(MIN(MAX(AR44,30),120),Input!$C$48:$C$54,1),6)))/(INDEX(Input!$C$48:$C$54,MIN(MATCH(MIN(MAX(AR44,30),120),Input!$C$48:$C$54,1),6)+1)-INDEX(Input!$C$48:$C$54,MIN(MATCH(MIN(MAX(AR44,30),120),Input!$C$48:$C$54,1),6)))*(INDEX(Input!$Q$48:$Q$54,MIN(MATCH(MIN(MAX(AR44,30),120),Input!$C$48:$C$54,1),6)+1)-INDEX(Input!$Q$48:$Q$54,MIN(MATCH(MIN(MAX(AR44,30),120),Input!$C$48:$C$54,1),6))))) | BM44: =IF(OR(AM44="Sand",BF44=0),0,Input!$AA$38*(AK44/2)^2/(BL44*1E-4*31536000)) | BN44: =MAX(0,MIN(AJ44,Input!$AA$20)-AI44) | BO44: =MAX(0,MIN(AJ44,Input!$AA$20)-MAX(AI44,$AA$22)) | BP44: =MAX(0,MIN(AJ44,$AA$225)-AI44)
C45: 18 | E45: =AI45 | H45: =AJ45 | K45: =AM45 | N45: =AN45 | Q45: =AO45 | T45: =IF(AR45="","-",AR45) | V45: =IF(AT45="","-",AT45) | X45: =AU45 | Z45: =AV45 | AC45: =AW45 | AI45: 25.5 | AJ45: 27 | AK45: =AJ45-AI45 | AL45: =(AI45+AJ45)/2 | AM45: Clay | AN45: 21 | AO45: =IF(AL45>$AA$19,$AA$21,$AA$20) | AP45: =AP44+AO45*AK45 | AQ45: =AP45-AO45*AK45/2-10*MAX(AL45-$AA$19,0) | AR45: 29.665 | AS45: 19.806 | AT45: =IF(AR45="","",AR45-AS45) | AU45: 0.401 | AV45: =IF(AM45="Sand",0,Input!$AA$31*AN45) | AW45: =IF(AM45="Sand",27.1+0.3*MIN(Input!$AA$32*AN45,60)-0.00054*MIN(Input!$AA$32*AN45,60)^2,MIN(MAX(DEGREES(ASIN(0.8-0.094*LN(MAX(IF(AT45="",10,AT45),5)))),20),30)) | AX45: =IF(AM45="Sand",Input!$AA$33*Input!$AA$32*AN45,Input!$AA$34*AV45) | AY45: =IF(AM45="Sand",Input!$AA$35,0.5) | AZ45: =Input!$AA$15/2/AL45 | BA45: =Input!$AA$16/2/AL45 | BB45: =1/(4*PI())*(2*AZ45*BA45*SQRT(AZ45^2+BA45^2+1)/(AZ45^2+BA45^2+1+AZ45^2*BA45^2)*(AZ45^2+BA45^2+2)/(AZ45^2+BA45^2+1)+ATAN2(AZ45^2+BA45^2+1-AZ45^2*BA45^2,2*AZ45*BA45*SQRT(AZ45^2+BA45^2+1))) | BC45: =4*Input!$AA$14*BB45 | BD45: =((Input!$AA$16/Input!$AA$15)*LN((1+SQRT((Input!$AA$16/Input!$AA$15)^2+1))*SQRT((Input!$AA$16/Input!$AA$15)^2+(AJ45/(Input!$AA$15/2))^2)/((Input!$AA$16/Input!$AA$15)*(1+SQRT((Input!$AA$16/Input!$AA$15)^2+(AJ45/(Input!$AA$15/2))^2+1))))+LN(((Input!$AA$16/Input!$AA$15)+SQRT((Input!$AA$16/Input!$AA$15)^2+1))*SQRT(1+(AJ45/(Input!$AA$15/2))^2)/((Input!$AA$16/Input!$AA$15)+SQRT((Input!$AA$16/Input!$AA$15)^2+(AJ45/(Input!$AA$15/2))^2+1))))/PI() | BE45: =(AJ45/(Input!$AA$15/2))/(2*PI())*ATAN((Input!$AA$16/Input!$AA$15)/((AJ45/(Input!$AA$15/2))*SQRT((Input!$AA$16/Input!$AA$15)^2+(AJ45/(Input!$AA$15/2))^2+1))) | BF45: =MAX(0,AJ45-MAX(AI45,$AA$22))/AK45*IF(BC45>=Input!$AA$21*AQ45,1,0) | BG45: =4*Input!$AA$14*(Input!$AA$15/2)*(1-AY45^2)/AX45*((BD45-BD44)+(1-2*AY45)/(1-AY45)*(BE45-BE44))*1000*BF45 | BH45: =IF(AM45="Sand",0,0.009*(AR45-10)) | BI45: =BH45*Input!$AA$36 | BJ45: =IF(AM45="Sand",0,MAX(AV45/Input!$AA$37,AQ45)) | BK45: =IF(AM45="Sand",0,1000*AK45/(1+AU45)*IF(AQ45+BC45<=BJ45,BI45*LOG10((AQ45+BC45)/AQ45),BI45*LOG10(BJ45/AQ45)+BH45*LOG10((AQ45+BC45)/BJ45)))*BF45 | BL45: =IF(AM45="Sand",0,10^(INDEX(Input!$Q$48:$Q$54,MIN(MATCH(MIN(MAX(AR45,30),120),Input!$C$48:$C$54,1),6))+(MIN(MAX(AR45,30),120)-INDEX(Input!$C$48:$C$54,MIN(MATCH(MIN(MAX(AR45,30),120),Input!$C$48:$C$54,1),6)))/(INDEX(Input!$C$48:$C$54,MIN(MATCH(MIN(MAX(AR45,30),120),Input!$C$48:$C$54,1),6)+1)-INDEX(Input!$C$48:$C$54,MIN(MATCH(MIN(MAX(AR45,30),120),Input!$C$48:$C$54,1),6)))*(INDEX(Input!$Q$48:$Q$54,MIN(MATCH(MIN(MAX(AR45,30),120),Input!$C$48:$C$54,1),6)+1)-INDEX(Input!$Q$48:$Q$54,MIN(MATCH(MIN(MAX(AR45,30),120),Input!$C$48:$C$54,1),6))))) | BM45: =IF(OR(AM45="Sand",BF45=0),0,Input!$AA$38*(AK45/2)^2/(BL45*1E-4*31536000)) | BN45: =MAX(0,MIN(AJ45,Input!$AA$20)-AI45) | BO45: =MAX(0,MIN(AJ45,Input!$AA$20)-MAX(AI45,$AA$22)) | BP45: =MAX(0,MIN(AJ45,$AA$225)-AI45) | BQ45: LL/PL/e0 = borehole average
C46: 19 | E46: =AI46 | H46: =AJ46 | K46: =AM46 | N46: =AN46 | Q46: =AO46 | T46: =IF(AR46="","-",AR46) | V46: =IF(AT46="","-",AT46) | X46: =AU46 | Z46: =AV46 | AC46: =AW46 | AI46: 27 | AJ46: 28.5 | AK46: =AJ46-AI46 | AL46: =(AI46+AJ46)/2 | AM46: Sand | AN46: 21 | AO46: =IF(AL46>$AA$19,$AA$21,$AA$20) | AP46: =AP45+AO46*AK46 | AQ46: =AP46-AO46*AK46/2-10*MAX(AL46-$AA$19,0) | AT46: =IF(AR46="","",AR46-AS46) | AU46: 0.474 | AV46: =IF(AM46="Sand",0,Input!$AA$31*AN46) | AW46: =IF(AM46="Sand",27.1+0.3*MIN(Input!$AA$32*AN46,60)-0.00054*MIN(Input!$AA$32*AN46,60)^2,MIN(MAX(DEGREES(ASIN(0.8-0.094*LN(MAX(IF(AT46="",10,AT46),5)))),20),30)) | AX46: =IF(AM46="Sand",Input!$AA$33*Input!$AA$32*AN46,Input!$AA$34*AV46) | AY46: =IF(AM46="Sand",Input!$AA$35,0.5) | AZ46: =Input!$AA$15/2/AL46 | BA46: =Input!$AA$16/2/AL46 | BB46: =1/(4*PI())*(2*AZ46*BA46*SQRT(AZ46^2+BA46^2+1)/(AZ46^2+BA46^2+1+AZ46^2*BA46^2)*(AZ46^2+BA46^2+2)/(AZ46^2+BA46^2+1)+ATAN2(AZ46^2+BA46^2+1-AZ46^2*BA46^2,2*AZ46*BA46*SQRT(AZ46^2+BA46^2+1))) | BC46: =4*Input!$AA$14*BB46 | BD46: =((Input!$AA$16/Input!$AA$15)*LN((1+SQRT((Input!$AA$16/Input!$AA$15)^2+1))*SQRT((Input!$AA$16/Input!$AA$15)^2+(AJ46/(Input!$AA$15/2))^2)/((Input!$AA$16/Input!$AA$15)*(1+SQRT((Input!$AA$16/Input!$AA$15)^2+(AJ46/(Input!$AA$15/2))^2+1))))+LN(((Input!$AA$16/Input!$AA$15)+SQRT((Input!$AA$16/Input!$AA$15)^2+1))*SQRT(1+(AJ46/(Input!$AA$15/2))^2)/((Input!$AA$16/Input!$AA$15)+SQRT((Input!$AA$16/Input!$AA$15)^2+(AJ46/(Input!$AA$15/2))^2+1))))/PI() | BE46: =(AJ46/(Input!$AA$15/2))/(2*PI())*ATAN((Input!$AA$16/Input!$AA$15)/((AJ46/(Input!$AA$15/2))*SQRT((Input!$AA$16/Input!$AA$15)^2+(AJ46/(Input!$AA$15/2))^2+1))) | BF46: =MAX(0,AJ46-MAX(AI46,$AA$22))/AK46*IF(BC46>=Input!$AA$21*AQ46,1,0) | BG46: =4*Input!$AA$14*(Input!$AA$15/2)*(1-AY46^2)/AX46*((BD46-BD45)+(1-2*AY46)/(1-AY46)*(BE46-BE45))*1000*BF46 | BH46: =IF(AM46="Sand",0,0.009*(AR46-10)) | BI46: =BH46*Input!$AA$36 | BJ46: =IF(AM46="Sand",0,MAX(AV46/Input!$AA$37,AQ46)) | BK46: =IF(AM46="Sand",0,1000*AK46/(1+AU46)*IF(AQ46+BC46<=BJ46,BI46*LOG10((AQ46+BC46)/AQ46),BI46*LOG10(BJ46/AQ46)+BH46*LOG10((AQ46+BC46)/BJ46)))*BF46 | BL46: =IF(AM46="Sand",0,10^(INDEX(Input!$Q$48:$Q$54,MIN(MATCH(MIN(MAX(AR46,30),120),Input!$C$48:$C$54,1),6))+(MIN(MAX(AR46,30),120)-INDEX(Input!$C$48:$C$54,MIN(MATCH(MIN(MAX(AR46,30),120),Input!$C$48:$C$54,1),6)))/(INDEX(Input!$C$48:$C$54,MIN(MATCH(MIN(MAX(AR46,30),120),Input!$C$48:$C$54,1),6)+1)-INDEX(Input!$C$48:$C$54,MIN(MATCH(MIN(MAX(AR46,30),120),Input!$C$48:$C$54,1),6)))*(INDEX(Input!$Q$48:$Q$54,MIN(MATCH(MIN(MAX(AR46,30),120),Input!$C$48:$C$54,1),6)+1)-INDEX(Input!$Q$48:$Q$54,MIN(MATCH(MIN(MAX(AR46,30),120),Input!$C$48:$C$54,1),6))))) | BM46: =IF(OR(AM46="Sand",BF46=0),0,Input!$AA$38*(AK46/2)^2/(BL46*1E-4*31536000)) | BN46: =MAX(0,MIN(AJ46,Input!$AA$20)-AI46) | BO46: =MAX(0,MIN(AJ46,Input!$AA$20)-MAX(AI46,$AA$22)) | BP46: =MAX(0,MIN(AJ46,$AA$225)-AI46)
C47: 20 | E47: =AI47 | H47: =AJ47 | K47: =AM47 | N47: =AN47 | Q47: =AO47 | T47: =IF(AR47="","-",AR47) | V47: =IF(AT47="","-",AT47) | X47: =AU47 | Z47: =AV47 | AC47: =AW47 | AI47: 28.5 | AJ47: 30 | AK47: =AJ47-AI47 | AL47: =(AI47+AJ47)/2 | AM47: Clay | AN47: 48 | AO47: =IF(AL47>$AA$19,$AA$21,$AA$20) | AP47: =AP46+AO47*AK47 | AQ47: =AP47-AO47*AK47/2-10*MAX(AL47-$AA$19,0) | AR47: 37.95 | AS47: 20.57 | AT47: =IF(AR47="","",AR47-AS47) | AU47: 0.745 | AV47: =IF(AM47="Sand",0,Input!$AA$31*AN47) | AW47: =IF(AM47="Sand",27.1+0.3*MIN(Input!$AA$32*AN47,60)-0.00054*MIN(Input!$AA$32*AN47,60)^2,MIN(MAX(DEGREES(ASIN(0.8-0.094*LN(MAX(IF(AT47="",10,AT47),5)))),20),30)) | AX47: =IF(AM47="Sand",Input!$AA$33*Input!$AA$32*AN47,Input!$AA$34*AV47) | AY47: =IF(AM47="Sand",Input!$AA$35,0.5) | AZ47: =Input!$AA$15/2/AL47 | BA47: =Input!$AA$16/2/AL47 | BB47: =1/(4*PI())*(2*AZ47*BA47*SQRT(AZ47^2+BA47^2+1)/(AZ47^2+BA47^2+1+AZ47^2*BA47^2)*(AZ47^2+BA47^2+2)/(AZ47^2+BA47^2+1)+ATAN2(AZ47^2+BA47^2+1-AZ47^2*BA47^2,2*AZ47*BA47*SQRT(AZ47^2+BA47^2+1))) | BC47: =4*Input!$AA$14*BB47 | BD47: =((Input!$AA$16/Input!$AA$15)*LN((1+SQRT((Input!$AA$16/Input!$AA$15)^2+1))*SQRT((Input!$AA$16/Input!$AA$15)^2+(AJ47/(Input!$AA$15/2))^2)/((Input!$AA$16/Input!$AA$15)*(1+SQRT((Input!$AA$16/Input!$AA$15)^2+(AJ47/(Input!$AA$15/2))^2+1))))+LN(((Input!$AA$16/Input!$AA$15)+SQRT((Input!$AA$16/Input!$AA$15)^2+1))*SQRT(1+(AJ47/(Input!$AA$15/2))^2)/((Input!$AA$16/Input!$AA$15)+SQRT((Input!$AA$16/Input!$AA$15)^2+(AJ47/(Input!$AA$15/2))^2+1))))/PI() | BE47: =(AJ47/(Input!$AA$15/2))/(2*PI())*ATAN((Input!$AA$16/Input!$AA$15)/((AJ47/(Input!$AA$15/2))*SQRT((Input!$AA$16/Input!$AA$15)^2+(AJ47/(Input!$AA$15/2))^2+1))) | BF47: =MAX(0,AJ47-MAX(AI47,$AA$22))/AK47*IF(BC47>=Input!$AA$21*AQ47,1,0) | BG47: =4*Input!$AA$14*(Input!$AA$15/2)*(1-AY47^2)/AX47*((BD47-BD46)+(1-2*AY47)/(1-AY47)*(BE47-BE46))*1000*BF47 | BH47: =IF(AM47="Sand",0,0.009*(AR47-10)) | BI47: =BH47*Input!$AA$36 | BJ47: =IF(AM47="Sand",0,MAX(AV47/Input!$AA$37,AQ47)) | BK47: =IF(AM47="Sand",0,1000*AK47/(1+AU47)*IF(AQ47+BC47<=BJ47,BI47*LOG10((AQ47+BC47)/AQ47),BI47*LOG10(BJ47/AQ47)+BH47*LOG10((AQ47+BC47)/BJ47)))*BF47 | BL47: =IF(AM47="Sand",0,10^(INDEX(Input!$Q$48:$Q$54,MIN(MATCH(MIN(MAX(AR47,30),120),Input!$C$48:$C$54,1),6))+(MIN(MAX(AR47,30),120)-INDEX(Input!$C$48:$C$54,MIN(MATCH(MIN(MAX(AR47,30),120),Input!$C$48:$C$54,1),6)))/(INDEX(Input!$C$48:$C$54,MIN(MATCH(MIN(MAX(AR47,30),120),Input!$C$48:$C$54,1),6)+1)-INDEX(Input!$C$48:$C$54,MIN(MATCH(MIN(MAX(AR47,30),120),Input!$C$48:$C$54,1),6)))*(INDEX(Input!$Q$48:$Q$54,MIN(MATCH(MIN(MAX(AR47,30),120),Input!$C$48:$C$54,1),6)+1)-INDEX(Input!$Q$48:$Q$54,MIN(MATCH(MIN(MAX(AR47,30),120),Input!$C$48:$C$54,1),6))))) | BM47: =IF(OR(AM47="Sand",BF47=0),0,Input!$AA$38*(AK47/2)^2/(BL47*1E-4*31536000)) | BN47: =MAX(0,MIN(AJ47,Input!$AA$20)-AI47) | BO47: =MAX(0,MIN(AJ47,Input!$AA$20)-MAX(AI47,$AA$22)) | BP47: =MAX(0,MIN(AJ47,$AA$225)-AI47)
C48: 21 | E48: =AI48 | H48: =AJ48 | K48: =AM48 | N48: =AN48 | Q48: =AO48 | T48: =IF(AR48="","-",AR48) | V48: =IF(AT48="","-",AT48) | X48: =AU48 | Z48: =AV48 | AC48: =AW48 | AI48: 30 | AJ48: 31.5 | AK48: =AJ48-AI48 | AL48: =(AI48+AJ48)/2 | AM48: Clay | AN48: 50 | AO48: =IF(AL48>$AA$19,$AA$21,$AA$20) | AP48: =AP47+AO48*AK48 | AQ48: =AP48-AO48*AK48/2-10*MAX(AL48-$AA$19,0) | AR48: 29.665 | AS48: 19.806 | AT48: =IF(AR48="","",AR48-AS48) | AU48: 0.681 | AV48: =IF(AM48="Sand",0,Input!$AA$31*AN48) | AW48: =IF(AM48="Sand",27.1+0.3*MIN(Input!$AA$32*AN48,60)-0.00054*MIN(Input!$AA$32*AN48,60)^2,MIN(MAX(DEGREES(ASIN(0.8-0.094*LN(MAX(IF(AT48="",10,AT48),5)))),20),30)) | AX48: =IF(AM48="Sand",Input!$AA$33*Input!$AA$32*AN48,Input!$AA$34*AV48) | AY48: =IF(AM48="Sand",Input!$AA$35,0.5) | AZ48: =Input!$AA$15/2/AL48 | BA48: =Input!$AA$16/2/AL48 | BB48: =1/(4*PI())*(2*AZ48*BA48*SQRT(AZ48^2+BA48^2+1)/(AZ48^2+BA48^2+1+AZ48^2*BA48^2)*(AZ48^2+BA48^2+2)/(AZ48^2+BA48^2+1)+ATAN2(AZ48^2+BA48^2+1-AZ48^2*BA48^2,2*AZ48*BA48*SQRT(AZ48^2+BA48^2+1))) | BC48: =4*Input!$AA$14*BB48 | BD48: =((Input!$AA$16/Input!$AA$15)*LN((1+SQRT((Input!$AA$16/Input!$AA$15)^2+1))*SQRT((Input!$AA$16/Input!$AA$15)^2+(AJ48/(Input!$AA$15/2))^2)/((Input!$AA$16/Input!$AA$15)*(1+SQRT((Input!$AA$16/Input!$AA$15)^2+(AJ48/(Input!$AA$15/2))^2+1))))+LN(((Input!$AA$16/Input!$AA$15)+SQRT((Input!$AA$16/Input!$AA$15)^2+1))*SQRT(1+(AJ48/(Input!$AA$15/2))^2)/((Input!$AA$16/Input!$AA$15)+SQRT((Input!$AA$16/Input!$AA$15)^2+(AJ48/(Input!$AA$15/2))^2+1))))/PI() | BE48: =(AJ48/(Input!$AA$15/2))/(2*PI())*ATAN((Input!$AA$16/Input!$AA$15)/((AJ48/(Input!$AA$15/2))*SQRT((Input!$AA$16/Input!$AA$15)^2+(AJ48/(Input!$AA$15/2))^2+1))) | BF48: =MAX(0,AJ48-MAX(AI48,$AA$22))/AK48*IF(BC48>=Input!$AA$21*AQ48,1,0) | BG48: =4*Input!$AA$14*(Input!$AA$15/2)*(1-AY48^2)/AX48*((BD48-BD47)+(1-2*AY48)/(1-AY48)*(BE48-BE47))*1000*BF48 | BH48: =IF(AM48="Sand",0,0.009*(AR48-10)) | BI48: =BH48*Input!$AA$36 | BJ48: =IF(AM48="Sand",0,MAX(AV48/Input!$AA$37,AQ48)) | BK48: =IF(AM48="Sand",0,1000*AK48/(1+AU48)*IF(AQ48+BC48<=BJ48,BI48*LOG10((AQ48+BC48)/AQ48),BI48*LOG10(BJ48/AQ48)+BH48*LOG10((AQ48+BC48)/BJ48)))*BF48 | BL48: =IF(AM48="Sand",0,10^(INDEX(Input!$Q$48:$Q$54,MIN(MATCH(MIN(MAX(AR48,30),120),Input!$C$48:$C$54,1),6))+(MIN(MAX(AR48,30),120)-INDEX(Input!$C$48:$C$54,MIN(MATCH(MIN(MAX(AR48,30),120),Input!$C$48:$C$54,1),6)))/(INDEX(Input!$C$48:$C$54,MIN(MATCH(MIN(MAX(AR48,30),120),Input!$C$48:$C$54,1),6)+1)-INDEX(Input!$C$48:$C$54,MIN(MATCH(MIN(MAX(AR48,30),120),Input!$C$48:$C$54,1),6)))*(INDEX(Input!$Q$48:$Q$54,MIN(MATCH(MIN(MAX(AR48,30),120),Input!$C$48:$C$54,1),6)+1)-INDEX(Input!$Q$48:$Q$54,MIN(MATCH(MIN(MAX(AR48,30),120),Input!$C$48:$C$54,1),6))))) | BM48: =IF(OR(AM48="Sand",BF48=0),0,Input!$AA$38*(AK48/2)^2/(BL48*1E-4*31536000)) | BN48: =MAX(0,MIN(AJ48,Input!$AA$20)-AI48) | BO48: =MAX(0,MIN(AJ48,Input!$AA$20)-MAX(AI48,$AA$22)) | BP48: =MAX(0,MIN(AJ48,$AA$225)-AI48) | BQ48: LL/PL/e0 = borehole average
C49: 22 | E49: =AI49 | H49: =AJ49 | K49: =AM49 | N49: =AN49 | Q49: =AO49 | T49: =IF(AR49="","-",AR49) | V49: =IF(AT49="","-",AT49) | X49: =AU49 | Z49: =AV49 | AC49: =AW49 | AI49: 31.5 | AJ49: 33 | AK49: =AJ49-AI49 | AL49: =(AI49+AJ49)/2 | AM49: Clay | AN49: 50 | AO49: =IF(AL49>$AA$19,$AA$21,$AA$20) | AP49: =AP48+AO49*AK49 | AQ49: =AP49-AO49*AK49/2-10*MAX(AL49-$AA$19,0) | AR49: 29.665 | AS49: 19.806 | AT49: =IF(AR49="","",AR49-AS49) | AU49: 0.681 | AV49: =IF(AM49="Sand",0,Input!$AA$31*AN49) | AW49: =IF(AM49="Sand",27.1+0.3*MIN(Input!$AA$32*AN49,60)-0.00054*MIN(Input!$AA$32*AN49,60)^2,MIN(MAX(DEGREES(ASIN(0.8-0.094*LN(MAX(IF(AT49="",10,AT49),5)))),20),30)) | AX49: =IF(AM49="Sand",Input!$AA$33*Input!$AA$32*AN49,Input!$AA$34*AV49) | AY49: =IF(AM49="Sand",Input!$AA$35,0.5) | AZ49: =Input!$AA$15/2/AL49 | BA49: =Input!$AA$16/2/AL49 | BB49: =1/(4*PI())*(2*AZ49*BA49*SQRT(AZ49^2+BA49^2+1)/(AZ49^2+BA49^2+1+AZ49^2*BA49^2)*(AZ49^2+BA49^2+2)/(AZ49^2+BA49^2+1)+ATAN2(AZ49^2+BA49^2+1-AZ49^2*BA49^2,2*AZ49*BA49*SQRT(AZ49^2+BA49^2+1))) | BC49: =4*Input!$AA$14*BB49 | BD49: =((Input!$AA$16/Input!$AA$15)*LN((1+SQRT((Input!$AA$16/Input!$AA$15)^2+1))*SQRT((Input!$AA$16/Input!$AA$15)^2+(AJ49/(Input!$AA$15/2))^2)/((Input!$AA$16/Input!$AA$15)*(1+SQRT((Input!$AA$16/Input!$AA$15)^2+(AJ49/(Input!$AA$15/2))^2+1))))+LN(((Input!$AA$16/Input!$AA$15)+SQRT((Input!$AA$16/Input!$AA$15)^2+1))*SQRT(1+(AJ49/(Input!$AA$15/2))^2)/((Input!$AA$16/Input!$AA$15)+SQRT((Input!$AA$16/Input!$AA$15)^2+(AJ49/(Input!$AA$15/2))^2+1))))/PI() | BE49: =(AJ49/(Input!$AA$15/2))/(2*PI())*ATAN((Input!$AA$16/Input!$AA$15)/((AJ49/(Input!$AA$15/2))*SQRT((Input!$AA$16/Input!$AA$15)^2+(AJ49/(Input!$AA$15/2))^2+1))) | BF49: =MAX(0,AJ49-MAX(AI49,$AA$22))/AK49*IF(BC49>=Input!$AA$21*AQ49,1,0) | BG49: =4*Input!$AA$14*(Input!$AA$15/2)*(1-AY49^2)/AX49*((BD49-BD48)+(1-2*AY49)/(1-AY49)*(BE49-BE48))*1000*BF49 | BH49: =IF(AM49="Sand",0,0.009*(AR49-10)) | BI49: =BH49*Input!$AA$36 | BJ49: =IF(AM49="Sand",0,MAX(AV49/Input!$AA$37,AQ49)) | BK49: =IF(AM49="Sand",0,1000*AK49/(1+AU49)*IF(AQ49+BC49<=BJ49,BI49*LOG10((AQ49+BC49)/AQ49),BI49*LOG10(BJ49/AQ49)+BH49*LOG10((AQ49+BC49)/BJ49)))*BF49 | BL49: =IF(AM49="Sand",0,10^(INDEX(Input!$Q$48:$Q$54,MIN(MATCH(MIN(MAX(AR49,30),120),Input!$C$48:$C$54,1),6))+(MIN(MAX(AR49,30),120)-INDEX(Input!$C$48:$C$54,MIN(MATCH(MIN(MAX(AR49,30),120),Input!$C$48:$C$54,1),6)))/(INDEX(Input!$C$48:$C$54,MIN(MATCH(MIN(MAX(AR49,30),120),Input!$C$48:$C$54,1),6)+1)-INDEX(Input!$C$48:$C$54,MIN(MATCH(MIN(MAX(AR49,30),120),Input!$C$48:$C$54,1),6)))*(INDEX(Input!$Q$48:$Q$54,MIN(MATCH(MIN(MAX(AR49,30),120),Input!$C$48:$C$54,1),6)+1)-INDEX(Input!$Q$48:$Q$54,MIN(MATCH(MIN(MAX(AR49,30),120),Input!$C$48:$C$54,1),6))))) | BM49: =IF(OR(AM49="Sand",BF49=0),0,Input!$AA$38*(AK49/2)^2/(BL49*1E-4*31536000)) | BN49: =MAX(0,MIN(AJ49,Input!$AA$20)-AI49) | BO49: =MAX(0,MIN(AJ49,Input!$AA$20)-MAX(AI49,$AA$22)) | BP49: =MAX(0,MIN(AJ49,$AA$225)-AI49) | BQ49: LL/PL/e0 = borehole average
C50: 23 | E50: =AI50 | H50: =AJ50 | K50: =AM50 | N50: =AN50 | Q50: =AO50 | T50: =IF(AR50="","-",AR50) | V50: =IF(AT50="","-",AT50) | X50: =AU50 | Z50: =AV50 | AC50: =AW50 | AI50: 33 | AJ50: 34.5 | AK50: =AJ50-AI50 | AL50: =(AI50+AJ50)/2 | AM50: Clay | AN50: 50 | AO50: =IF(AL50>$AA$19,$AA$21,$AA$20) | AP50: =AP49+AO50*AK50 | AQ50: =AP50-AO50*AK50/2-10*MAX(AL50-$AA$19,0) | AR50: 29.665 | AS50: 19.806 | AT50: =IF(AR50="","",AR50-AS50) | AU50: 0.681 | AV50: =IF(AM50="Sand",0,Input!$AA$31*AN50) | AW50: =IF(AM50="Sand",27.1+0.3*MIN(Input!$AA$32*AN50,60)-0.00054*MIN(Input!$AA$32*AN50,60)^2,MIN(MAX(DEGREES(ASIN(0.8-0.094*LN(MAX(IF(AT50="",10,AT50),5)))),20),30)) | AX50: =IF(AM50="Sand",Input!$AA$33*Input!$AA$32*AN50,Input!$AA$34*AV50) | AY50: =IF(AM50="Sand",Input!$AA$35,0.5) | AZ50: =Input!$AA$15/2/AL50 | BA50: =Input!$AA$16/2/AL50 | BB50: =1/(4*PI())*(2*AZ50*BA50*SQRT(AZ50^2+BA50^2+1)/(AZ50^2+BA50^2+1+AZ50^2*BA50^2)*(AZ50^2+BA50^2+2)/(AZ50^2+BA50^2+1)+ATAN2(AZ50^2+BA50^2+1-AZ50^2*BA50^2,2*AZ50*BA50*SQRT(AZ50^2+BA50^2+1))) | BC50: =4*Input!$AA$14*BB50 | BD50: =((Input!$AA$16/Input!$AA$15)*LN((1+SQRT((Input!$AA$16/Input!$AA$15)^2+1))*SQRT((Input!$AA$16/Input!$AA$15)^2+(AJ50/(Input!$AA$15/2))^2)/((Input!$AA$16/Input!$AA$15)*(1+SQRT((Input!$AA$16/Input!$AA$15)^2+(AJ50/(Input!$AA$15/2))^2+1))))+LN(((Input!$AA$16/Input!$AA$15)+SQRT((Input!$AA$16/Input!$AA$15)^2+1))*SQRT(1+(AJ50/(Input!$AA$15/2))^2)/((Input!$AA$16/Input!$AA$15)+SQRT((Input!$AA$16/Input!$AA$15)^2+(AJ50/(Input!$AA$15/2))^2+1))))/PI() | BE50: =(AJ50/(Input!$AA$15/2))/(2*PI())*ATAN((Input!$AA$16/Input!$AA$15)/((AJ50/(Input!$AA$15/2))*SQRT((Input!$AA$16/Input!$AA$15)^2+(AJ50/(Input!$AA$15/2))^2+1))) | BF50: =MAX(0,AJ50-MAX(AI50,$AA$22))/AK50*IF(BC50>=Input!$AA$21*AQ50,1,0) | BG50: =4*Input!$AA$14*(Input!$AA$15/2)*(1-AY50^2)/AX50*((BD50-BD49)+(1-2*AY50)/(1-AY50)*(BE50-BE49))*1000*BF50 | BH50: =IF(AM50="Sand",0,0.009*(AR50-10)) | BI50: =BH50*Input!$AA$36 | BJ50: =IF(AM50="Sand",0,MAX(AV50/Input!$AA$37,AQ50)) | BK50: =IF(AM50="Sand",0,1000*AK50/(1+AU50)*IF(AQ50+BC50<=BJ50,BI50*LOG10((AQ50+BC50)/AQ50),BI50*LOG10(BJ50/AQ50)+BH50*LOG10((AQ50+BC50)/BJ50)))*BF50 | BL50: =IF(AM50="Sand",0,10^(INDEX(Input!$Q$48:$Q$54,MIN(MATCH(MIN(MAX(AR50,30),120),Input!$C$48:$C$54,1),6))+(MIN(MAX(AR50,30),120)-INDEX(Input!$C$48:$C$54,MIN(MATCH(MIN(MAX(AR50,30),120),Input!$C$48:$C$54,1),6)))/(INDEX(Input!$C$48:$C$54,MIN(MATCH(MIN(MAX(AR50,30),120),Input!$C$48:$C$54,1),6)+1)-INDEX(Input!$C$48:$C$54,MIN(MATCH(MIN(MAX(AR50,30),120),Input!$C$48:$C$54,1),6)))*(INDEX(Input!$Q$48:$Q$54,MIN(MATCH(MIN(MAX(AR50,30),120),Input!$C$48:$C$54,1),6)+1)-INDEX(Input!$Q$48:$Q$54,MIN(MATCH(MIN(MAX(AR50,30),120),Input!$C$48:$C$54,1),6))))) | BM50: =IF(OR(AM50="Sand",BF50=0),0,Input!$AA$38*(AK50/2)^2/(BL50*1E-4*31536000)) | BN50: =MAX(0,MIN(AJ50,Input!$AA$20)-AI50) | BO50: =MAX(0,MIN(AJ50,Input!$AA$20)-MAX(AI50,$AA$22)) | BP50: =MAX(0,MIN(AJ50,$AA$225)-AI50) | BQ50: LL/PL/e0 = borehole average
C51: 24 | E51: =AI51 | H51: =AJ51 | K51: =AM51 | N51: =AN51 | Q51: =AO51 | T51: =IF(AR51="","-",AR51) | V51: =IF(AT51="","-",AT51) | X51: =AU51 | Z51: =AV51 | AC51: =AW51 | AI51: 34.5 | AJ51: 36 | AK51: =AJ51-AI51 | AL51: =(AI51+AJ51)/2 | AM51: Clay | AN51: 50 | AO51: =IF(AL51>$AA$19,$AA$21,$AA$20) | AP51: =AP50+AO51*AK51 | AQ51: =AP51-AO51*AK51/2-10*MAX(AL51-$AA$19,0) | AR51: 25.39 | AS51: 15.08 | AT51: =IF(AR51="","",AR51-AS51) | AU51: 0.51 | AV51: =IF(AM51="Sand",0,Input!$AA$31*AN51) | AW51: =IF(AM51="Sand",27.1+0.3*MIN(Input!$AA$32*AN51,60)-0.00054*MIN(Input!$AA$32*AN51,60)^2,MIN(MAX(DEGREES(ASIN(0.8-0.094*LN(MAX(IF(AT51="",10,AT51),5)))),20),30)) | AX51: =IF(AM51="Sand",Input!$AA$33*Input!$AA$32*AN51,Input!$AA$34*AV51) | AY51: =IF(AM51="Sand",Input!$AA$35,0.5) | AZ51: =Input!$AA$15/2/AL51 | BA51: =Input!$AA$16/2/AL51 | BB51: =1/(4*PI())*(2*AZ51*BA51*SQRT(AZ51^2+BA51^2+1)/(AZ51^2+BA51^2+1+AZ51^2*BA51^2)*(AZ51^2+BA51^2+2)/(AZ51^2+BA51^2+1)+ATAN2(AZ51^2+BA51^2+1-AZ51^2*BA51^2,2*AZ51*BA51*SQRT(AZ51^2+BA51^2+1))) | BC51: =4*Input!$AA$14*BB51 | BD51: =((Input!$AA$16/Input!$AA$15)*LN((1+SQRT((Input!$AA$16/Input!$AA$15)^2+1))*SQRT((Input!$AA$16/Input!$AA$15)^2+(AJ51/(Input!$AA$15/2))^2)/((Input!$AA$16/Input!$AA$15)*(1+SQRT((Input!$AA$16/Input!$AA$15)^2+(AJ51/(Input!$AA$15/2))^2+1))))+LN(((Input!$AA$16/Input!$AA$15)+SQRT((Input!$AA$16/Input!$AA$15)^2+1))*SQRT(1+(AJ51/(Input!$AA$15/2))^2)/((Input!$AA$16/Input!$AA$15)+SQRT((Input!$AA$16/Input!$AA$15)^2+(AJ51/(Input!$AA$15/2))^2+1))))/PI() | BE51: =(AJ51/(Input!$AA$15/2))/(2*PI())*ATAN((Input!$AA$16/Input!$AA$15)/((AJ51/(Input!$AA$15/2))*SQRT((Input!$AA$16/Input!$AA$15)^2+(AJ51/(Input!$AA$15/2))^2+1))) | BF51: =MAX(0,AJ51-MAX(AI51,$AA$22))/AK51*IF(BC51>=Input!$AA$21*AQ51,1,0) | BG51: =4*Input!$AA$14*(Input!$AA$15/2)*(1-AY51^2)/AX51*((BD51-BD50)+(1-2*AY51)/(1-AY51)*(BE51-BE50))*1000*BF51 | BH51: =IF(AM51="Sand",0,0.009*(AR51-10)) | BI51: =BH51*Input!$AA$36 | BJ51: =IF(AM51="Sand",0,MAX(AV51/Input!$AA$37,AQ51)) | BK51: =IF(AM51="Sand",0,1000*AK51/(1+AU51)*IF(AQ51+BC51<=BJ51,BI51*LOG10((AQ51+BC51)/AQ51),BI51*LOG10(BJ51/AQ51)+BH51*LOG10((AQ51+BC51)/BJ51)))*BF51 | BL51: =IF(AM51="Sand",0,10^(INDEX(Input!$Q$48:$Q$54,MIN(MATCH(MIN(MAX(AR51,30),120),Input!$C$48:$C$54,1),6))+(MIN(MAX(AR51,30),120)-INDEX(Input!$C$48:$C$54,MIN(MATCH(MIN(MAX(AR51,30),120),Input!$C$48:$C$54,1),6)))/(INDEX(Input!$C$48:$C$54,MIN(MATCH(MIN(MAX(AR51,30),120),Input!$C$48:$C$54,1),6)+1)-INDEX(Input!$C$48:$C$54,MIN(MATCH(MIN(MAX(AR51,30),120),Input!$C$48:$C$54,1),6)))*(INDEX(Input!$Q$48:$Q$54,MIN(MATCH(MIN(MAX(AR51,30),120),Input!$C$48:$C$54,1),6)+1)-INDEX(Input!$Q$48:$Q$54,MIN(MATCH(MIN(MAX(AR51,30),120),Input!$C$48:$C$54,1),6))))) | BM51: =IF(OR(AM51="Sand",BF51=0),0,Input!$AA$38*(AK51/2)^2/(BL51*1E-4*31536000)) | BN51: =MAX(0,MIN(AJ51,Input!$AA$20)-AI51) | BO51: =MAX(0,MIN(AJ51,Input!$AA$20)-MAX(AI51,$AA$22)) | BP51: =MAX(0,MIN(AJ51,$AA$225)-AI51)
C52: 25 | E52: =AI52 | H52: =AJ52 | K52: =AM52 | N52: =AN52 | Q52: =AO52 | T52: =IF(AR52="","-",AR52) | V52: =IF(AT52="","-",AT52) | X52: =AU52 | Z52: =AV52 | AC52: =AW52 | AI52: 36 | AJ52: 37.5 | AK52: =AJ52-AI52 | AL52: =(AI52+AJ52)/2 | AM52: Sand | AN52: 50 | AO52: =IF(AL52>$AA$19,$AA$21,$AA$20) | AP52: =AP51+AO52*AK52 | AQ52: =AP52-AO52*AK52/2-10*MAX(AL52-$AA$19,0) | AT52: =IF(AR52="","",AR52-AS52) | AU52: 0.65 | AV52: =IF(AM52="Sand",0,Input!$AA$31*AN52) | AW52: =IF(AM52="Sand",27.1+0.3*MIN(Input!$AA$32*AN52,60)-0.00054*MIN(Input!$AA$32*AN52,60)^2,MIN(MAX(DEGREES(ASIN(0.8-0.094*LN(MAX(IF(AT52="",10,AT52),5)))),20),30)) | AX52: =IF(AM52="Sand",Input!$AA$33*Input!$AA$32*AN52,Input!$AA$34*AV52) | AY52: =IF(AM52="Sand",Input!$AA$35,0.5) | AZ52: =Input!$AA$15/2/AL52 | BA52: =Input!$AA$16/2/AL52 | BB52: =1/(4*PI())*(2*AZ52*BA52*SQRT(AZ52^2+BA52^2+1)/(AZ52^2+BA52^2+1+AZ52^2*BA52^2)*(AZ52^2+BA52^2+2)/(AZ52^2+BA52^2+1)+ATAN2(AZ52^2+BA52^2+1-AZ52^2*BA52^2,2*AZ52*BA52*SQRT(AZ52^2+BA52^2+1))) | BC52: =4*Input!$AA$14*BB52 | BD52: =((Input!$AA$16/Input!$AA$15)*LN((1+SQRT((Input!$AA$16/Input!$AA$15)^2+1))*SQRT((Input!$AA$16/Input!$AA$15)^2+(AJ52/(Input!$AA$15/2))^2)/((Input!$AA$16/Input!$AA$15)*(1+SQRT((Input!$AA$16/Input!$AA$15)^2+(AJ52/(Input!$AA$15/2))^2+1))))+LN(((Input!$AA$16/Input!$AA$15)+SQRT((Input!$AA$16/Input!$AA$15)^2+1))*SQRT(1+(AJ52/(Input!$AA$15/2))^2)/((Input!$AA$16/Input!$AA$15)+SQRT((Input!$AA$16/Input!$AA$15)^2+(AJ52/(Input!$AA$15/2))^2+1))))/PI() | BE52: =(AJ52/(Input!$AA$15/2))/(2*PI())*ATAN((Input!$AA$16/Input!$AA$15)/((AJ52/(Input!$AA$15/2))*SQRT((Input!$AA$16/Input!$AA$15)^2+(AJ52/(Input!$AA$15/2))^2+1))) | BF52: =MAX(0,AJ52-MAX(AI52,$AA$22))/AK52*IF(BC52>=Input!$AA$21*AQ52,1,0) | BG52: =4*Input!$AA$14*(Input!$AA$15/2)*(1-AY52^2)/AX52*((BD52-BD51)+(1-2*AY52)/(1-AY52)*(BE52-BE51))*1000*BF52 | BH52: =IF(AM52="Sand",0,0.009*(AR52-10)) | BI52: =BH52*Input!$AA$36 | BJ52: =IF(AM52="Sand",0,MAX(AV52/Input!$AA$37,AQ52)) | BK52: =IF(AM52="Sand",0,1000*AK52/(1+AU52)*IF(AQ52+BC52<=BJ52,BI52*LOG10((AQ52+BC52)/AQ52),BI52*LOG10(BJ52/AQ52)+BH52*LOG10((AQ52+BC52)/BJ52)))*BF52 | BL52: =IF(AM52="Sand",0,10^(INDEX(Input!$Q$48:$Q$54,MIN(MATCH(MIN(MAX(AR52,30),120),Input!$C$48:$C$54,1),6))+(MIN(MAX(AR52,30),120)-INDEX(Input!$C$48:$C$54,MIN(MATCH(MIN(MAX(AR52,30),120),Input!$C$48:$C$54,1),6)))/(INDEX(Input!$C$48:$C$54,MIN(MATCH(MIN(MAX(AR52,30),120),Input!$C$48:$C$54,1),6)+1)-INDEX(Input!$C$48:$C$54,MIN(MATCH(MIN(MAX(AR52,30),120),Input!$C$48:$C$54,1),6)))*(INDEX(Input!$Q$48:$Q$54,MIN(MATCH(MIN(MAX(AR52,30),120),Input!$C$48:$C$54,1),6)+1)-INDEX(Input!$Q$48:$Q$54,MIN(MATCH(MIN(MAX(AR52,30),120),Input!$C$48:$C$54,1),6))))) | BM52: =IF(OR(AM52="Sand",BF52=0),0,Input!$AA$38*(AK52/2)^2/(BL52*1E-4*31536000)) | BN52: =MAX(0,MIN(AJ52,Input!$AA$20)-AI52) | BO52: =MAX(0,MIN(AJ52,Input!$AA$20)-MAX(AI52,$AA$22)) | BP52: =MAX(0,MIN(AJ52,$AA$225)-AI52)
C53: 26 | E53: =AI53 | H53: =AJ53 | K53: =AM53 | N53: =AN53 | Q53: =AO53 | T53: =IF(AR53="","-",AR53) | V53: =IF(AT53="","-",AT53) | X53: =AU53 | Z53: =AV53 | AC53: =AW53 | AI53: 37.5 | AJ53: 39 | AK53: =AJ53-AI53 | AL53: =(AI53+AJ53)/2 | AM53: Clay | AN53: 50 | AO53: =IF(AL53>$AA$19,$AA$21,$AA$20) | AP53: =AP52+AO53*AK53 | AQ53: =AP53-AO53*AK53/2-10*MAX(AL53-$AA$19,0) | AR53: 42.56 | AS53: 27.27 | AT53: =IF(AR53="","",AR53-AS53) | AU53: 1.001 | AV53: =IF(AM53="Sand",0,Input!$AA$31*AN53) | AW53: =IF(AM53="Sand",27.1+0.3*MIN(Input!$AA$32*AN53,60)-0.00054*MIN(Input!$AA$32*AN53,60)^2,MIN(MAX(DEGREES(ASIN(0.8-0.094*LN(MAX(IF(AT53="",10,AT53),5)))),20),30)) | AX53: =IF(AM53="Sand",Input!$AA$33*Input!$AA$32*AN53,Input!$AA$34*AV53) | AY53: =IF(AM53="Sand",Input!$AA$35,0.5) | AZ53: =Input!$AA$15/2/AL53 | BA53: =Input!$AA$16/2/AL53 | BB53: =1/(4*PI())*(2*AZ53*BA53*SQRT(AZ53^2+BA53^2+1)/(AZ53^2+BA53^2+1+AZ53^2*BA53^2)*(AZ53^2+BA53^2+2)/(AZ53^2+BA53^2+1)+ATAN2(AZ53^2+BA53^2+1-AZ53^2*BA53^2,2*AZ53*BA53*SQRT(AZ53^2+BA53^2+1))) | BC53: =4*Input!$AA$14*BB53 | BD53: =((Input!$AA$16/Input!$AA$15)*LN((1+SQRT((Input!$AA$16/Input!$AA$15)^2+1))*SQRT((Input!$AA$16/Input!$AA$15)^2+(AJ53/(Input!$AA$15/2))^2)/((Input!$AA$16/Input!$AA$15)*(1+SQRT((Input!$AA$16/Input!$AA$15)^2+(AJ53/(Input!$AA$15/2))^2+1))))+LN(((Input!$AA$16/Input!$AA$15)+SQRT((Input!$AA$16/Input!$AA$15)^2+1))*SQRT(1+(AJ53/(Input!$AA$15/2))^2)/((Input!$AA$16/Input!$AA$15)+SQRT((Input!$AA$16/Input!$AA$15)^2+(AJ53/(Input!$AA$15/2))^2+1))))/PI() | BE53: =(AJ53/(Input!$AA$15/2))/(2*PI())*ATAN((Input!$AA$16/Input!$AA$15)/((AJ53/(Input!$AA$15/2))*SQRT((Input!$AA$16/Input!$AA$15)^2+(AJ53/(Input!$AA$15/2))^2+1))) | BF53: =MAX(0,AJ53-MAX(AI53,$AA$22))/AK53*IF(BC53>=Input!$AA$21*AQ53,1,0) | BG53: =4*Input!$AA$14*(Input!$AA$15/2)*(1-AY53^2)/AX53*((BD53-BD52)+(1-2*AY53)/(1-AY53)*(BE53-BE52))*1000*BF53 | BH53: =IF(AM53="Sand",0,0.009*(AR53-10)) | BI53: =BH53*Input!$AA$36 | BJ53: =IF(AM53="Sand",0,MAX(AV53/Input!$AA$37,AQ53)) | BK53: =IF(AM53="Sand",0,1000*AK53/(1+AU53)*IF(AQ53+BC53<=BJ53,BI53*LOG10((AQ53+BC53)/AQ53),BI53*LOG10(BJ53/AQ53)+BH53*LOG10((AQ53+BC53)/BJ53)))*BF53 | BL53: =IF(AM53="Sand",0,10^(INDEX(Input!$Q$48:$Q$54,MIN(MATCH(MIN(MAX(AR53,30),120),Input!$C$48:$C$54,1),6))+(MIN(MAX(AR53,30),120)-INDEX(Input!$C$48:$C$54,MIN(MATCH(MIN(MAX(AR53,30),120),Input!$C$48:$C$54,1),6)))/(INDEX(Input!$C$48:$C$54,MIN(MATCH(MIN(MAX(AR53,30),120),Input!$C$48:$C$54,1),6)+1)-INDEX(Input!$C$48:$C$54,MIN(MATCH(MIN(MAX(AR53,30),120),Input!$C$48:$C$54,1),6)))*(INDEX(Input!$Q$48:$Q$54,MIN(MATCH(MIN(MAX(AR53,30),120),Input!$C$48:$C$54,1),6)+1)-INDEX(Input!$Q$48:$Q$54,MIN(MATCH(MIN(MAX(AR53,30),120),Input!$C$48:$C$54,1),6))))) | BM53: =IF(OR(AM53="Sand",BF53=0),0,Input!$AA$38*(AK53/2)^2/(BL53*1E-4*31536000)) | BN53: =MAX(0,MIN(AJ53,Input!$AA$20)-AI53) | BO53: =MAX(0,MIN(AJ53,Input!$AA$20)-MAX(AI53,$AA$22)) | BP53: =MAX(0,MIN(AJ53,$AA$225)-AI53)
C54: 27 | E54: =AI54 | H54: =AJ54 | K54: =AM54 | N54: =AN54 | Q54: =AO54 | T54: =IF(AR54="","-",AR54) | V54: =IF(AT54="","-",AT54) | X54: =AU54 | Z54: =AV54 | AC54: =AW54 | AI54: 39 | AJ54: 40.5 | AK54: =AJ54-AI54 | AL54: =(AI54+AJ54)/2 | AM54: Clay | AN54: 50 | AO54: =IF(AL54>$AA$19,$AA$21,$AA$20) | AP54: =AP53+AO54*AK54 | AQ54: =AP54-AO54*AK54/2-10*MAX(AL54-$AA$19,0) | AR54: 29.665 | AS54: 19.806 | AT54: =IF(AR54="","",AR54-AS54) | AU54: 0.681 | AV54: =IF(AM54="Sand",0,Input!$AA$31*AN54) | AW54: =IF(AM54="Sand",27.1+0.3*MIN(Input!$AA$32*AN54,60)-0.00054*MIN(Input!$AA$32*AN54,60)^2,MIN(MAX(DEGREES(ASIN(0.8-0.094*LN(MAX(IF(AT54="",10,AT54),5)))),20),30)) | AX54: =IF(AM54="Sand",Input!$AA$33*Input!$AA$32*AN54,Input!$AA$34*AV54) | AY54: =IF(AM54="Sand",Input!$AA$35,0.5) | AZ54: =Input!$AA$15/2/AL54 | BA54: =Input!$AA$16/2/AL54 | BB54: =1/(4*PI())*(2*AZ54*BA54*SQRT(AZ54^2+BA54^2+1)/(AZ54^2+BA54^2+1+AZ54^2*BA54^2)*(AZ54^2+BA54^2+2)/(AZ54^2+BA54^2+1)+ATAN2(AZ54^2+BA54^2+1-AZ54^2*BA54^2,2*AZ54*BA54*SQRT(AZ54^2+BA54^2+1))) | BC54: =4*Input!$AA$14*BB54 | BD54: =((Input!$AA$16/Input!$AA$15)*LN((1+SQRT((Input!$AA$16/Input!$AA$15)^2+1))*SQRT((Input!$AA$16/Input!$AA$15)^2+(AJ54/(Input!$AA$15/2))^2)/((Input!$AA$16/Input!$AA$15)*(1+SQRT((Input!$AA$16/Input!$AA$15)^2+(AJ54/(Input!$AA$15/2))^2+1))))+LN(((Input!$AA$16/Input!$AA$15)+SQRT((Input!$AA$16/Input!$AA$15)^2+1))*SQRT(1+(AJ54/(Input!$AA$15/2))^2)/((Input!$AA$16/Input!$AA$15)+SQRT((Input!$AA$16/Input!$AA$15)^2+(AJ54/(Input!$AA$15/2))^2+1))))/PI() | BE54: =(AJ54/(Input!$AA$15/2))/(2*PI())*ATAN((Input!$AA$16/Input!$AA$15)/((AJ54/(Input!$AA$15/2))*SQRT((Input!$AA$16/Input!$AA$15)^2+(AJ54/(Input!$AA$15/2))^2+1))) | BF54: =MAX(0,AJ54-MAX(AI54,$AA$22))/AK54*IF(BC54>=Input!$AA$21*AQ54,1,0) | BG54: =4*Input!$AA$14*(Input!$AA$15/2)*(1-AY54^2)/AX54*((BD54-BD53)+(1-2*AY54)/(1-AY54)*(BE54-BE53))*1000*BF54 | BH54: =IF(AM54="Sand",0,0.009*(AR54-10)) | BI54: =BH54*Input!$AA$36 | BJ54: =IF(AM54="Sand",0,MAX(AV54/Input!$AA$37,AQ54)) | BK54: =IF(AM54="Sand",0,1000*AK54/(1+AU54)*IF(AQ54+BC54<=BJ54,BI54*LOG10((AQ54+BC54)/AQ54),BI54*LOG10(BJ54/AQ54)+BH54*LOG10((AQ54+BC54)/BJ54)))*BF54 | BL54: =IF(AM54="Sand",0,10^(INDEX(Input!$Q$48:$Q$54,MIN(MATCH(MIN(MAX(AR54,30),120),Input!$C$48:$C$54,1),6))+(MIN(MAX(AR54,30),120)-INDEX(Input!$C$48:$C$54,MIN(MATCH(MIN(MAX(AR54,30),120),Input!$C$48:$C$54,1),6)))/(INDEX(Input!$C$48:$C$54,MIN(MATCH(MIN(MAX(AR54,30),120),Input!$C$48:$C$54,1),6)+1)-INDEX(Input!$C$48:$C$54,MIN(MATCH(MIN(MAX(AR54,30),120),Input!$C$48:$C$54,1),6)))*(INDEX(Input!$Q$48:$Q$54,MIN(MATCH(MIN(MAX(AR54,30),120),Input!$C$48:$C$54,1),6)+1)-INDEX(Input!$Q$48:$Q$54,MIN(MATCH(MIN(MAX(AR54,30),120),Input!$C$48:$C$54,1),6))))) | BM54: =IF(OR(AM54="Sand",BF54=0),0,Input!$AA$38*(AK54/2)^2/(BL54*1E-4*31536000)) | BN54: =MAX(0,MIN(AJ54,Input!$AA$20)-AI54) | BO54: =MAX(0,MIN(AJ54,Input!$AA$20)-MAX(AI54,$AA$22)) | BP54: =MAX(0,MIN(AJ54,$AA$225)-AI54) | BQ54: LL/PL/e0 = borehole average
C55: 28 | E55: =AI55 | H55: =AJ55 | K55: =AM55 | N55: =AN55 | Q55: =AO55 | T55: =IF(AR55="","-",AR55) | V55: =IF(AT55="","-",AT55) | X55: =AU55 | Z55: =AV55 | AC55: =AW55 | AI55: 40.5 | AJ55: 42 | AK55: =AJ55-AI55 | AL55: =(AI55+AJ55)/2 | AM55: Clay | AN55: 50 | AO55: =IF(AL55>$AA$19,$AA$21,$AA$20) | AP55: =AP54+AO55*AK55 | AQ55: =AP55-AO55*AK55/2-10*MAX(AL55-$AA$19,0) | AR55: 36.82 | AS55: 20.32 | AT55: =IF(AR55="","",AR55-AS55) | AU55: 0.836 | AV55: =IF(AM55="Sand",0,Input!$AA$31*AN55) | AW55: =IF(AM55="Sand",27.1+0.3*MIN(Input!$AA$32*AN55,60)-0.00054*MIN(Input!$AA$32*AN55,60)^2,MIN(MAX(DEGREES(ASIN(0.8-0.094*LN(MAX(IF(AT55="",10,AT55),5)))),20),30)) | AX55: =IF(AM55="Sand",Input!$AA$33*Input!$AA$32*AN55,Input!$AA$34*AV55) | AY55: =IF(AM55="Sand",Input!$AA$35,0.5) | AZ55: =Input!$AA$15/2/AL55 | BA55: =Input!$AA$16/2/AL55 | BB55: =1/(4*PI())*(2*AZ55*BA55*SQRT(AZ55^2+BA55^2+1)/(AZ55^2+BA55^2+1+AZ55^2*BA55^2)*(AZ55^2+BA55^2+2)/(AZ55^2+BA55^2+1)+ATAN2(AZ55^2+BA55^2+1-AZ55^2*BA55^2,2*AZ55*BA55*SQRT(AZ55^2+BA55^2+1))) | BC55: =4*Input!$AA$14*BB55 | BD55: =((Input!$AA$16/Input!$AA$15)*LN((1+SQRT((Input!$AA$16/Input!$AA$15)^2+1))*SQRT((Input!$AA$16/Input!$AA$15)^2+(AJ55/(Input!$AA$15/2))^2)/((Input!$AA$16/Input!$AA$15)*(1+SQRT((Input!$AA$16/Input!$AA$15)^2+(AJ55/(Input!$AA$15/2))^2+1))))+LN(((Input!$AA$16/Input!$AA$15)+SQRT((Input!$AA$16/Input!$AA$15)^2+1))*SQRT(1+(AJ55/(Input!$AA$15/2))^2)/((Input!$AA$16/Input!$AA$15)+SQRT((Input!$AA$16/Input!$AA$15)^2+(AJ55/(Input!$AA$15/2))^2+1))))/PI() | BE55: =(AJ55/(Input!$AA$15/2))/(2*PI())*ATAN((Input!$AA$16/Input!$AA$15)/((AJ55/(Input!$AA$15/2))*SQRT((Input!$AA$16/Input!$AA$15)^2+(AJ55/(Input!$AA$15/2))^2+1))) | BF55: =MAX(0,AJ55-MAX(AI55,$AA$22))/AK55*IF(BC55>=Input!$AA$21*AQ55,1,0) | BG55: =4*Input!$AA$14*(Input!$AA$15/2)*(1-AY55^2)/AX55*((BD55-BD54)+(1-2*AY55)/(1-AY55)*(BE55-BE54))*1000*BF55 | BH55: =IF(AM55="Sand",0,0.009*(AR55-10)) | BI55: =BH55*Input!$AA$36 | BJ55: =IF(AM55="Sand",0,MAX(AV55/Input!$AA$37,AQ55)) | BK55: =IF(AM55="Sand",0,1000*AK55/(1+AU55)*IF(AQ55+BC55<=BJ55,BI55*LOG10((AQ55+BC55)/AQ55),BI55*LOG10(BJ55/AQ55)+BH55*LOG10((AQ55+BC55)/BJ55)))*BF55 | BL55: =IF(AM55="Sand",0,10^(INDEX(Input!$Q$48:$Q$54,MIN(MATCH(MIN(MAX(AR55,30),120),Input!$C$48:$C$54,1),6))+(MIN(MAX(AR55,30),120)-INDEX(Input!$C$48:$C$54,MIN(MATCH(MIN(MAX(AR55,30),120),Input!$C$48:$C$54,1),6)))/(INDEX(Input!$C$48:$C$54,MIN(MATCH(MIN(MAX(AR55,30),120),Input!$C$48:$C$54,1),6)+1)-INDEX(Input!$C$48:$C$54,MIN(MATCH(MIN(MAX(AR55,30),120),Input!$C$48:$C$54,1),6)))*(INDEX(Input!$Q$48:$Q$54,MIN(MATCH(MIN(MAX(AR55,30),120),Input!$C$48:$C$54,1),6)+1)-INDEX(Input!$Q$48:$Q$54,MIN(MATCH(MIN(MAX(AR55,30),120),Input!$C$48:$C$54,1),6))))) | BM55: =IF(OR(AM55="Sand",BF55=0),0,Input!$AA$38*(AK55/2)^2/(BL55*1E-4*31536000)) | BN55: =MAX(0,MIN(AJ55,Input!$AA$20)-AI55) | BO55: =MAX(0,MIN(AJ55,Input!$AA$20)-MAX(AI55,$AA$22)) | BP55: =MAX(0,MIN(AJ55,$AA$225)-AI55)
C56: 29 | E56: =AI56 | H56: =AJ56 | K56: =AM56 | N56: =AN56 | Q56: =AO56 | T56: =IF(AR56="","-",AR56) | V56: =IF(AT56="","-",AT56) | X56: =AU56 | Z56: =AV56 | AC56: =AW56 | AI56: 42 | AJ56: 43.5 | AK56: =AJ56-AI56 | AL56: =(AI56+AJ56)/2 | AM56: Clay | AN56: 50 | AO56: =IF(AL56>$AA$19,$AA$21,$AA$20) | AP56: =AP55+AO56*AK56 | AQ56: =AP56-AO56*AK56/2-10*MAX(AL56-$AA$19,0) | AR56: 29.665 | AS56: 19.806 | AT56: =IF(AR56="","",AR56-AS56) | AU56: 0.681 | AV56: =IF(AM56="Sand",0,Input!$AA$31*AN56) | AW56: =IF(AM56="Sand",27.1+0.3*MIN(Input!$AA$32*AN56,60)-0.00054*MIN(Input!$AA$32*AN56,60)^2,MIN(MAX(DEGREES(ASIN(0.8-0.094*LN(MAX(IF(AT56="",10,AT56),5)))),20),30)) | AX56: =IF(AM56="Sand",Input!$AA$33*Input!$AA$32*AN56,Input!$AA$34*AV56) | AY56: =IF(AM56="Sand",Input!$AA$35,0.5) | AZ56: =Input!$AA$15/2/AL56 | BA56: =Input!$AA$16/2/AL56 | BB56: =1/(4*PI())*(2*AZ56*BA56*SQRT(AZ56^2+BA56^2+1)/(AZ56^2+BA56^2+1+AZ56^2*BA56^2)*(AZ56^2+BA56^2+2)/(AZ56^2+BA56^2+1)+ATAN2(AZ56^2+BA56^2+1-AZ56^2*BA56^2,2*AZ56*BA56*SQRT(AZ56^2+BA56^2+1))) | BC56: =4*Input!$AA$14*BB56 | BD56: =((Input!$AA$16/Input!$AA$15)*LN((1+SQRT((Input!$AA$16/Input!$AA$15)^2+1))*SQRT((Input!$AA$16/Input!$AA$15)^2+(AJ56/(Input!$AA$15/2))^2)/((Input!$AA$16/Input!$AA$15)*(1+SQRT((Input!$AA$16/Input!$AA$15)^2+(AJ56/(Input!$AA$15/2))^2+1))))+LN(((Input!$AA$16/Input!$AA$15)+SQRT((Input!$AA$16/Input!$AA$15)^2+1))*SQRT(1+(AJ56/(Input!$AA$15/2))^2)/((Input!$AA$16/Input!$AA$15)+SQRT((Input!$AA$16/Input!$AA$15)^2+(AJ56/(Input!$AA$15/2))^2+1))))/PI() | BE56: =(AJ56/(Input!$AA$15/2))/(2*PI())*ATAN((Input!$AA$16/Input!$AA$15)/((AJ56/(Input!$AA$15/2))*SQRT((Input!$AA$16/Input!$AA$15)^2+(AJ56/(Input!$AA$15/2))^2+1))) | BF56: =MAX(0,AJ56-MAX(AI56,$AA$22))/AK56*IF(BC56>=Input!$AA$21*AQ56,1,0) | BG56: =4*Input!$AA$14*(Input!$AA$15/2)*(1-AY56^2)/AX56*((BD56-BD55)+(1-2*AY56)/(1-AY56)*(BE56-BE55))*1000*BF56 | BH56: =IF(AM56="Sand",0,0.009*(AR56-10)) | BI56: =BH56*Input!$AA$36 | BJ56: =IF(AM56="Sand",0,MAX(AV56/Input!$AA$37,AQ56)) | BK56: =IF(AM56="Sand",0,1000*AK56/(1+AU56)*IF(AQ56+BC56<=BJ56,BI56*LOG10((AQ56+BC56)/AQ56),BI56*LOG10(BJ56/AQ56)+BH56*LOG10((AQ56+BC56)/BJ56)))*BF56 | BL56: =IF(AM56="Sand",0,10^(INDEX(Input!$Q$48:$Q$54,MIN(MATCH(MIN(MAX(AR56,30),120),Input!$C$48:$C$54,1),6))+(MIN(MAX(AR56,30),120)-INDEX(Input!$C$48:$C$54,MIN(MATCH(MIN(MAX(AR56,30),120),Input!$C$48:$C$54,1),6)))/(INDEX(Input!$C$48:$C$54,MIN(MATCH(MIN(MAX(AR56,30),120),Input!$C$48:$C$54,1),6)+1)-INDEX(Input!$C$48:$C$54,MIN(MATCH(MIN(MAX(AR56,30),120),Input!$C$48:$C$54,1),6)))*(INDEX(Input!$Q$48:$Q$54,MIN(MATCH(MIN(MAX(AR56,30),120),Input!$C$48:$C$54,1),6)+1)-INDEX(Input!$Q$48:$Q$54,MIN(MATCH(MIN(MAX(AR56,30),120),Input!$C$48:$C$54,1),6))))) | BM56: =IF(OR(AM56="Sand",BF56=0),0,Input!$AA$38*(AK56/2)^2/(BL56*1E-4*31536000)) | BN56: =MAX(0,MIN(AJ56,Input!$AA$20)-AI56) | BO56: =MAX(0,MIN(AJ56,Input!$AA$20)-MAX(AI56,$AA$22)) | BP56: =MAX(0,MIN(AJ56,$AA$225)-AI56) | BQ56: LL/PL/e0 = borehole average
C57: 30 | E57: =AI57 | H57: =AJ57 | K57: =AM57 | N57: =AN57 | Q57: =AO57 | T57: =IF(AR57="","-",AR57) | V57: =IF(AT57="","-",AT57) | X57: =AU57 | Z57: =AV57 | AC57: =AW57 | AI57: 43.5 | AJ57: 45 | AK57: =AJ57-AI57 | AL57: =(AI57+AJ57)/2 | AM57: Clay | AN57: 50 | AO57: =IF(AL57>$AA$19,$AA$21,$AA$20) | AP57: =AP56+AO57*AK57 | AQ57: =AP57-AO57*AK57/2-10*MAX(AL57-$AA$19,0) | AR57: 30.1 | AS57: 20.6 | AT57: =IF(AR57="","",AR57-AS57) | AU57: 0.703 | AV57: =IF(AM57="Sand",0,Input!$AA$31*AN57) | AW57: =IF(AM57="Sand",27.1+0.3*MIN(Input!$AA$32*AN57,60)-0.00054*MIN(Input!$AA$32*AN57,60)^2,MIN(MAX(DEGREES(ASIN(0.8-0.094*LN(MAX(IF(AT57="",10,AT57),5)))),20),30)) | AX57: =IF(AM57="Sand",Input!$AA$33*Input!$AA$32*AN57,Input!$AA$34*AV57) | AY57: =IF(AM57="Sand",Input!$AA$35,0.5) | AZ57: =Input!$AA$15/2/AL57 | BA57: =Input!$AA$16/2/AL57 | BB57: =1/(4*PI())*(2*AZ57*BA57*SQRT(AZ57^2+BA57^2+1)/(AZ57^2+BA57^2+1+AZ57^2*BA57^2)*(AZ57^2+BA57^2+2)/(AZ57^2+BA57^2+1)+ATAN2(AZ57^2+BA57^2+1-AZ57^2*BA57^2,2*AZ57*BA57*SQRT(AZ57^2+BA57^2+1))) | BC57: =4*Input!$AA$14*BB57 | BD57: =((Input!$AA$16/Input!$AA$15)*LN((1+SQRT((Input!$AA$16/Input!$AA$15)^2+1))*SQRT((Input!$AA$16/Input!$AA$15)^2+(AJ57/(Input!$AA$15/2))^2)/((Input!$AA$16/Input!$AA$15)*(1+SQRT((Input!$AA$16/Input!$AA$15)^2+(AJ57/(Input!$AA$15/2))^2+1))))+LN(((Input!$AA$16/Input!$AA$15)+SQRT((Input!$AA$16/Input!$AA$15)^2+1))*SQRT(1+(AJ57/(Input!$AA$15/2))^2)/((Input!$AA$16/Input!$AA$15)+SQRT((Input!$AA$16/Input!$AA$15)^2+(AJ57/(Input!$AA$15/2))^2+1))))/PI() | BE57: =(AJ57/(Input!$AA$15/2))/(2*PI())*ATAN((Input!$AA$16/Input!$AA$15)/((AJ57/(Input!$AA$15/2))*SQRT((Input!$AA$16/Input!$AA$15)^2+(AJ57/(Input!$AA$15/2))^2+1))) | BF57: =MAX(0,AJ57-MAX(AI57,$AA$22))/AK57*IF(BC57>=Input!$AA$21*AQ57,1,0) | BG57: =4*Input!$AA$14*(Input!$AA$15/2)*(1-AY57^2)/AX57*((BD57-BD56)+(1-2*AY57)/(1-AY57)*(BE57-BE56))*1000*BF57 | BH57: =IF(AM57="Sand",0,0.009*(AR57-10)) | BI57: =BH57*Input!$AA$36 | BJ57: =IF(AM57="Sand",0,MAX(AV57/Input!$AA$37,AQ57)) | BK57: =IF(AM57="Sand",0,1000*AK57/(1+AU57)*IF(AQ57+BC57<=BJ57,BI57*LOG10((AQ57+BC57)/AQ57),BI57*LOG10(BJ57/AQ57)+BH57*LOG10((AQ57+BC57)/BJ57)))*BF57 | BL57: =IF(AM57="Sand",0,10^(INDEX(Input!$Q$48:$Q$54,MIN(MATCH(MIN(MAX(AR57,30),120),Input!$C$48:$C$54,1),6))+(MIN(MAX(AR57,30),120)-INDEX(Input!$C$48:$C$54,MIN(MATCH(MIN(MAX(AR57,30),120),Input!$C$48:$C$54,1),6)))/(INDEX(Input!$C$48:$C$54,MIN(MATCH(MIN(MAX(AR57,30),120),Input!$C$48:$C$54,1),6)+1)-INDEX(Input!$C$48:$C$54,MIN(MATCH(MIN(MAX(AR57,30),120),Input!$C$48:$C$54,1),6)))*(INDEX(Input!$Q$48:$Q$54,MIN(MATCH(MIN(MAX(AR57,30),120),Input!$C$48:$C$54,1),6)+1)-INDEX(Input!$Q$48:$Q$54,MIN(MATCH(MIN(MAX(AR57,30),120),Input!$C$48:$C$54,1),6))))) | BM57: =IF(OR(AM57="Sand",BF57=0),0,Input!$AA$38*(AK57/2)^2/(BL57*1E-4*31536000)) | BN57: =MAX(0,MIN(AJ57,Input!$AA$20)-AI57) | BO57: =MAX(0,MIN(AJ57,Input!$AA$20)-MAX(AI57,$AA$22)) | BP57: =MAX(0,MIN(AJ57,$AA$225)-AI57)
C58: 31 | E58: =AI58 | H58: =AJ58 | K58: =AM58 | N58: =AN58 | Q58: =AO58 | T58: =IF(AR58="","-",AR58) | V58: =IF(AT58="","-",AT58) | X58: =AU58 | Z58: =AV58 | AC58: =AW58 | AI58: 45 | AJ58: 46.5 | AK58: =AJ58-AI58 | AL58: =(AI58+AJ58)/2 | AM58: Clay | AN58: 33 | AO58: =IF(AL58>$AA$19,$AA$21,$AA$20) | AP58: =AP57+AO58*AK58 | AQ58: =AP58-AO58*AK58/2-10*MAX(AL58-$AA$19,0) | AR58: 29.665 | AS58: 19.806 | AT58: =IF(AR58="","",AR58-AS58) | AU58: 0.681 | AV58: =IF(AM58="Sand",0,Input!$AA$31*AN58) | AW58: =IF(AM58="Sand",27.1+0.3*MIN(Input!$AA$32*AN58,60)-0.00054*MIN(Input!$AA$32*AN58,60)^2,MIN(MAX(DEGREES(ASIN(0.8-0.094*LN(MAX(IF(AT58="",10,AT58),5)))),20),30)) | AX58: =IF(AM58="Sand",Input!$AA$33*Input!$AA$32*AN58,Input!$AA$34*AV58) | AY58: =IF(AM58="Sand",Input!$AA$35,0.5) | AZ58: =Input!$AA$15/2/AL58 | BA58: =Input!$AA$16/2/AL58 | BB58: =1/(4*PI())*(2*AZ58*BA58*SQRT(AZ58^2+BA58^2+1)/(AZ58^2+BA58^2+1+AZ58^2*BA58^2)*(AZ58^2+BA58^2+2)/(AZ58^2+BA58^2+1)+ATAN2(AZ58^2+BA58^2+1-AZ58^2*BA58^2,2*AZ58*BA58*SQRT(AZ58^2+BA58^2+1))) | BC58: =4*Input!$AA$14*BB58 | BD58: =((Input!$AA$16/Input!$AA$15)*LN((1+SQRT((Input!$AA$16/Input!$AA$15)^2+1))*SQRT((Input!$AA$16/Input!$AA$15)^2+(AJ58/(Input!$AA$15/2))^2)/((Input!$AA$16/Input!$AA$15)*(1+SQRT((Input!$AA$16/Input!$AA$15)^2+(AJ58/(Input!$AA$15/2))^2+1))))+LN(((Input!$AA$16/Input!$AA$15)+SQRT((Input!$AA$16/Input!$AA$15)^2+1))*SQRT(1+(AJ58/(Input!$AA$15/2))^2)/((Input!$AA$16/Input!$AA$15)+SQRT((Input!$AA$16/Input!$AA$15)^2+(AJ58/(Input!$AA$15/2))^2+1))))/PI() | BE58: =(AJ58/(Input!$AA$15/2))/(2*PI())*ATAN((Input!$AA$16/Input!$AA$15)/((AJ58/(Input!$AA$15/2))*SQRT((Input!$AA$16/Input!$AA$15)^2+(AJ58/(Input!$AA$15/2))^2+1))) | BF58: =MAX(0,AJ58-MAX(AI58,$AA$22))/AK58*IF(BC58>=Input!$AA$21*AQ58,1,0) | BG58: =4*Input!$AA$14*(Input!$AA$15/2)*(1-AY58^2)/AX58*((BD58-BD57)+(1-2*AY58)/(1-AY58)*(BE58-BE57))*1000*BF58 | BH58: =IF(AM58="Sand",0,0.009*(AR58-10)) | BI58: =BH58*Input!$AA$36 | BJ58: =IF(AM58="Sand",0,MAX(AV58/Input!$AA$37,AQ58)) | BK58: =IF(AM58="Sand",0,1000*AK58/(1+AU58)*IF(AQ58+BC58<=BJ58,BI58*LOG10((AQ58+BC58)/AQ58),BI58*LOG10(BJ58/AQ58)+BH58*LOG10((AQ58+BC58)/BJ58)))*BF58 | BL58: =IF(AM58="Sand",0,10^(INDEX(Input!$Q$48:$Q$54,MIN(MATCH(MIN(MAX(AR58,30),120),Input!$C$48:$C$54,1),6))+(MIN(MAX(AR58,30),120)-INDEX(Input!$C$48:$C$54,MIN(MATCH(MIN(MAX(AR58,30),120),Input!$C$48:$C$54,1),6)))/(INDEX(Input!$C$48:$C$54,MIN(MATCH(MIN(MAX(AR58,30),120),Input!$C$48:$C$54,1),6)+1)-INDEX(Input!$C$48:$C$54,MIN(MATCH(MIN(MAX(AR58,30),120),Input!$C$48:$C$54,1),6)))*(INDEX(Input!$Q$48:$Q$54,MIN(MATCH(MIN(MAX(AR58,30),120),Input!$C$48:$C$54,1),6)+1)-INDEX(Input!$Q$48:$Q$54,MIN(MATCH(MIN(MAX(AR58,30),120),Input!$C$48:$C$54,1),6))))) | BM58: =IF(OR(AM58="Sand",BF58=0),0,Input!$AA$38*(AK58/2)^2/(BL58*1E-4*31536000)) | BN58: =MAX(0,MIN(AJ58,Input!$AA$20)-AI58) | BO58: =MAX(0,MIN(AJ58,Input!$AA$20)-MAX(AI58,$AA$22)) | BP58: =MAX(0,MIN(AJ58,$AA$225)-AI58) | BQ58: LL/PL/e0 = borehole average
C59: 32 | E59: =AI59 | H59: =AJ59 | K59: =AM59 | N59: =AN59 | Q59: =AO59 | T59: =IF(AR59="","-",AR59) | V59: =IF(AT59="","-",AT59) | X59: =AU59 | Z59: =AV59 | AC59: =AW59 | AI59: 46.5 | AJ59: 48 | AK59: =AJ59-AI59 | AL59: =(AI59+AJ59)/2 | AM59: Clay | AN59: 36 | AO59: =IF(AL59>$AA$19,$AA$21,$AA$20) | AP59: =AP58+AO59*AK59 | AQ59: =AP59-AO59*AK59/2-10*MAX(AL59-$AA$19,0) | AR59: 39.36 | AS59: 25.37 | AT59: =IF(AR59="","",AR59-AS59) | AU59: 0.841 | AV59: =IF(AM59="Sand",0,Input!$AA$31*AN59) | AW59: =IF(AM59="Sand",27.1+0.3*MIN(Input!$AA$32*AN59,60)-0.00054*MIN(Input!$AA$32*AN59,60)^2,MIN(MAX(DEGREES(ASIN(0.8-0.094*LN(MAX(IF(AT59="",10,AT59),5)))),20),30)) | AX59: =IF(AM59="Sand",Input!$AA$33*Input!$AA$32*AN59,Input!$AA$34*AV59) | AY59: =IF(AM59="Sand",Input!$AA$35,0.5) | AZ59: =Input!$AA$15/2/AL59 | BA59: =Input!$AA$16/2/AL59 | BB59: =1/(4*PI())*(2*AZ59*BA59*SQRT(AZ59^2+BA59^2+1)/(AZ59^2+BA59^2+1+AZ59^2*BA59^2)*(AZ59^2+BA59^2+2)/(AZ59^2+BA59^2+1)+ATAN2(AZ59^2+BA59^2+1-AZ59^2*BA59^2,2*AZ59*BA59*SQRT(AZ59^2+BA59^2+1))) | BC59: =4*Input!$AA$14*BB59 | BD59: =((Input!$AA$16/Input!$AA$15)*LN((1+SQRT((Input!$AA$16/Input!$AA$15)^2+1))*SQRT((Input!$AA$16/Input!$AA$15)^2+(AJ59/(Input!$AA$15/2))^2)/((Input!$AA$16/Input!$AA$15)*(1+SQRT((Input!$AA$16/Input!$AA$15)^2+(AJ59/(Input!$AA$15/2))^2+1))))+LN(((Input!$AA$16/Input!$AA$15)+SQRT((Input!$AA$16/Input!$AA$15)^2+1))*SQRT(1+(AJ59/(Input!$AA$15/2))^2)/((Input!$AA$16/Input!$AA$15)+SQRT((Input!$AA$16/Input!$AA$15)^2+(AJ59/(Input!$AA$15/2))^2+1))))/PI() | BE59: =(AJ59/(Input!$AA$15/2))/(2*PI())*ATAN((Input!$AA$16/Input!$AA$15)/((AJ59/(Input!$AA$15/2))*SQRT((Input!$AA$16/Input!$AA$15)^2+(AJ59/(Input!$AA$15/2))^2+1))) | BF59: =MAX(0,AJ59-MAX(AI59,$AA$22))/AK59*IF(BC59>=Input!$AA$21*AQ59,1,0) | BG59: =4*Input!$AA$14*(Input!$AA$15/2)*(1-AY59^2)/AX59*((BD59-BD58)+(1-2*AY59)/(1-AY59)*(BE59-BE58))*1000*BF59 | BH59: =IF(AM59="Sand",0,0.009*(AR59-10)) | BI59: =BH59*Input!$AA$36 | BJ59: =IF(AM59="Sand",0,MAX(AV59/Input!$AA$37,AQ59)) | BK59: =IF(AM59="Sand",0,1000*AK59/(1+AU59)*IF(AQ59+BC59<=BJ59,BI59*LOG10((AQ59+BC59)/AQ59),BI59*LOG10(BJ59/AQ59)+BH59*LOG10((AQ59+BC59)/BJ59)))*BF59 | BL59: =IF(AM59="Sand",0,10^(INDEX(Input!$Q$48:$Q$54,MIN(MATCH(MIN(MAX(AR59,30),120),Input!$C$48:$C$54,1),6))+(MIN(MAX(AR59,30),120)-INDEX(Input!$C$48:$C$54,MIN(MATCH(MIN(MAX(AR59,30),120),Input!$C$48:$C$54,1),6)))/(INDEX(Input!$C$48:$C$54,MIN(MATCH(MIN(MAX(AR59,30),120),Input!$C$48:$C$54,1),6)+1)-INDEX(Input!$C$48:$C$54,MIN(MATCH(MIN(MAX(AR59,30),120),Input!$C$48:$C$54,1),6)))*(INDEX(Input!$Q$48:$Q$54,MIN(MATCH(MIN(MAX(AR59,30),120),Input!$C$48:$C$54,1),6)+1)-INDEX(Input!$Q$48:$Q$54,MIN(MATCH(MIN(MAX(AR59,30),120),Input!$C$48:$C$54,1),6))))) | BM59: =IF(OR(AM59="Sand",BF59=0),0,Input!$AA$38*(AK59/2)^2/(BL59*1E-4*31536000)) | BN59: =MAX(0,MIN(AJ59,Input!$AA$20)-AI59) | BO59: =MAX(0,MIN(AJ59,Input!$AA$20)-MAX(AI59,$AA$22)) | BP59: =MAX(0,MIN(AJ59,$AA$225)-AI59)
C60: 33 | E60: =AI60 | H60: =AJ60 | K60: =AM60 | N60: =AN60 | Q60: =AO60 | T60: =IF(AR60="","-",AR60) | V60: =IF(AT60="","-",AT60) | X60: =AU60 | Z60: =AV60 | AC60: =AW60 | AI60: 48 | AJ60: 49.5 | AK60: =AJ60-AI60 | AL60: =(AI60+AJ60)/2 | AM60: Clay | AN60: 31 | AO60: =IF(AL60>$AA$19,$AA$21,$AA$20) | AP60: =AP59+AO60*AK60 | AQ60: =AP60-AO60*AK60/2-10*MAX(AL60-$AA$19,0) | AR60: 29.665 | AS60: 19.806 | AT60: =IF(AR60="","",AR60-AS60) | AU60: 0.681 | AV60: =IF(AM60="Sand",0,Input!$AA$31*AN60) | AW60: =IF(AM60="Sand",27.1+0.3*MIN(Input!$AA$32*AN60,60)-0.00054*MIN(Input!$AA$32*AN60,60)^2,MIN(MAX(DEGREES(ASIN(0.8-0.094*LN(MAX(IF(AT60="",10,AT60),5)))),20),30)) | AX60: =IF(AM60="Sand",Input!$AA$33*Input!$AA$32*AN60,Input!$AA$34*AV60) | AY60: =IF(AM60="Sand",Input!$AA$35,0.5) | AZ60: =Input!$AA$15/2/AL60 | BA60: =Input!$AA$16/2/AL60 | BB60: =1/(4*PI())*(2*AZ60*BA60*SQRT(AZ60^2+BA60^2+1)/(AZ60^2+BA60^2+1+AZ60^2*BA60^2)*(AZ60^2+BA60^2+2)/(AZ60^2+BA60^2+1)+ATAN2(AZ60^2+BA60^2+1-AZ60^2*BA60^2,2*AZ60*BA60*SQRT(AZ60^2+BA60^2+1))) | BC60: =4*Input!$AA$14*BB60 | BD60: =((Input!$AA$16/Input!$AA$15)*LN((1+SQRT((Input!$AA$16/Input!$AA$15)^2+1))*SQRT((Input!$AA$16/Input!$AA$15)^2+(AJ60/(Input!$AA$15/2))^2)/((Input!$AA$16/Input!$AA$15)*(1+SQRT((Input!$AA$16/Input!$AA$15)^2+(AJ60/(Input!$AA$15/2))^2+1))))+LN(((Input!$AA$16/Input!$AA$15)+SQRT((Input!$AA$16/Input!$AA$15)^2+1))*SQRT(1+(AJ60/(Input!$AA$15/2))^2)/((Input!$AA$16/Input!$AA$15)+SQRT((Input!$AA$16/Input!$AA$15)^2+(AJ60/(Input!$AA$15/2))^2+1))))/PI() | BE60: =(AJ60/(Input!$AA$15/2))/(2*PI())*ATAN((Input!$AA$16/Input!$AA$15)/((AJ60/(Input!$AA$15/2))*SQRT((Input!$AA$16/Input!$AA$15)^2+(AJ60/(Input!$AA$15/2))^2+1))) | BF60: =MAX(0,AJ60-MAX(AI60,$AA$22))/AK60*IF(BC60>=Input!$AA$21*AQ60,1,0) | BG60: =4*Input!$AA$14*(Input!$AA$15/2)*(1-AY60^2)/AX60*((BD60-BD59)+(1-2*AY60)/(1-AY60)*(BE60-BE59))*1000*BF60 | BH60: =IF(AM60="Sand",0,0.009*(AR60-10)) | BI60: =BH60*Input!$AA$36 | BJ60: =IF(AM60="Sand",0,MAX(AV60/Input!$AA$37,AQ60)) | BK60: =IF(AM60="Sand",0,1000*AK60/(1+AU60)*IF(AQ60+BC60<=BJ60,BI60*LOG10((AQ60+BC60)/AQ60),BI60*LOG10(BJ60/AQ60)+BH60*LOG10((AQ60+BC60)/BJ60)))*BF60 | BL60: =IF(AM60="Sand",0,10^(INDEX(Input!$Q$48:$Q$54,MIN(MATCH(MIN(MAX(AR60,30),120),Input!$C$48:$C$54,1),6))+(MIN(MAX(AR60,30),120)-INDEX(Input!$C$48:$C$54,MIN(MATCH(MIN(MAX(AR60,30),120),Input!$C$48:$C$54,1),6)))/(INDEX(Input!$C$48:$C$54,MIN(MATCH(MIN(MAX(AR60,30),120),Input!$C$48:$C$54,1),6)+1)-INDEX(Input!$C$48:$C$54,MIN(MATCH(MIN(MAX(AR60,30),120),Input!$C$48:$C$54,1),6)))*(INDEX(Input!$Q$48:$Q$54,MIN(MATCH(MIN(MAX(AR60,30),120),Input!$C$48:$C$54,1),6)+1)-INDEX(Input!$Q$48:$Q$54,MIN(MATCH(MIN(MAX(AR60,30),120),Input!$C$48:$C$54,1),6))))) | BM60: =IF(OR(AM60="Sand",BF60=0),0,Input!$AA$38*(AK60/2)^2/(BL60*1E-4*31536000)) | BN60: =MAX(0,MIN(AJ60,Input!$AA$20)-AI60) | BO60: =MAX(0,MIN(AJ60,Input!$AA$20)-MAX(AI60,$AA$22)) | BP60: =MAX(0,MIN(AJ60,$AA$225)-AI60) | BQ60: LL/PL/e0 = borehole average
C61: 34 | E61: =AI61 | H61: =AJ61 | K61: =AM61 | N61: =AN61 | Q61: =AO61 | T61: =IF(AR61="","-",AR61) | V61: =IF(AT61="","-",AT61) | X61: =AU61 | Z61: =AV61 | AC61: =AW61 | AI61: 49.5 | AJ61: 51 | AK61: =AJ61-AI61 | AL61: =(AI61+AJ61)/2 | AM61: Sand | AN61: 30 | AO61: =IF(AL61>$AA$19,$AA$21,$AA$20) | AP61: =AP60+AO61*AK61 | AQ61: =AP61-AO61*AK61/2-10*MAX(AL61-$AA$19,0) | AT61: =IF(AR61="","",AR61-AS61) | AU61: 0.357 | AV61: =IF(AM61="Sand",0,Input!$AA$31*AN61) | AW61: =IF(AM61="Sand",27.1+0.3*MIN(Input!$AA$32*AN61,60)-0.00054*MIN(Input!$AA$32*AN61,60)^2,MIN(MAX(DEGREES(ASIN(0.8-0.094*LN(MAX(IF(AT61="",10,AT61),5)))),20),30)) | AX61: =IF(AM61="Sand",Input!$AA$33*Input!$AA$32*AN61,Input!$AA$34*AV61) | AY61: =IF(AM61="Sand",Input!$AA$35,0.5) | AZ61: =Input!$AA$15/2/AL61 | BA61: =Input!$AA$16/2/AL61 | BB61: =1/(4*PI())*(2*AZ61*BA61*SQRT(AZ61^2+BA61^2+1)/(AZ61^2+BA61^2+1+AZ61^2*BA61^2)*(AZ61^2+BA61^2+2)/(AZ61^2+BA61^2+1)+ATAN2(AZ61^2+BA61^2+1-AZ61^2*BA61^2,2*AZ61*BA61*SQRT(AZ61^2+BA61^2+1))) | BC61: =4*Input!$AA$14*BB61 | BD61: =((Input!$AA$16/Input!$AA$15)*LN((1+SQRT((Input!$AA$16/Input!$AA$15)^2+1))*SQRT((Input!$AA$16/Input!$AA$15)^2+(AJ61/(Input!$AA$15/2))^2)/((Input!$AA$16/Input!$AA$15)*(1+SQRT((Input!$AA$16/Input!$AA$15)^2+(AJ61/(Input!$AA$15/2))^2+1))))+LN(((Input!$AA$16/Input!$AA$15)+SQRT((Input!$AA$16/Input!$AA$15)^2+1))*SQRT(1+(AJ61/(Input!$AA$15/2))^2)/((Input!$AA$16/Input!$AA$15)+SQRT((Input!$AA$16/Input!$AA$15)^2+(AJ61/(Input!$AA$15/2))^2+1))))/PI() | BE61: =(AJ61/(Input!$AA$15/2))/(2*PI())*ATAN((Input!$AA$16/Input!$AA$15)/((AJ61/(Input!$AA$15/2))*SQRT((Input!$AA$16/Input!$AA$15)^2+(AJ61/(Input!$AA$15/2))^2+1))) | BF61: =MAX(0,AJ61-MAX(AI61,$AA$22))/AK61*IF(BC61>=Input!$AA$21*AQ61,1,0) | BG61: =4*Input!$AA$14*(Input!$AA$15/2)*(1-AY61^2)/AX61*((BD61-BD60)+(1-2*AY61)/(1-AY61)*(BE61-BE60))*1000*BF61 | BH61: =IF(AM61="Sand",0,0.009*(AR61-10)) | BI61: =BH61*Input!$AA$36 | BJ61: =IF(AM61="Sand",0,MAX(AV61/Input!$AA$37,AQ61)) | BK61: =IF(AM61="Sand",0,1000*AK61/(1+AU61)*IF(AQ61+BC61<=BJ61,BI61*LOG10((AQ61+BC61)/AQ61),BI61*LOG10(BJ61/AQ61)+BH61*LOG10((AQ61+BC61)/BJ61)))*BF61 | BL61: =IF(AM61="Sand",0,10^(INDEX(Input!$Q$48:$Q$54,MIN(MATCH(MIN(MAX(AR61,30),120),Input!$C$48:$C$54,1),6))+(MIN(MAX(AR61,30),120)-INDEX(Input!$C$48:$C$54,MIN(MATCH(MIN(MAX(AR61,30),120),Input!$C$48:$C$54,1),6)))/(INDEX(Input!$C$48:$C$54,MIN(MATCH(MIN(MAX(AR61,30),120),Input!$C$48:$C$54,1),6)+1)-INDEX(Input!$C$48:$C$54,MIN(MATCH(MIN(MAX(AR61,30),120),Input!$C$48:$C$54,1),6)))*(INDEX(Input!$Q$48:$Q$54,MIN(MATCH(MIN(MAX(AR61,30),120),Input!$C$48:$C$54,1),6)+1)-INDEX(Input!$Q$48:$Q$54,MIN(MATCH(MIN(MAX(AR61,30),120),Input!$C$48:$C$54,1),6))))) | BM61: =IF(OR(AM61="Sand",BF61=0),0,Input!$AA$38*(AK61/2)^2/(BL61*1E-4*31536000)) | BN61: =MAX(0,MIN(AJ61,Input!$AA$20)-AI61) | BO61: =MAX(0,MIN(AJ61,Input!$AA$20)-MAX(AI61,$AA$22)) | BP61: =MAX(0,MIN(AJ61,$AA$225)-AI61)
C62: 35 | E62: =AI62 | H62: =AJ62 | K62: =AM62 | N62: =AN62 | Q62: =AO62 | T62: =IF(AR62="","-",AR62) | V62: =IF(AT62="","-",AT62) | X62: =AU62 | Z62: =AV62 | AC62: =AW62 | AI62: 51 | AJ62: 52.5 | AK62: =AJ62-AI62 | AL62: =(AI62+AJ62)/2 | AM62: Sand | AN62: 34 | AO62: =IF(AL62>$AA$19,$AA$21,$AA$20) | AP62: =AP61+AO62*AK62 | AQ62: =AP62-AO62*AK62/2-10*MAX(AL62-$AA$19,0) | AT62: =IF(AR62="","",AR62-AS62) | AU62: 0.65 | AV62: =IF(AM62="Sand",0,Input!$AA$31*AN62) | AW62: =IF(AM62="Sand",27.1+0.3*MIN(Input!$AA$32*AN62,60)-0.00054*MIN(Input!$AA$32*AN62,60)^2,MIN(MAX(DEGREES(ASIN(0.8-0.094*LN(MAX(IF(AT62="",10,AT62),5)))),20),30)) | AX62: =IF(AM62="Sand",Input!$AA$33*Input!$AA$32*AN62,Input!$AA$34*AV62) | AY62: =IF(AM62="Sand",Input!$AA$35,0.5) | AZ62: =Input!$AA$15/2/AL62 | BA62: =Input!$AA$16/2/AL62 | BB62: =1/(4*PI())*(2*AZ62*BA62*SQRT(AZ62^2+BA62^2+1)/(AZ62^2+BA62^2+1+AZ62^2*BA62^2)*(AZ62^2+BA62^2+2)/(AZ62^2+BA62^2+1)+ATAN2(AZ62^2+BA62^2+1-AZ62^2*BA62^2,2*AZ62*BA62*SQRT(AZ62^2+BA62^2+1))) | BC62: =4*Input!$AA$14*BB62 | BD62: =((Input!$AA$16/Input!$AA$15)*LN((1+SQRT((Input!$AA$16/Input!$AA$15)^2+1))*SQRT((Input!$AA$16/Input!$AA$15)^2+(AJ62/(Input!$AA$15/2))^2)/((Input!$AA$16/Input!$AA$15)*(1+SQRT((Input!$AA$16/Input!$AA$15)^2+(AJ62/(Input!$AA$15/2))^2+1))))+LN(((Input!$AA$16/Input!$AA$15)+SQRT((Input!$AA$16/Input!$AA$15)^2+1))*SQRT(1+(AJ62/(Input!$AA$15/2))^2)/((Input!$AA$16/Input!$AA$15)+SQRT((Input!$AA$16/Input!$AA$15)^2+(AJ62/(Input!$AA$15/2))^2+1))))/PI() | BE62: =(AJ62/(Input!$AA$15/2))/(2*PI())*ATAN((Input!$AA$16/Input!$AA$15)/((AJ62/(Input!$AA$15/2))*SQRT((Input!$AA$16/Input!$AA$15)^2+(AJ62/(Input!$AA$15/2))^2+1))) | BF62: =MAX(0,AJ62-MAX(AI62,$AA$22))/AK62*IF(BC62>=Input!$AA$21*AQ62,1,0) | BG62: =4*Input!$AA$14*(Input!$AA$15/2)*(1-AY62^2)/AX62*((BD62-BD61)+(1-2*AY62)/(1-AY62)*(BE62-BE61))*1000*BF62 | BH62: =IF(AM62="Sand",0,0.009*(AR62-10)) | BI62: =BH62*Input!$AA$36 | BJ62: =IF(AM62="Sand",0,MAX(AV62/Input!$AA$37,AQ62)) | BK62: =IF(AM62="Sand",0,1000*AK62/(1+AU62)*IF(AQ62+BC62<=BJ62,BI62*LOG10((AQ62+BC62)/AQ62),BI62*LOG10(BJ62/AQ62)+BH62*LOG10((AQ62+BC62)/BJ62)))*BF62 | BL62: =IF(AM62="Sand",0,10^(INDEX(Input!$Q$48:$Q$54,MIN(MATCH(MIN(MAX(AR62,30),120),Input!$C$48:$C$54,1),6))+(MIN(MAX(AR62,30),120)-INDEX(Input!$C$48:$C$54,MIN(MATCH(MIN(MAX(AR62,30),120),Input!$C$48:$C$54,1),6)))/(INDEX(Input!$C$48:$C$54,MIN(MATCH(MIN(MAX(AR62,30),120),Input!$C$48:$C$54,1),6)+1)-INDEX(Input!$C$48:$C$54,MIN(MATCH(MIN(MAX(AR62,30),120),Input!$C$48:$C$54,1),6)))*(INDEX(Input!$Q$48:$Q$54,MIN(MATCH(MIN(MAX(AR62,30),120),Input!$C$48:$C$54,1),6)+1)-INDEX(Input!$Q$48:$Q$54,MIN(MATCH(MIN(MAX(AR62,30),120),Input!$C$48:$C$54,1),6))))) | BM62: =IF(OR(AM62="Sand",BF62=0),0,Input!$AA$38*(AK62/2)^2/(BL62*1E-4*31536000)) | BN62: =MAX(0,MIN(AJ62,Input!$AA$20)-AI62) | BO62: =MAX(0,MIN(AJ62,Input!$AA$20)-MAX(AI62,$AA$22)) | BP62: =MAX(0,MIN(AJ62,$AA$225)-AI62)
C63: 36 | E63: =AI63 | H63: =AJ63 | K63: =AM63 | N63: =AN63 | Q63: =AO63 | T63: =IF(AR63="","-",AR63) | V63: =IF(AT63="","-",AT63) | X63: =AU63 | Z63: =AV63 | AC63: =AW63 | AI63: 52.5 | AJ63: 54 | AK63: =AJ63-AI63 | AL63: =(AI63+AJ63)/2 | AM63: Clay | AN63: 31 | AO63: =IF(AL63>$AA$19,$AA$21,$AA$20) | AP63: =AP62+AO63*AK63 | AQ63: =AP63-AO63*AK63/2-10*MAX(AL63-$AA$19,0) | AR63: 29.665 | AS63: 19.806 | AT63: =IF(AR63="","",AR63-AS63) | AU63: 0.681 | AV63: =IF(AM63="Sand",0,Input!$AA$31*AN63) | AW63: =IF(AM63="Sand",27.1+0.3*MIN(Input!$AA$32*AN63,60)-0.00054*MIN(Input!$AA$32*AN63,60)^2,MIN(MAX(DEGREES(ASIN(0.8-0.094*LN(MAX(IF(AT63="",10,AT63),5)))),20),30)) | AX63: =IF(AM63="Sand",Input!$AA$33*Input!$AA$32*AN63,Input!$AA$34*AV63) | AY63: =IF(AM63="Sand",Input!$AA$35,0.5) | AZ63: =Input!$AA$15/2/AL63 | BA63: =Input!$AA$16/2/AL63 | BB63: =1/(4*PI())*(2*AZ63*BA63*SQRT(AZ63^2+BA63^2+1)/(AZ63^2+BA63^2+1+AZ63^2*BA63^2)*(AZ63^2+BA63^2+2)/(AZ63^2+BA63^2+1)+ATAN2(AZ63^2+BA63^2+1-AZ63^2*BA63^2,2*AZ63*BA63*SQRT(AZ63^2+BA63^2+1))) | BC63: =4*Input!$AA$14*BB63 | BD63: =((Input!$AA$16/Input!$AA$15)*LN((1+SQRT((Input!$AA$16/Input!$AA$15)^2+1))*SQRT((Input!$AA$16/Input!$AA$15)^2+(AJ63/(Input!$AA$15/2))^2)/((Input!$AA$16/Input!$AA$15)*(1+SQRT((Input!$AA$16/Input!$AA$15)^2+(AJ63/(Input!$AA$15/2))^2+1))))+LN(((Input!$AA$16/Input!$AA$15)+SQRT((Input!$AA$16/Input!$AA$15)^2+1))*SQRT(1+(AJ63/(Input!$AA$15/2))^2)/((Input!$AA$16/Input!$AA$15)+SQRT((Input!$AA$16/Input!$AA$15)^2+(AJ63/(Input!$AA$15/2))^2+1))))/PI() | BE63: =(AJ63/(Input!$AA$15/2))/(2*PI())*ATAN((Input!$AA$16/Input!$AA$15)/((AJ63/(Input!$AA$15/2))*SQRT((Input!$AA$16/Input!$AA$15)^2+(AJ63/(Input!$AA$15/2))^2+1))) | BF63: =MAX(0,AJ63-MAX(AI63,$AA$22))/AK63*IF(BC63>=Input!$AA$21*AQ63,1,0) | BG63: =4*Input!$AA$14*(Input!$AA$15/2)*(1-AY63^2)/AX63*((BD63-BD62)+(1-2*AY63)/(1-AY63)*(BE63-BE62))*1000*BF63 | BH63: =IF(AM63="Sand",0,0.009*(AR63-10)) | BI63: =BH63*Input!$AA$36 | BJ63: =IF(AM63="Sand",0,MAX(AV63/Input!$AA$37,AQ63)) | BK63: =IF(AM63="Sand",0,1000*AK63/(1+AU63)*IF(AQ63+BC63<=BJ63,BI63*LOG10((AQ63+BC63)/AQ63),BI63*LOG10(BJ63/AQ63)+BH63*LOG10((AQ63+BC63)/BJ63)))*BF63 | BL63: =IF(AM63="Sand",0,10^(INDEX(Input!$Q$48:$Q$54,MIN(MATCH(MIN(MAX(AR63,30),120),Input!$C$48:$C$54,1),6))+(MIN(MAX(AR63,30),120)-INDEX(Input!$C$48:$C$54,MIN(MATCH(MIN(MAX(AR63,30),120),Input!$C$48:$C$54,1),6)))/(INDEX(Input!$C$48:$C$54,MIN(MATCH(MIN(MAX(AR63,30),120),Input!$C$48:$C$54,1),6)+1)-INDEX(Input!$C$48:$C$54,MIN(MATCH(MIN(MAX(AR63,30),120),Input!$C$48:$C$54,1),6)))*(INDEX(Input!$Q$48:$Q$54,MIN(MATCH(MIN(MAX(AR63,30),120),Input!$C$48:$C$54,1),6)+1)-INDEX(Input!$Q$48:$Q$54,MIN(MATCH(MIN(MAX(AR63,30),120),Input!$C$48:$C$54,1),6))))) | BM63: =IF(OR(AM63="Sand",BF63=0),0,Input!$AA$38*(AK63/2)^2/(BL63*1E-4*31536000)) | BN63: =MAX(0,MIN(AJ63,Input!$AA$20)-AI63) | BO63: =MAX(0,MIN(AJ63,Input!$AA$20)-MAX(AI63,$AA$22)) | BP63: =MAX(0,MIN(AJ63,$AA$225)-AI63) | BQ63: LL/PL/e0 = borehole average
C64: 37 | E64: =AI64 | H64: =AJ64 | K64: =AM64 | N64: =AN64 | Q64: =AO64 | T64: =IF(AR64="","-",AR64) | V64: =IF(AT64="","-",AT64) | X64: =AU64 | Z64: =AV64 | AC64: =AW64 | AI64: 54 | AJ64: 55.5 | AK64: =AJ64-AI64 | AL64: =(AI64+AJ64)/2 | AM64: Sand | AN64: 29 | AO64: =IF(AL64>$AA$19,$AA$21,$AA$20) | AP64: =AP63+AO64*AK64 | AQ64: =AP64-AO64*AK64/2-10*MAX(AL64-$AA$19,0) | AT64: =IF(AR64="","",AR64-AS64) | AU64: 0.65 | AV64: =IF(AM64="Sand",0,Input!$AA$31*AN64) | AW64: =IF(AM64="Sand",27.1+0.3*MIN(Input!$AA$32*AN64,60)-0.00054*MIN(Input!$AA$32*AN64,60)^2,MIN(MAX(DEGREES(ASIN(0.8-0.094*LN(MAX(IF(AT64="",10,AT64),5)))),20),30)) | AX64: =IF(AM64="Sand",Input!$AA$33*Input!$AA$32*AN64,Input!$AA$34*AV64) | AY64: =IF(AM64="Sand",Input!$AA$35,0.5) | AZ64: =Input!$AA$15/2/AL64 | BA64: =Input!$AA$16/2/AL64 | BB64: =1/(4*PI())*(2*AZ64*BA64*SQRT(AZ64^2+BA64^2+1)/(AZ64^2+BA64^2+1+AZ64^2*BA64^2)*(AZ64^2+BA64^2+2)/(AZ64^2+BA64^2+1)+ATAN2(AZ64^2+BA64^2+1-AZ64^2*BA64^2,2*AZ64*BA64*SQRT(AZ64^2+BA64^2+1))) | BC64: =4*Input!$AA$14*BB64 | BD64: =((Input!$AA$16/Input!$AA$15)*LN((1+SQRT((Input!$AA$16/Input!$AA$15)^2+1))*SQRT((Input!$AA$16/Input!$AA$15)^2+(AJ64/(Input!$AA$15/2))^2)/((Input!$AA$16/Input!$AA$15)*(1+SQRT((Input!$AA$16/Input!$AA$15)^2+(AJ64/(Input!$AA$15/2))^2+1))))+LN(((Input!$AA$16/Input!$AA$15)+SQRT((Input!$AA$16/Input!$AA$15)^2+1))*SQRT(1+(AJ64/(Input!$AA$15/2))^2)/((Input!$AA$16/Input!$AA$15)+SQRT((Input!$AA$16/Input!$AA$15)^2+(AJ64/(Input!$AA$15/2))^2+1))))/PI() | BE64: =(AJ64/(Input!$AA$15/2))/(2*PI())*ATAN((Input!$AA$16/Input!$AA$15)/((AJ64/(Input!$AA$15/2))*SQRT((Input!$AA$16/Input!$AA$15)^2+(AJ64/(Input!$AA$15/2))^2+1))) | BF64: =MAX(0,AJ64-MAX(AI64,$AA$22))/AK64*IF(BC64>=Input!$AA$21*AQ64,1,0) | BG64: =4*Input!$AA$14*(Input!$AA$15/2)*(1-AY64^2)/AX64*((BD64-BD63)+(1-2*AY64)/(1-AY64)*(BE64-BE63))*1000*BF64 | BH64: =IF(AM64="Sand",0,0.009*(AR64-10)) | BI64: =BH64*Input!$AA$36 | BJ64: =IF(AM64="Sand",0,MAX(AV64/Input!$AA$37,AQ64)) | BK64: =IF(AM64="Sand",0,1000*AK64/(1+AU64)*IF(AQ64+BC64<=BJ64,BI64*LOG10((AQ64+BC64)/AQ64),BI64*LOG10(BJ64/AQ64)+BH64*LOG10((AQ64+BC64)/BJ64)))*BF64 | BL64: =IF(AM64="Sand",0,10^(INDEX(Input!$Q$48:$Q$54,MIN(MATCH(MIN(MAX(AR64,30),120),Input!$C$48:$C$54,1),6))+(MIN(MAX(AR64,30),120)-INDEX(Input!$C$48:$C$54,MIN(MATCH(MIN(MAX(AR64,30),120),Input!$C$48:$C$54,1),6)))/(INDEX(Input!$C$48:$C$54,MIN(MATCH(MIN(MAX(AR64,30),120),Input!$C$48:$C$54,1),6)+1)-INDEX(Input!$C$48:$C$54,MIN(MATCH(MIN(MAX(AR64,30),120),Input!$C$48:$C$54,1),6)))*(INDEX(Input!$Q$48:$Q$54,MIN(MATCH(MIN(MAX(AR64,30),120),Input!$C$48:$C$54,1),6)+1)-INDEX(Input!$Q$48:$Q$54,MIN(MATCH(MIN(MAX(AR64,30),120),Input!$C$48:$C$54,1),6))))) | BM64: =IF(OR(AM64="Sand",BF64=0),0,Input!$AA$38*(AK64/2)^2/(BL64*1E-4*31536000)) | BN64: =MAX(0,MIN(AJ64,Input!$AA$20)-AI64) | BO64: =MAX(0,MIN(AJ64,Input!$AA$20)-MAX(AI64,$AA$22)) | BP64: =MAX(0,MIN(AJ64,$AA$225)-AI64)
C65: 38 | E65: =AI65 | H65: =AJ65 | K65: =AM65 | N65: =AN65 | Q65: =AO65 | T65: =IF(AR65="","-",AR65) | V65: =IF(AT65="","-",AT65) | X65: =AU65 | Z65: =AV65 | AC65: =AW65 | AI65: 55.5 | AJ65: 57 | AK65: =AJ65-AI65 | AL65: =(AI65+AJ65)/2 | AM65: Sand | AN65: 25 | AO65: =IF(AL65>$AA$19,$AA$21,$AA$20) | AP65: =AP64+AO65*AK65 | AQ65: =AP65-AO65*AK65/2-10*MAX(AL65-$AA$19,0) | AT65: =IF(AR65="","",AR65-AS65) | AU65: 0.65 | AV65: =IF(AM65="Sand",0,Input!$AA$31*AN65) | AW65: =IF(AM65="Sand",27.1+0.3*MIN(Input!$AA$32*AN65,60)-0.00054*MIN(Input!$AA$32*AN65,60)^2,MIN(MAX(DEGREES(ASIN(0.8-0.094*LN(MAX(IF(AT65="",10,AT65),5)))),20),30)) | AX65: =IF(AM65="Sand",Input!$AA$33*Input!$AA$32*AN65,Input!$AA$34*AV65) | AY65: =IF(AM65="Sand",Input!$AA$35,0.5) | AZ65: =Input!$AA$15/2/AL65 | BA65: =Input!$AA$16/2/AL65 | BB65: =1/(4*PI())*(2*AZ65*BA65*SQRT(AZ65^2+BA65^2+1)/(AZ65^2+BA65^2+1+AZ65^2*BA65^2)*(AZ65^2+BA65^2+2)/(AZ65^2+BA65^2+1)+ATAN2(AZ65^2+BA65^2+1-AZ65^2*BA65^2,2*AZ65*BA65*SQRT(AZ65^2+BA65^2+1))) | BC65: =4*Input!$AA$14*BB65 | BD65: =((Input!$AA$16/Input!$AA$15)*LN((1+SQRT((Input!$AA$16/Input!$AA$15)^2+1))*SQRT((Input!$AA$16/Input!$AA$15)^2+(AJ65/(Input!$AA$15/2))^2)/((Input!$AA$16/Input!$AA$15)*(1+SQRT((Input!$AA$16/Input!$AA$15)^2+(AJ65/(Input!$AA$15/2))^2+1))))+LN(((Input!$AA$16/Input!$AA$15)+SQRT((Input!$AA$16/Input!$AA$15)^2+1))*SQRT(1+(AJ65/(Input!$AA$15/2))^2)/((Input!$AA$16/Input!$AA$15)+SQRT((Input!$AA$16/Input!$AA$15)^2+(AJ65/(Input!$AA$15/2))^2+1))))/PI() | BE65: =(AJ65/(Input!$AA$15/2))/(2*PI())*ATAN((Input!$AA$16/Input!$AA$15)/((AJ65/(Input!$AA$15/2))*SQRT((Input!$AA$16/Input!$AA$15)^2+(AJ65/(Input!$AA$15/2))^2+1))) | BF65: =MAX(0,AJ65-MAX(AI65,$AA$22))/AK65*IF(BC65>=Input!$AA$21*AQ65,1,0) | BG65: =4*Input!$AA$14*(Input!$AA$15/2)*(1-AY65^2)/AX65*((BD65-BD64)+(1-2*AY65)/(1-AY65)*(BE65-BE64))*1000*BF65 | BH65: =IF(AM65="Sand",0,0.009*(AR65-10)) | BI65: =BH65*Input!$AA$36 | BJ65: =IF(AM65="Sand",0,MAX(AV65/Input!$AA$37,AQ65)) | BK65: =IF(AM65="Sand",0,1000*AK65/(1+AU65)*IF(AQ65+BC65<=BJ65,BI65*LOG10((AQ65+BC65)/AQ65),BI65*LOG10(BJ65/AQ65)+BH65*LOG10((AQ65+BC65)/BJ65)))*BF65 | BL65: =IF(AM65="Sand",0,10^(INDEX(Input!$Q$48:$Q$54,MIN(MATCH(MIN(MAX(AR65,30),120),Input!$C$48:$C$54,1),6))+(MIN(MAX(AR65,30),120)-INDEX(Input!$C$48:$C$54,MIN(MATCH(MIN(MAX(AR65,30),120),Input!$C$48:$C$54,1),6)))/(INDEX(Input!$C$48:$C$54,MIN(MATCH(MIN(MAX(AR65,30),120),Input!$C$48:$C$54,1),6)+1)-INDEX(Input!$C$48:$C$54,MIN(MATCH(MIN(MAX(AR65,30),120),Input!$C$48:$C$54,1),6)))*(INDEX(Input!$Q$48:$Q$54,MIN(MATCH(MIN(MAX(AR65,30),120),Input!$C$48:$C$54,1),6)+1)-INDEX(Input!$Q$48:$Q$54,MIN(MATCH(MIN(MAX(AR65,30),120),Input!$C$48:$C$54,1),6))))) | BM65: =IF(OR(AM65="Sand",BF65=0),0,Input!$AA$38*(AK65/2)^2/(BL65*1E-4*31536000)) | BN65: =MAX(0,MIN(AJ65,Input!$AA$20)-AI65) | BO65: =MAX(0,MIN(AJ65,Input!$AA$20)-MAX(AI65,$AA$22)) | BP65: =MAX(0,MIN(AJ65,$AA$225)-AI65)
C66: 39 | E66: =AI66 | H66: =AJ66 | K66: =AM66 | N66: =AN66 | Q66: =AO66 | T66: =IF(AR66="","-",AR66) | V66: =IF(AT66="","-",AT66) | X66: =AU66 | Z66: =AV66 | AC66: =AW66 | AI66: 57 | AJ66: 58.5 | AK66: =AJ66-AI66 | AL66: =(AI66+AJ66)/2 | AM66: Sand | AN66: 35 | AO66: =IF(AL66>$AA$19,$AA$21,$AA$20) | AP66: =AP65+AO66*AK66 | AQ66: =AP66-AO66*AK66/2-10*MAX(AL66-$AA$19,0) | AT66: =IF(AR66="","",AR66-AS66) | AU66: 0.65 | AV66: =IF(AM66="Sand",0,Input!$AA$31*AN66) | AW66: =IF(AM66="Sand",27.1+0.3*MIN(Input!$AA$32*AN66,60)-0.00054*MIN(Input!$AA$32*AN66,60)^2,MIN(MAX(DEGREES(ASIN(0.8-0.094*LN(MAX(IF(AT66="",10,AT66),5)))),20),30)) | AX66: =IF(AM66="Sand",Input!$AA$33*Input!$AA$32*AN66,Input!$AA$34*AV66) | AY66: =IF(AM66="Sand",Input!$AA$35,0.5) | AZ66: =Input!$AA$15/2/AL66 | BA66: =Input!$AA$16/2/AL66 | BB66: =1/(4*PI())*(2*AZ66*BA66*SQRT(AZ66^2+BA66^2+1)/(AZ66^2+BA66^2+1+AZ66^2*BA66^2)*(AZ66^2+BA66^2+2)/(AZ66^2+BA66^2+1)+ATAN2(AZ66^2+BA66^2+1-AZ66^2*BA66^2,2*AZ66*BA66*SQRT(AZ66^2+BA66^2+1))) | BC66: =4*Input!$AA$14*BB66 | BD66: =((Input!$AA$16/Input!$AA$15)*LN((1+SQRT((Input!$AA$16/Input!$AA$15)^2+1))*SQRT((Input!$AA$16/Input!$AA$15)^2+(AJ66/(Input!$AA$15/2))^2)/((Input!$AA$16/Input!$AA$15)*(1+SQRT((Input!$AA$16/Input!$AA$15)^2+(AJ66/(Input!$AA$15/2))^2+1))))+LN(((Input!$AA$16/Input!$AA$15)+SQRT((Input!$AA$16/Input!$AA$15)^2+1))*SQRT(1+(AJ66/(Input!$AA$15/2))^2)/((Input!$AA$16/Input!$AA$15)+SQRT((Input!$AA$16/Input!$AA$15)^2+(AJ66/(Input!$AA$15/2))^2+1))))/PI() | BE66: =(AJ66/(Input!$AA$15/2))/(2*PI())*ATAN((Input!$AA$16/Input!$AA$15)/((AJ66/(Input!$AA$15/2))*SQRT((Input!$AA$16/Input!$AA$15)^2+(AJ66/(Input!$AA$15/2))^2+1))) | BF66: =MAX(0,AJ66-MAX(AI66,$AA$22))/AK66*IF(BC66>=Input!$AA$21*AQ66,1,0) | BG66: =4*Input!$AA$14*(Input!$AA$15/2)*(1-AY66^2)/AX66*((BD66-BD65)+(1-2*AY66)/(1-AY66)*(BE66-BE65))*1000*BF66 | BH66: =IF(AM66="Sand",0,0.009*(AR66-10)) | BI66: =BH66*Input!$AA$36 | BJ66: =IF(AM66="Sand",0,MAX(AV66/Input!$AA$37,AQ66)) | BK66: =IF(AM66="Sand",0,1000*AK66/(1+AU66)*IF(AQ66+BC66<=BJ66,BI66*LOG10((AQ66+BC66)/AQ66),BI66*LOG10(BJ66/AQ66)+BH66*LOG10((AQ66+BC66)/BJ66)))*BF66 | BL66: =IF(AM66="Sand",0,10^(INDEX(Input!$Q$48:$Q$54,MIN(MATCH(MIN(MAX(AR66,30),120),Input!$C$48:$C$54,1),6))+(MIN(MAX(AR66,30),120)-INDEX(Input!$C$48:$C$54,MIN(MATCH(MIN(MAX(AR66,30),120),Input!$C$48:$C$54,1),6)))/(INDEX(Input!$C$48:$C$54,MIN(MATCH(MIN(MAX(AR66,30),120),Input!$C$48:$C$54,1),6)+1)-INDEX(Input!$C$48:$C$54,MIN(MATCH(MIN(MAX(AR66,30),120),Input!$C$48:$C$54,1),6)))*(INDEX(Input!$Q$48:$Q$54,MIN(MATCH(MIN(MAX(AR66,30),120),Input!$C$48:$C$54,1),6)+1)-INDEX(Input!$Q$48:$Q$54,MIN(MATCH(MIN(MAX(AR66,30),120),Input!$C$48:$C$54,1),6))))) | BM66: =IF(OR(AM66="Sand",BF66=0),0,Input!$AA$38*(AK66/2)^2/(BL66*1E-4*31536000)) | BN66: =MAX(0,MIN(AJ66,Input!$AA$20)-AI66) | BO66: =MAX(0,MIN(AJ66,Input!$AA$20)-MAX(AI66,$AA$22)) | BP66: =MAX(0,MIN(AJ66,$AA$225)-AI66)
C67: 40 | E67: =AI67 | H67: =AJ67 | K67: =AM67 | N67: =AN67 | Q67: =AO67 | T67: =IF(AR67="","-",AR67) | V67: =IF(AT67="","-",AT67) | X67: =AU67 | Z67: =AV67 | AC67: =AW67 | AI67: 58.5 | AJ67: 59.5 | AK67: =AJ67-AI67 | AL67: =(AI67+AJ67)/2 | AM67: Sand | AN67: 42 | AO67: =IF(AL67>$AA$19,$AA$21,$AA$20) | AP67: =AP66+AO67*AK67 | AQ67: =AP67-AO67*AK67/2-10*MAX(AL67-$AA$19,0) | AT67: =IF(AR67="","",AR67-AS67) | AU67: 0.65 | AV67: =IF(AM67="Sand",0,Input!$AA$31*AN67) | AW67: =IF(AM67="Sand",27.1+0.3*MIN(Input!$AA$32*AN67,60)-0.00054*MIN(Input!$AA$32*AN67,60)^2,MIN(MAX(DEGREES(ASIN(0.8-0.094*LN(MAX(IF(AT67="",10,AT67),5)))),20),30)) | AX67: =IF(AM67="Sand",Input!$AA$33*Input!$AA$32*AN67,Input!$AA$34*AV67) | AY67: =IF(AM67="Sand",Input!$AA$35,0.5) | AZ67: =Input!$AA$15/2/AL67 | BA67: =Input!$AA$16/2/AL67 | BB67: =1/(4*PI())*(2*AZ67*BA67*SQRT(AZ67^2+BA67^2+1)/(AZ67^2+BA67^2+1+AZ67^2*BA67^2)*(AZ67^2+BA67^2+2)/(AZ67^2+BA67^2+1)+ATAN2(AZ67^2+BA67^2+1-AZ67^2*BA67^2,2*AZ67*BA67*SQRT(AZ67^2+BA67^2+1))) | BC67: =4*Input!$AA$14*BB67 | BD67: =((Input!$AA$16/Input!$AA$15)*LN((1+SQRT((Input!$AA$16/Input!$AA$15)^2+1))*SQRT((Input!$AA$16/Input!$AA$15)^2+(AJ67/(Input!$AA$15/2))^2)/((Input!$AA$16/Input!$AA$15)*(1+SQRT((Input!$AA$16/Input!$AA$15)^2+(AJ67/(Input!$AA$15/2))^2+1))))+LN(((Input!$AA$16/Input!$AA$15)+SQRT((Input!$AA$16/Input!$AA$15)^2+1))*SQRT(1+(AJ67/(Input!$AA$15/2))^2)/((Input!$AA$16/Input!$AA$15)+SQRT((Input!$AA$16/Input!$AA$15)^2+(AJ67/(Input!$AA$15/2))^2+1))))/PI() | BE67: =(AJ67/(Input!$AA$15/2))/(2*PI())*ATAN((Input!$AA$16/Input!$AA$15)/((AJ67/(Input!$AA$15/2))*SQRT((Input!$AA$16/Input!$AA$15)^2+(AJ67/(Input!$AA$15/2))^2+1))) | BF67: =MAX(0,AJ67-MAX(AI67,$AA$22))/AK67*IF(BC67>=Input!$AA$21*AQ67,1,0) | BG67: =4*Input!$AA$14*(Input!$AA$15/2)*(1-AY67^2)/AX67*((BD67-BD66)+(1-2*AY67)/(1-AY67)*(BE67-BE66))*1000*BF67 | BH67: =IF(AM67="Sand",0,0.009*(AR67-10)) | BI67: =BH67*Input!$AA$36 | BJ67: =IF(AM67="Sand",0,MAX(AV67/Input!$AA$37,AQ67)) | BK67: =IF(AM67="Sand",0,1000*AK67/(1+AU67)*IF(AQ67+BC67<=BJ67,BI67*LOG10((AQ67+BC67)/AQ67),BI67*LOG10(BJ67/AQ67)+BH67*LOG10((AQ67+BC67)/BJ67)))*BF67 | BL67: =IF(AM67="Sand",0,10^(INDEX(Input!$Q$48:$Q$54,MIN(MATCH(MIN(MAX(AR67,30),120),Input!$C$48:$C$54,1),6))+(MIN(MAX(AR67,30),120)-INDEX(Input!$C$48:$C$54,MIN(MATCH(MIN(MAX(AR67,30),120),Input!$C$48:$C$54,1),6)))/(INDEX(Input!$C$48:$C$54,MIN(MATCH(MIN(MAX(AR67,30),120),Input!$C$48:$C$54,1),6)+1)-INDEX(Input!$C$48:$C$54,MIN(MATCH(MIN(MAX(AR67,30),120),Input!$C$48:$C$54,1),6)))*(INDEX(Input!$Q$48:$Q$54,MIN(MATCH(MIN(MAX(AR67,30),120),Input!$C$48:$C$54,1),6)+1)-INDEX(Input!$Q$48:$Q$54,MIN(MATCH(MIN(MAX(AR67,30),120),Input!$C$48:$C$54,1),6))))) | BM67: =IF(OR(AM67="Sand",BF67=0),0,Input!$AA$38*(AK67/2)^2/(BL67*1E-4*31536000)) | BN67: =MAX(0,MIN(AJ67,Input!$AA$20)-AI67) | BO67: =MAX(0,MIN(AJ67,Input!$AA$20)-MAX(AI67,$AA$22)) | BP67: =MAX(0,MIN(AJ67,$AA$225)-AI67)
C68: 41 | E68: =AI68 | H68: =AJ68 | K68: =AM68 | N68: =AN68 | Q68: =AO68 | T68: =IF(AR68="","-",AR68) | V68: =IF(AT68="","-",AT68) | X68: =AU68 | Z68: =AV68 | AC68: =AW68 | AI68: 59.5 | AJ68: 60 | AK68: =AJ68-AI68 | AL68: =(AI68+AJ68)/2 | AM68: Sand | AN68: 46 | AO68: =IF(AL68>$AA$19,$AA$21,$AA$20) | AP68: =AP67+AO68*AK68 | AQ68: =AP68-AO68*AK68/2-10*MAX(AL68-$AA$19,0) | AT68: =IF(AR68="","",AR68-AS68) | AU68: 0.65 | AV68: =IF(AM68="Sand",0,Input!$AA$31*AN68) | AW68: =IF(AM68="Sand",27.1+0.3*MIN(Input!$AA$32*AN68,60)-0.00054*MIN(Input!$AA$32*AN68,60)^2,MIN(MAX(DEGREES(ASIN(0.8-0.094*LN(MAX(IF(AT68="",10,AT68),5)))),20),30)) | AX68: =IF(AM68="Sand",Input!$AA$33*Input!$AA$32*AN68,Input!$AA$34*AV68) | AY68: =IF(AM68="Sand",Input!$AA$35,0.5) | AZ68: =Input!$AA$15/2/AL68 | BA68: =Input!$AA$16/2/AL68 | BB68: =1/(4*PI())*(2*AZ68*BA68*SQRT(AZ68^2+BA68^2+1)/(AZ68^2+BA68^2+1+AZ68^2*BA68^2)*(AZ68^2+BA68^2+2)/(AZ68^2+BA68^2+1)+ATAN2(AZ68^2+BA68^2+1-AZ68^2*BA68^2,2*AZ68*BA68*SQRT(AZ68^2+BA68^2+1))) | BC68: =4*Input!$AA$14*BB68 | BD68: =((Input!$AA$16/Input!$AA$15)*LN((1+SQRT((Input!$AA$16/Input!$AA$15)^2+1))*SQRT((Input!$AA$16/Input!$AA$15)^2+(AJ68/(Input!$AA$15/2))^2)/((Input!$AA$16/Input!$AA$15)*(1+SQRT((Input!$AA$16/Input!$AA$15)^2+(AJ68/(Input!$AA$15/2))^2+1))))+LN(((Input!$AA$16/Input!$AA$15)+SQRT((Input!$AA$16/Input!$AA$15)^2+1))*SQRT(1+(AJ68/(Input!$AA$15/2))^2)/((Input!$AA$16/Input!$AA$15)+SQRT((Input!$AA$16/Input!$AA$15)^2+(AJ68/(Input!$AA$15/2))^2+1))))/PI() | BE68: =(AJ68/(Input!$AA$15/2))/(2*PI())*ATAN((Input!$AA$16/Input!$AA$15)/((AJ68/(Input!$AA$15/2))*SQRT((Input!$AA$16/Input!$AA$15)^2+(AJ68/(Input!$AA$15/2))^2+1))) | BF68: =MAX(0,AJ68-MAX(AI68,$AA$22))/AK68*IF(BC68>=Input!$AA$21*AQ68,1,0) | BG68: =4*Input!$AA$14*(Input!$AA$15/2)*(1-AY68^2)/AX68*((BD68-BD67)+(1-2*AY68)/(1-AY68)*(BE68-BE67))*1000*BF68 | BH68: =IF(AM68="Sand",0,0.009*(AR68-10)) | BI68: =BH68*Input!$AA$36 | BJ68: =IF(AM68="Sand",0,MAX(AV68/Input!$AA$37,AQ68)) | BK68: =IF(AM68="Sand",0,1000*AK68/(1+AU68)*IF(AQ68+BC68<=BJ68,BI68*LOG10((AQ68+BC68)/AQ68),BI68*LOG10(BJ68/AQ68)+BH68*LOG10((AQ68+BC68)/BJ68)))*BF68 | BL68: =IF(AM68="Sand",0,10^(INDEX(Input!$Q$48:$Q$54,MIN(MATCH(MIN(MAX(AR68,30),120),Input!$C$48:$C$54,1),6))+(MIN(MAX(AR68,30),120)-INDEX(Input!$C$48:$C$54,MIN(MATCH(MIN(MAX(AR68,30),120),Input!$C$48:$C$54,1),6)))/(INDEX(Input!$C$48:$C$54,MIN(MATCH(MIN(MAX(AR68,30),120),Input!$C$48:$C$54,1),6)+1)-INDEX(Input!$C$48:$C$54,MIN(MATCH(MIN(MAX(AR68,30),120),Input!$C$48:$C$54,1),6)))*(INDEX(Input!$Q$48:$Q$54,MIN(MATCH(MIN(MAX(AR68,30),120),Input!$C$48:$C$54,1),6)+1)-INDEX(Input!$Q$48:$Q$54,MIN(MATCH(MIN(MAX(AR68,30),120),Input!$C$48:$C$54,1),6))))) | BM68: =IF(OR(AM68="Sand",BF68=0),0,Input!$AA$38*(AK68/2)^2/(BL68*1E-4*31536000)) | BN68: =MAX(0,MIN(AJ68,Input!$AA$20)-AI68) | BO68: =MAX(0,MIN(AJ68,Input!$AA$20)-MAX(AI68,$AA$22)) | BP68: =MAX(0,MIN(AJ68,$AA$225)-AI68)
C69: cu = k·N (silt/clay); φ' sand from Wolff (1989), silt/clay from PI; γ from laboratory average above/below GWL.
X73: Sheet : | AB73: 1
C74: PROJECT : | H74: GEOTHERMAL WELLPAD PSPE BORA PULU - SIGI, CENTRAL SULAWESI | X74: Prepared by : | AB74: Date
C75: CLIENT : | H75: PT EDC PANAS BUMI INDONESIA | X75: DF | AB75: 46301
C76: LOCATION : | H76: BH-01 (Wellpad D) | X76: Verified by : | AB76: Date
C77: SHEET : | H77: BEARING CAPACITY AND SETTLEMENT OF SUBGRADE | X77: BC | AB77: 46301
C79: 3. BEARING CAPACITY OF SUBGRADE
C80: The bearing capacity is evaluated with the general bearing capacity equation (Terzaghi 1943, Vesic 1975; SNI 8460:2017).
C81: Undrained (short-term) condition governs where silt/clay exists within 0 - Hb: qu = cu·Nc·sc.
C82: Drained (long-term) condition for granular soil: qu = 0.5·γ'·B·Nγ·sγ·rγ (c' = 0, load at ground surface, q = 0).
C83: The governing ultimate capacity is the smaller of the two; qall = qu / SF.
C85: 3.1. Without ground improvement
C86: Thickness of silt/clay within 0 - Hb | O86: Σh (fine soil) | X86: Σh = | AA86: =SUMPRODUCT(--(AM28:AM68<>"Sand"),BN28:BN68) | AD86: m
C87: Average undrained shear strength | O87: weighted by thickness | X87: cu = | AA87: =IF($AA$86=0,0,SUMPRODUCT(--(AM28:AM68<>"Sand"),BN28:BN68,AV28:AV68)/$AA$86) | AD87: kPa
C88: Average effective friction angle | O88: incl. replacement fill | X88: φ' = | AA88: =(SUMPRODUCT(BN28:BN68,AW28:AW68)+MIN(0,Input!$AA$20)*Input!$AA$26)/Input!$AA$20 | AD88: °
C89: Average effective unit weight | O89: 0 - Hb | X89: γ' = | AA89: =(SUMPRODUCT(BN28:BN68,AO28:AO68)+MIN(0,Input!$AA$20)*Input!$AA$25)/Input!$AA$20-10*MAX(0,Input!$AA$20-$AA$19)/Input!$AA$20 | AD89: kN/m³
C90: Shape factor (undrained), Nc = 5.14 | O90: sc = 1 + 0.2 B/L | X90: sc = | AA90: =1+0.2*Input!$AA$15/Input!$AA$16 | AD90: -
C91: Ultimate capacity, undrained | O91: qu = cu·Nc·sc | X91: qu,u = | AA91: =IF($AA$86=0,"n/a",$AA$87*5.14*$AA$90) | AD91: kPa
C92: Bearing capacity factor | O92: Nq = e^(π·tanφ)·tan²(45+φ/2) | X92: Nq = | AA92: =EXP(PI()*TAN(RADIANS($AA$88)))*TAN(RADIANS(45+$AA$88/2))^2 | AD92: -
C93: Bearing capacity factor (Vesic) | O93: Nγ = 2(Nq+1)·tanφ | X93: Nγ = | AA93: =2*($AA$92+1)*TAN(RADIANS($AA$88)) | AD93: -
C94: Shape and size factors | O94: sγ = 1-0.4B/L; rγ = 1-0.25log(B/2) | X94: sγ·rγ = | AA94: =(1-0.4*Input!$AA$15/Input!$AA$16)*IF(Input!$AA$15>2,1-0.25*LOG10(Input!$AA$15/2),1) | AD94: -
C95: Ultimate capacity, drained | O95: qu = 0.5·γ'·B·Nγ·sγ·rγ | X95: qu,d = | AA95: =0.5*$AA$89*Input!$AA$15*$AA$93*$AA$94 | AD95: kPa
C96: Governing ultimate bearing capacity | O96: min (undrained, drained) | X96: qu = | AA96: =IF($AA$86=0,$AA$95,MIN($AA$91,$AA$95)) | AD96: kPa
C97: Allowable bearing capacity | O97: qall = qu / SF | X97: qall = | AA97: =$AA$96/Input!$AA$19 | AD97: kPa
C98: Working pressure | O98: q = Hf·γf + qs | X98: q = | AA98: =Input!$AA$14 | AD98: kPa
C99: Actual factor of safety | O99: FS = qu / q | X99: FS = | AA99: =$AA$96/Input!$AA$14 | AD99: -
C100: Allowable fill height with surcharge | O100: Hall = (qall - qs) / γf | X100: Hall = | AA100: =MAX(0,($AA$97-Input!$AA$13)/Input!$AA$12) | AD100: m
C101: Bearing capacity check | X101: =IF($AA$97>=Input!$AA$14,"qall ≥ q …. OK!!","qall < q …. NG!!")
C103: 3.2. With replacement of soil 0 - Dr (design condition)
C104: Thickness of silt/clay within 0 - Hb | O104: Σh (fine soil) | X104: Σh = | AA104: =SUMPRODUCT(--(AM28:AM68<>"Sand"),BO28:BO68) | AD104: m
C105: Average undrained shear strength | O105: weighted by thickness | X105: cu = | AA105: =IF($AA$104=0,0,SUMPRODUCT(--(AM28:AM68<>"Sand"),BO28:BO68,AV28:AV68)/$AA$104) | AD105: kPa
C106: Average effective friction angle | O106: incl. replacement fill | X106: φ' = | AA106: =(SUMPRODUCT(BO28:BO68,AW28:AW68)+MIN($AA$22,Input!$AA$20)*Input!$AA$26)/Input!$AA$20 | AD106: °
C107: Average effective unit weight | O107: 0 - Hb | X107: γ' = | AA107: =(SUMPRODUCT(BO28:BO68,AO28:AO68)+MIN($AA$22,Input!$AA$20)*Input!$AA$25)/Input!$AA$20-10*MAX(0,Input!$AA$20-$AA$19)/Input!$AA$20 | AD107: kN/m³
C108: Shape factor (undrained), Nc = 5.14 | O108: sc = 1 + 0.2 B/L | X108: sc = | AA108: =1+0.2*Input!$AA$15/Input!$AA$16 | AD108: -
C109: Ultimate capacity, undrained | O109: qu = cu·Nc·sc | X109: qu,u = | AA109: =IF($AA$104=0,"n/a",$AA$105*5.14*$AA$108) | AD109: kPa
C110: Bearing capacity factor | O110: Nq = e^(π·tanφ)·tan²(45+φ/2) | X110: Nq = | AA110: =EXP(PI()*TAN(RADIANS($AA$106)))*TAN(RADIANS(45+$AA$106/2))^2 | AD110: -
C111: Bearing capacity factor (Vesic) | O111: Nγ = 2(Nq+1)·tanφ | X111: Nγ = | AA111: =2*($AA$110+1)*TAN(RADIANS($AA$106)) | AD111: -
...

Sheet BH-02
C2: PROJECT : | H2: GEOTHERMAL WELLPAD PSPE BORA PULU - SIGI, CENTRAL SULAWESI | X2: Prepared by : | AB2: Date
C3: CLIENT : | H3: PT EDC PANAS BUMI INDONESIA | X3: DF | AB3: 46301
C4: LOCATION : | H4: BH-02 (Wellpad A) | X4: Verified by : | AB4: Date
C5: SHEET : | H5: BEARING CAPACITY AND SETTLEMENT OF SUBGRADE | X5: BC | AB5: 46301
C7: 1. GENERAL
C8: This sheet evaluates the bearing capacity, immediate settlement and primary consolidation settlement of the subgrade
C9: below the wellpad embankment (2 m fill + 100 kPa uniform surcharge) at the borehole location.
C11: 1.1. Load and loaded area
C12: Height of embankment fill | O12: (Input) | X12: Hf = | AA12: =Input!$AA$11 | AD12: m
C13: Uniform surcharge | O13: (Input) | X13: qs = | AA13: =Input!$AA$13 | AD13: kPa
C14: Total pressure on subgrade | O14: q = Hf·γf + qs | X14: q = | AA14: =Input!$AA$14 | AD14: kPa
C15: Loaded area (assumed) | O15: B × L | X15: B = | AA15: =Input!$AA$15 | AD15: m
X16: L = | AA16: =Input!$AA$16 | AD16: m
C18: 1.2. Borehole data
C19: Design groundwater level (below ground) | O19: liquefaction report | X19: GWL = | AA19: 7 | AD19: m
C20: Unit weight above GWL | O20: report Table 5.1 | X20: γ = | AA20: 18.5 | AD20: kN/m³
C21: Unit weight below GWL | O21: report Table 5.1 | X21: γsat = | AA21: 18.4 | AD21: kN/m³
C22: Replacement depth (design condition) | O22: 0 = no improvement | X22: Dr = | AA22: 0 | AD22: m
C24: 2. SOIL PARAMETERS
C25: Table 1. Soil parameters of BH-02 (sub-layers = SPT intervals) | AI25: Helper calculation per sub-layer (not printed)
C26: No | E26: Top | H26: Bottom | K26: Soil | N26: N-SPT | Q26: γ | T26: LL | V26: PI | X26: e0 | Z26: cu | AC26: φ' | AI26: top | AJ26: bot | AK26: h | AL26: z | AM26: typ | AN26: N | AO26: g | AP26: sv | AQ26: s0 | AR26: LL | AS26: PL | AT26: PI | AU26: e0 | AV26: cu | AW26: phi | AX26: E | AY26: nu | AZ26: m | BA26: n | BB26: I | BC26: ds | BD26: F1 | BE26: F2 | BF26: keep | BG26: Si | BH26: Cc | BI26: Cr | BJ26: sp | BK26: Sc | BL26: Cv | BM26: t90 | BN26: hb0 | BO26: hbr | BP26: hzi | BQ26: ket
E27: m | H27: m | Q27: kN/m³ | T27: % | V27: % | X27: - | Z27: kPa | AC27: °
C28: 1 | E28: =AI28 | H28: =AJ28 | K28: =AM28 | N28: =AN28 | Q28: =AO28 | T28: =IF(AR28="","-",AR28) | V28: =IF(AT28="","-",AT28) | X28: =AU28 | Z28: =AV28 | AC28: =AW28 | AI28: 0 | AJ28: 1.5 | AK28: =AJ28-AI28 | AL28: =(AI28+AJ28)/2 | AM28: Sand | AN28: 50 | AO28: =IF(AL28>$AA$19,$AA$21,$AA$20) | AP28: =AO28*AK28 | AQ28: =AP28-AO28*AK28/2-10*MAX(AL28-$AA$19,0) | AT28: =IF(AR28="","",AR28-AS28) | AU28: 0.65 | AV28: =IF(AM28="Sand",0,Input!$AA$31*AN28) | AW28: =IF(AM28="Sand",27.1+0.3*MIN(Input!$AA$32*AN28,60)-0.00054*MIN(Input!$AA$32*AN28,60)^2,MIN(MAX(DEGREES(ASIN(0.8-0.094*LN(MAX(IF(AT28="",10,AT28),5)))),20),30)) | AX28: =IF(AM28="Sand",Input!$AA$33*Input!$AA$32*AN28,Input!$AA$34*AV28) | AY28: =IF(AM28="Sand",Input!$AA$35,0.5) | AZ28: =Input!$AA$15/2/AL28 | BA28: =Input!$AA$16/2/AL28 | BB28: =1/(4*PI())*(2*AZ28*BA28*SQRT(AZ28^2+BA28^2+1)/(AZ28^2+BA28^2+1+AZ28^2*BA28^2)*(AZ28^2+BA28^2+2)/(AZ28^2+BA28^2+1)+ATAN2(AZ28^2+BA28^2+1-AZ28^2*BA28^2,2*AZ28*BA28*SQRT(AZ28^2+BA28^2+1))) | BC28: =4*Input!$AA$14*BB28 | BD28: =((Input!$AA$16/Input!$AA$15)*LN((1+SQRT((Input!$AA$16/Input!$AA$15)^2+1))*SQRT((Input!$AA$16/Input!$AA$15)^2+(AJ28/(Input!$AA$15/2))^2)/((Input!$AA$16/Input!$AA$15)*(1+SQRT((Input!$AA$16/Input!$AA$15)^2+(AJ28/(Input!$AA$15/2))^2+1))))+LN(((Input!$AA$16/Input!$AA$15)+SQRT((Input!$AA$16/Input!$AA$15)^2+1))*SQRT(1+(AJ28/(Input!$AA$15/2))^2)/((Input!$AA$16/Input!$AA$15)+SQRT((Input!$AA$16/Input!$AA$15)^2+(AJ28/(Input!$AA$15/2))^2+1))))/PI() | BE28: =(AJ28/(Input!$AA$15/2))/(2*PI())*ATAN((Input!$AA$16/Input!$AA$15)/((AJ28/(Input!$AA$15/2))*SQRT((Input!$AA$16/Input!$AA$15)^2+(AJ28/(Input!$AA$15/2))^2+1))) | BF28: =MAX(0,AJ28-MAX(AI28,$AA$22))/AK28*IF(BC28>=Input!$AA$21*AQ28,1,0) | BG28: =4*Input!$AA$14*(Input!$AA$15/2)*(1-AY28^2)/AX28*((BD28-0)+(1-2*AY28)/(1-AY28)*(BE28-0))*1000*BF28 | BH28: =IF(AM28="Sand",0,0.009*(AR28-10)) | BI28: =BH28*Input!$AA$36 | BJ28: =IF(AM28="Sand",0,MAX(AV28/Input!$AA$37,AQ28)) | BK28: =IF(AM28="Sand",0,1000*AK28/(1+AU28)*IF(AQ28+BC28<=BJ28,BI28*LOG10((AQ28+BC28)/AQ28),BI28*LOG10(BJ28/AQ28)+BH28*LOG10((AQ28+BC28)/BJ28)))*BF28 | BL28: =IF(AM28="Sand",0,10^(INDEX(Input!$Q$48:$Q$54,MIN(MATCH(MIN(MAX(AR28,30),120),Input!$C$48:$C$54,1),6))+(MIN(MAX(AR28,30),120)-INDEX(Input!$C$48:$C$54,MIN(MATCH(MIN(MAX(AR28,30),120),Input!$C$48:$C$54,1),6)))/(INDEX(Input!$C$48:$C$54,MIN(MATCH(MIN(MAX(AR28,30),120),Input!$C$48:$C$54,1),6)+1)-INDEX(Input!$C$48:$C$54,MIN(MATCH(MIN(MAX(AR28,30),120),Input!$C$48:$C$54,1),6)))*(INDEX(Input!$Q$48:$Q$54,MIN(MATCH(MIN(MAX(AR28,30),120),Input!$C$48:$C$54,1),6)+1)-INDEX(Input!$Q$48:$Q$54,MIN(MATCH(MIN(MAX(AR28,30),120),Input!$C$48:$C$54,1),6))))) | BM28: =IF(OR(AM28="Sand",BF28=0),0,Input!$AA$38*(AK28/2)^2/(BL28*1E-4*31536000)) | BN28: =MAX(0,MIN(AJ28,Input!$AA$20)-AI28) | BO28: =MAX(0,MIN(AJ28,Input!$AA$20)-MAX(AI28,$AA$22)) | BP28: =MAX(0,MIN(AJ28,$AA$225)-AI28) | BQ28: 0-1.5 m not tested: N of next layer
C29: 2 | E29: =AI29 | H29: =AJ29 | K29: =AM29 | N29: =AN29 | Q29: =AO29 | T29: =IF(AR29="","-",AR29) | V29: =IF(AT29="","-",AT29) | X29: =AU29 | Z29: =AV29 | AC29: =AW29 | AI29: 1.5 | AJ29: 3 | AK29: =AJ29-AI29 | AL29: =(AI29+AJ29)/2 | AM29: Sand | AN29: 50 | AO29: =IF(AL29>$AA$19,$AA$21,$AA$20) | AP29: =AP28+AO29*AK29 | AQ29: =AP29-AO29*AK29/2-10*MAX(AL29-$AA$19,0) | AT29: =IF(AR29="","",AR29-AS29) | AU29: 0.65 | AV29: =IF(AM29="Sand",0,Input!$AA$31*AN29) | AW29: =IF(AM29="Sand",27.1+0.3*MIN(Input!$AA$32*AN29,60)-0.00054*MIN(Input!$AA$32*AN29,60)^2,MIN(MAX(DEGREES(ASIN(0.8-0.094*LN(MAX(IF(AT29="",10,AT29),5)))),20),30)) | AX29: =IF(AM29="Sand",Input!$AA$33*Input!$AA$32*AN29,Input!$AA$34*AV29) | AY29: =IF(AM29="Sand",Input!$AA$35,0.5) | AZ29: =Input!$AA$15/2/AL29 | BA29: =Input!$AA$16/2/AL29 | BB29: =1/(4*PI())*(2*AZ29*BA29*SQRT(AZ29^2+BA29^2+1)/(AZ29^2+BA29^2+1+AZ29^2*BA29^2)*(AZ29^2+BA29^2+2)/(AZ29^2+BA29^2+1)+ATAN2(AZ29^2+BA29^2+1-AZ29^2*BA29^2,2*AZ29*BA29*SQRT(AZ29^2+BA29^2+1))) | BC29: =4*Input!$AA$14*BB29 | BD29: =((Input!$AA$16/Input!$AA$15)*LN((1+SQRT((Input!$AA$16/Input!$AA$15)^2+1))*SQRT((Input!$AA$16/Input!$AA$15)^2+(AJ29/(Input!$AA$15/2))^2)/((Input!$AA$16/Input!$AA$15)*(1+SQRT((Input!$AA$16/Input!$AA$15)^2+(AJ29/(Input!$AA$15/2))^2+1))))+LN(((Input!$AA$16/Input!$AA$15)+SQRT((Input!$AA$16/Input!$AA$15)^2+1))*SQRT(1+(AJ29/(Input!$AA$15/2))^2)/((Input!$AA$16/Input!$AA$15)+SQRT((Input!$AA$16/Input!$AA$15)^2+(AJ29/(Input!$AA$15/2))^2+1))))/PI() | BE29: =(AJ29/(Input!$AA$15/2))/(2*PI())*ATAN((Input!$AA$16/Input!$AA$15)/((AJ29/(Input!$AA$15/2))*SQRT((Input!$AA$16/Input!$AA$15)^2+(AJ29/(Input!$AA$15/2))^2+1))) | BF29: =MAX(0,AJ29-MAX(AI29,$AA$22))/AK29*IF(BC29>=Input!$AA$21*AQ29,1,0) | BG29: =4*Input!$AA$14*(Input!$AA$15/2)*(1-AY29^2)/AX29*((BD29-BD28)+(1-2*AY29)/(1-AY29)*(BE29-BE28))*1000*BF29 | BH29: =IF(AM29="Sand",0,0.009*(AR29-10)) | BI29: =BH29*Input!$AA$36 | BJ29: =IF(AM29="Sand",0,MAX(AV29/Input!$AA$37,AQ29)) | BK29: =IF(AM29="Sand",0,1000*AK29/(1+AU29)*IF(AQ29+BC29<=BJ29,BI29*LOG10((AQ29+BC29)/AQ29),BI29*LOG10(BJ29/AQ29)+BH29*LOG10((AQ29+BC29)/BJ29)))*BF29 | BL29: =IF(AM29="Sand",0,10^(INDEX(Input!$Q$48:$Q$54,MIN(MATCH(MIN(MAX(AR29,30),120),Input!$C$48:$C$54,1),6))+(MIN(MAX(AR29,30),120)-INDEX(Input!$C$48:$C$54,MIN(MATCH(MIN(MAX(AR29,30),120),Input!$C$48:$C$54,1),6)))/(INDEX(Input!$C$48:$C$54,MIN(MATCH(MIN(MAX(AR29,30),120),Input!$C$48:$C$54,1),6)+1)-INDEX(Input!$C$48:$C$54,MIN(MATCH(MIN(MAX(AR29,30),120),Input!$C$48:$C$54,1),6)))*(INDEX(Input!$Q$48:$Q$54,MIN(MATCH(MIN(MAX(AR29,30),120),Input!$C$48:$C$54,1),6)+1)-INDEX(Input!$Q$48:$Q$54,MIN(MATCH(MIN(MAX(AR29,30),120),Input!$C$48:$C$54,1),6))))) | BM29: =IF(OR(AM29="Sand",BF29=0),0,Input!$AA$38*(AK29/2)^2/(BL29*1E-4*31536000)) | BN29: =MAX(0,MIN(AJ29,Input!$AA$20)-AI29) | BO29: =MAX(0,MIN(AJ29,Input!$AA$20)-MAX(AI29,$AA$22)) | BP29: =MAX(0,MIN(AJ29,$AA$225)-AI29)
C30: 3 | E30: =AI30 | H30: =AJ30 | K30: =AM30 | N30: =AN30 | Q30: =AO30 | T30: =IF(AR30="","-",AR30) | V30: =IF(AT30="","-",AT30) | X30: =AU30 | Z30: =AV30 | AC30: =AW30 | AI30: 3 | AJ30: 4.5 | AK30: =AJ30-AI30 | AL30: =(AI30+AJ30)/2 | AM30: Sand | AN30: 50 | AO30: =IF(AL30>$AA$19,$AA$21,$AA$20) | AP30: =AP29+AO30*AK30 | AQ30: =AP30-AO30*AK30/2-10*MAX(AL30-$AA$19,0) | AT30: =IF(AR30="","",AR30-AS30) | AU30: 0.65 | AV30: =IF(AM30="Sand",0,Input!$AA$31*AN30) | AW30: =IF(AM30="Sand",27.1+0.3*MIN(Input!$AA$32*AN30,60)-0.00054*MIN(Input!$AA$32*AN30,60)^2,MIN(MAX(DEGREES(ASIN(0.8-0.094*LN(MAX(IF(AT30="",10,AT30),5)))),20),30)) | AX30: =IF(AM30="Sand",Input!$AA$33*Input!$AA$32*AN30,Input!$AA$34*AV30) | AY30: =IF(AM30="Sand",Input!$AA$35,0.5) | AZ30: =Input!$AA$15/2/AL30 | BA30: =Input!$AA$16/2/AL30 | BB30: =1/(4*PI())*(2*AZ30*BA30*SQRT(AZ30^2+BA30^2+1)/(AZ30^2+BA30^2+1+AZ30^2*BA30^2)*(AZ30^2+BA30^2+2)/(AZ30^2+BA30^2+1)+ATAN2(AZ30^2+BA30^2+1-AZ30^2*BA30^2,2*AZ30*BA30*SQRT(AZ30^2+BA30^2+1))) | BC30: =4*Input!$AA$14*BB30 | BD30: =((Input!$AA$16/Input!$AA$15)*LN((1+SQRT((Input!$AA$16/Input!$AA$15)^2+1))*SQRT((Input!$AA$16/Input!$AA$15)^2+(AJ30/(Input!$AA$15/2))^2)/((Input!$AA$16/Input!$AA$15)*(1+SQRT((Input!$AA$16/Input!$AA$15)^2+(AJ30/(Input!$AA$15/2))^2+1))))+LN(((Input!$AA$16/Input!$AA$15)+SQRT((Input!$AA$16/Input!$AA$15)^2+1))*SQRT(1+(AJ30/(Input!$AA$15/2))^2)/((Input!$AA$16/Input!$AA$15)+SQRT((Input!$AA$16/Input!$AA$15)^2+(AJ30/(Input!$AA$15/2))^2+1))))/PI() | BE30: =(AJ30/(Input!$AA$15/2))/(2*PI())*ATAN((Input!$AA$16/Input!$AA$15)/((AJ30/(Input!$AA$15/2))*SQRT((Input!$AA$16/Input!$AA$15)^2+(AJ30/(Input!$AA$15/2))^2+1))) | BF30: =MAX(0,AJ30-MAX(AI30,$AA$22))/AK30*IF(BC30>=Input!$AA$21*AQ30,1,0) | BG30: =4*Input!$AA$14*(Input!$AA$15/2)*(1-AY30^2)/AX30*((BD30-BD29)+(1-2*AY30)/(1-AY30)*(BE30-BE29))*1000*BF30 | BH30: =IF(AM30="Sand",0,0.009*(AR30-10)) | BI30: =BH30*Input!$AA$36 | BJ30: =IF(AM30="Sand",0,MAX(AV30/Input!$AA$37,AQ30)) | BK30: =IF(AM30="Sand",0,1000*AK30/(1+AU30)*IF(AQ30+BC30<=BJ30,BI30*LOG10((AQ30+BC30)/AQ30),BI30*LOG10(BJ30/AQ30)+BH30*LOG10((AQ30+BC30)/BJ30)))*BF30 | BL30: =IF(AM30="Sand",0,10^(INDEX(Input!$Q$48:$Q$54,MIN(MATCH(MIN(MAX(AR30,30),120),Input!$C$48:$C$54,1),6))+(MIN(MAX(AR30,30),120)-INDEX(Input!$C$48:$C$54,MIN(MATCH(MIN(MAX(AR30,30),120),Input!$C$48:$C$54,1),6)))/(INDEX(Input!$C$48:$C$54,MIN(MATCH(MIN(MAX(AR30,30),120),Input!$C$48:$C$54,1),6)+1)-INDEX(Input!$C$48:$C$54,MIN(MATCH(MIN(MAX(AR30,30),120),Input!$C$48:$C$54,1),6)))*(INDEX(Input!$Q$48:$Q$54,MIN(MATCH(MIN(MAX(AR30,30),120),Input!$C$48:$C$54,1),6)+1)-INDEX(Input!$Q$48:$Q$54,MIN(MATCH(MIN(MAX(AR30,30),120),Input!$C$48:$C$54,1),6))))) | BM30: =IF(OR(AM30="Sand",BF30=0),0,Input!$AA$38*(AK30/2)^2/(BL30*1E-4*31536000)) | BN30: =MAX(0,MIN(AJ30,Input!$AA$20)-AI30) | BO30: =MAX(0,MIN(AJ30,Input!$AA$20)-MAX(AI30,$AA$22)) | BP30: =MAX(0,MIN(AJ30,$AA$225)-AI30)
C31: 4 | E31: =AI31 | H31: =AJ31 | K31: =AM31 | N31: =AN31 | Q31: =AO31 | T31: =IF(AR31="","-",AR31) | V31: =IF(AT31="","-",AT31) | X31: =AU31 | Z31: =AV31 | AC31: =AW31 | AI31: 4.5 | AJ31: 6 | AK31: =AJ31-AI31 | AL31: =(AI31+AJ31)/2 | AM31: Sand | AN31: 41 | AO31: =IF(AL31>$AA$19,$AA$21,$AA$20) | AP31: =AP30+AO31*AK31 | AQ31: =AP31-AO31*AK31/2-10*MAX(AL31-$AA$19,0) | AT31: =IF(AR31="","",AR31-AS31) | AU31: 0.588 | AV31: =IF(AM31="Sand",0,Input!$AA$31*AN31) | AW31: =IF(AM31="Sand",27.1+0.3*MIN(Input!$AA$32*AN31,60)-0.00054*MIN(Input!$AA$32*AN31,60)^2,MIN(MAX(DEGREES(ASIN(0.8-0.094*LN(MAX(IF(AT31="",10,AT31),5)))),20),30)) | AX31: =IF(AM31="Sand",Input!$AA$33*Input!$AA$32*AN31,Input!$AA$34*AV31) | AY31: =IF(AM31="Sand",Input!$AA$35,0.5) | AZ31: =Input!$AA$15/2/AL31 | BA31: =Input!$AA$16/2/AL31 | BB31: =1/(4*PI())*(2*AZ31*BA31*SQRT(AZ31^2+BA31^2+1)/(AZ31^2+BA31^2+1+AZ31^2*BA31^2)*(AZ31^2+BA31^2+2)/(AZ31^2+BA31^2+1)+ATAN2(AZ31^2+BA31^2+1-AZ31^2*BA31^2,2*AZ31*BA31*SQRT(AZ31^2+BA31^2+1))) | BC31: =4*Input!$AA$14*BB31 | BD31: =((Input!$AA$16/Input!$AA$15)*LN((1+SQRT((Input!$AA$16/Input!$AA$15)^2+1))*SQRT((Input!$AA$16/Input!$AA$15)^2+(AJ31/(Input!$AA$15/2))^2)/((Input!$AA$16/Input!$AA$15)*(1+SQRT((Input!$AA$16/Input!$AA$15)^2+(AJ31/(Input!$AA$15/2))^2+1))))+LN(((Input!$AA$16/Input!$AA$15)+SQRT((Input!$AA$16/Input!$AA$15)^2+1))*SQRT(1+(AJ31/(Input!$AA$15/2))^2)/((Input!$AA$16/Input!$AA$15)+SQRT((Input!$AA$16/Input!$AA$15)^2+(AJ31/(Input!$AA$15/2))^2+1))))/PI() | BE31: =(AJ31/(Input!$AA$15/2))/(2*PI())*ATAN((Input!$AA$16/Input!$AA$15)/((AJ31/(Input!$AA$15/2))*SQRT((Input!$AA$16/Input!$AA$15)^2+(AJ31/(Input!$AA$15/2))^2+1))) | BF31: =MAX(0,AJ31-MAX(AI31,$AA$22))/AK31*IF(BC31>=Input!$AA$21*AQ31,1,0) | BG31: =4*Input!$AA$14*(Input!$AA$15/2)*(1-AY31^2)/AX31*((BD31-BD30)+(1-2*AY31)/(1-AY31)*(BE31-BE30))*1000*BF31 | BH31: =IF(AM31="Sand",0,0.009*(AR31-10)) | BI31: =BH31*Input!$AA$36 | BJ31: =IF(AM31="Sand",0,MAX(AV31/Input!$AA$37,AQ31)) | BK31: =IF(AM31="Sand",0,1000*AK31/(1+AU31)*IF(AQ31+BC31<=BJ31,BI31*LOG10((AQ31+BC31)/AQ31),BI31*LOG10(BJ31/AQ31)+BH31*LOG10((AQ31+BC31)/BJ31)))*BF31 | BL31: =IF(AM31="Sand",0,10^(INDEX(Input!$Q$48:$Q$54,MIN(MATCH(MIN(MAX(AR31,30),120),Input!$C$48:$C$54,1),6))+(MIN(MAX(AR31,30),120)-INDEX(Input!$C$48:$C$54,MIN(MATCH(MIN(MAX(AR31,30),120),Input!$C$48:$C$54,1),6)))/(INDEX(Input!$C$48:$C$54,MIN(MATCH(MIN(MAX(AR31,30),120),Input!$C$48:$C$54,1),6)+1)-INDEX(Input!$C$48:$C$54,MIN(MATCH(MIN(MAX(AR31,30),120),Input!$C$48:$C$54,1),6)))*(INDEX(Input!$Q$48:$Q$54,MIN(MATCH(MIN(MAX(AR31,30),120),Input!$C$48:$C$54,1),6)+1)-INDEX(Input!$Q$48:$Q$54,MIN(MATCH(MIN(MAX(AR31,30),120),Input!$C$48:$C$54,1),6))))) | BM31: =IF(OR(AM31="Sand",BF31=0),0,Input!$AA$38*(AK31/2)^2/(BL31*1E-4*31536000)) | BN31: =MAX(0,MIN(AJ31,Input!$AA$20)-AI31) | BO31: =MAX(0,MIN(AJ31,Input!$AA$20)-MAX(AI31,$AA$22)) | BP31: =MAX(0,MIN(AJ31,$AA$225)-AI31)
C32: 5 | E32: =AI32 | H32: =AJ32 | K32: =AM32 | N32: =AN32 | Q32: =AO32 | T32: =IF(AR32="","-",AR32) | V32: =IF(AT32="","-",AT32) | X32: =AU32 | Z32: =AV32 | AC32: =AW32 | AI32: 6 | AJ32: 7.5 | AK32: =AJ32-AI32 | AL32: =(AI32+AJ32)/2 | AM32: Sand | AN32: 50 | AO32: =IF(AL32>$AA$19,$AA$21,$AA$20) | AP32: =AP31+AO32*AK32 | AQ32: =AP32-AO32*AK32/2-10*MAX(AL32-$AA$19,0) | AT32: =IF(AR32="","",AR32-AS32) | AU32: 0.503 | AV32: =IF(AM32="Sand",0,Input!$AA$31*AN32) | AW32: =IF(AM32="Sand",27.1+0.3*MIN(Input!$AA$32*AN32,60)-0.00054*MIN(Input!$AA$32*AN32,60)^2,MIN(MAX(DEGREES(ASIN(0.8-0.094*LN(MAX(IF(AT32="",10,AT32),5)))),20),30)) | AX32: =IF(AM32="Sand",Input!$AA$33*Input!$AA$32*AN32,Input!$AA$34*AV32) | AY32: =IF(AM32="Sand",Input!$AA$35,0.5) | AZ32: =Input!$AA$15/2/AL32 | BA32: =Input!$AA$16/2/AL32 | BB32: =1/(4*PI())*(2*AZ32*BA32*SQRT(AZ32^2+BA32^2+1)/(AZ32^2+BA32^2+1+AZ32^2*BA32^2)*(AZ32^2+BA32^2+2)/(AZ32^2+BA32^2+1)+ATAN2(AZ32^2+BA32^2+1-AZ32^2*BA32^2,2*AZ32*BA32*SQRT(AZ32^2+BA32^2+1))) | BC32: =4*Input!$AA$14*BB32 | BD32: =((Input!$AA$16/Input!$AA$15)*LN((1+SQRT((Input!$AA$16/Input!$AA$15)^2+1))*SQRT((Input!$AA$16/Input!$AA$15)^2+(AJ32/(Input!$AA$15/2))^2)/((Input!$AA$16/Input!$AA$15)*(1+SQRT((Input!$AA$16/Input!$AA$15)^2+(AJ32/(Input!$AA$15/2))^2+1))))+LN(((Input!$AA$16/Input!$AA$15)+SQRT((Input!$AA$16/Input!$AA$15)^2+1))*SQRT(1+(AJ32/(Input!$AA$15/2))^2)/((Input!$AA$16/Input!$AA$15)+SQRT((Input!$AA$16/Input!$AA$15)^2+(AJ32/(Input!$AA$15/2))^2+1))))/PI() | BE32: =(AJ32/(Input!$AA$15/2))/(2*PI())*ATAN((Input!$AA$16/Input!$AA$15)/((AJ32/(Input!$AA$15/2))*SQRT((Input!$AA$16/Input!$AA$15)^2+(AJ32/(Input!$AA$15/2))^2+1))) | BF32: =MAX(0,AJ32-MAX(AI32,$AA$22))/AK32*IF(BC32>=Input!$AA$21*AQ32,1,0) | BG32: =4*Input!$AA$14*(Input!$AA$15/2)*(1-AY32^2)/AX32*((BD32-BD31)+(1-2*AY32)/(1-AY32)*(BE32-BE31))*1000*BF32 | BH32: =IF(AM32="Sand",0,0.009*(AR32-10)) | BI32: =BH32*Input!$AA$36 | BJ32: =IF(AM32="Sand",0,MAX(AV32/Input!$AA$37,AQ32)) | BK32: =IF(AM32="Sand",0,1000*AK32/(1+AU32)*IF(AQ32+BC32<=BJ32,BI32*LOG10((AQ32+BC32)/AQ32),BI32*LOG10(BJ32/AQ32)+BH32*LOG10((AQ32+BC32)/BJ32)))*BF32 | BL32: =IF(AM32="Sand",0,10^(INDEX(Input!$Q$48:$Q$54,MIN(MATCH(MIN(MAX(AR32,30),120),Input!$C$48:$C$54,1),6))+(MIN(MAX(AR32,30),120)-INDEX(Input!$C$48:$C$54,MIN(MATCH(MIN(MAX(AR32,30),120),Input!$C$48:$C$54,1),6)))/(INDEX(Input!$C$48:$C$54,MIN(MATCH(MIN(MAX(AR32,30),120),Input!$C$48:$C$54,1),6)+1)-INDEX(Input!$C$48:$C$54,MIN(MATCH(MIN(MAX(AR32,30),120),Input!$C$48:$C$54,1),6)))*(INDEX(Input!$Q$48:$Q$54,MIN(MATCH(MIN(MAX(AR32,30),120),Input!$C$48:$C$54,1),6)+1)-INDEX(Input!$Q$48:$Q$54,MIN(MATCH(MIN(MAX(AR32,30),120),Input!$C$48:$C$54,1),6))))) | BM32: =IF(OR(AM32="Sand",BF32=0),0,Input!$AA$38*(AK32/2)^2/(BL32*1E-4*31536000)) | BN32: =MAX(0,MIN(AJ32,Input!$AA$20)-AI32) | BO32: =MAX(0,MIN(AJ32,Input!$AA$20)-MAX(AI32,$AA$22)) | BP32: =MAX(0,MIN(AJ32,$AA$225)-AI32)
C33: 6 | E33: =AI33 | H33: =AJ33 | K33: =AM33 | N33: =AN33 | Q33: =AO33 | T33: =IF(AR33="","-",AR33) | V33: =IF(AT33="","-",AT33) | X33: =AU33 | Z33: =AV33 | AC33: =AW33 | AI33: 7.5 | AJ33: 9 | AK33: =AJ33-AI33 | AL33: =(AI33+AJ33)/2 | AM33: Sand | AN33: 26 | AO33: =IF(AL33>$AA$19,$AA$21,$AA$20) | AP33: =AP32+AO33*AK33 | AQ33: =AP33-AO33*AK33/2-10*MAX(AL33-$AA$19,0) | AT33: =IF(AR33="","",AR33-AS33) | AU33: 0.65 | AV33: =IF(AM33="Sand",0,Input!$AA$31*AN33) | AW33: =IF(AM33="Sand",27.1+0.3*MIN(Input!$AA$32*AN33,60)-0.00054*MIN(Input!$AA$32*AN33,60)^2,MIN(MAX(DEGREES(ASIN(0.8-0.094*LN(MAX(IF(AT33="",10,AT33),5)))),20),30)) | AX33: =IF(AM33="Sand",Input!$AA$33*Input!$AA$32*AN33,Input!$AA$34*AV33) | AY33: =IF(AM33="Sand",Input!$AA$35,0.5) | AZ33: =Input!$AA$15/2/AL33 | BA33: =Input!$AA$16/2/AL33 | BB33: =1/(4*PI())*(2*AZ33*BA33*SQRT(AZ33^2+BA33^2+1)/(AZ33^2+BA33^2+1+AZ33^2*BA33^2)*(AZ33^2+BA33^2+2)/(AZ33^2+BA33^2+1)+ATAN2(AZ33^2+BA33^2+1-AZ33^2*BA33^2,2*AZ33*BA33*SQRT(AZ33^2+BA33^2+1))) | BC33: =4*Input!$AA$14*BB33 | BD33: =((Input!$AA$16/Input!$AA$15)*LN((1+SQRT((Input!$AA$16/Input!$AA$15)^2+1))*SQRT((Input!$AA$16/Input!$AA$15)^2+(AJ33/(Input!$AA$15/2))^2)/((Input!$AA$16/Input!$AA$15)*(1+SQRT((Input!$AA$16/Input!$AA$15)^2+(AJ33/(Input!$AA$15/2))^2+1))))+LN(((Input!$AA$16/Input!$AA$15)+SQRT((Input!$AA$16/Input!$AA$15)^2+1))*SQRT(1+(AJ33/(Input!$AA$15/2))^2)/((Input!$AA$16/Input!$AA$15)+SQRT((Input!$AA$16/Input!$AA$15)^2+(AJ33/(Input!$AA$15/2))^2+1))))/PI() | BE33: =(AJ33/(Input!$AA$15/2))/(2*PI())*ATAN((Input!$AA$16/Input!$AA$15)/((AJ33/(Input!$AA$15/2))*SQRT((Input!$AA$16/Input!$AA$15)^2+(AJ33/(Input!$AA$15/2))^2+1))) | BF33: =MAX(0,AJ33-MAX(AI33,$AA$22))/AK33*IF(BC33>=Input!$AA$21*AQ33,1,0) | BG33: =4*Input!$AA$14*(Input!$AA$15/2)*(1-AY33^2)/AX33*((BD33-BD32)+(1-2*AY33)/(1-AY33)*(BE33-BE32))*1000*BF33 | BH33: =IF(AM33="Sand",0,0.009*(AR33-10)) | BI33: =BH33*Input!$AA$36 | BJ33: =IF(AM33="Sand",0,MAX(AV33/Input!$AA$37,AQ33)) | BK33: =IF(AM33="Sand",0,1000*AK33/(1+AU33)*IF(AQ33+BC33<=BJ33,BI33*LOG10((AQ33+BC33)/AQ33),BI33*LOG10(BJ33/AQ33)+BH33*LOG10((AQ33+BC33)/BJ33)))*BF33 | BL33: =IF(AM33="Sand",0,10^(INDEX(Input!$Q$48:$Q$54,MIN(MATCH(MIN(MAX(AR33,30),120),Input!$C$48:$C$54,1),6))+(MIN(MAX(AR33,30),120)-INDEX(Input!$C$48:$C$54,MIN(MATCH(MIN(MAX(AR33,30),120),Input!$C$48:$C$54,1),6)))/(INDEX(Input!$C$48:$C$54,MIN(MATCH(MIN(MAX(AR33,30),120),Input!$C$48:$C$54,1),6)+1)-INDEX(Input!$C$48:$C$54,MIN(MATCH(MIN(MAX(AR33,30),120),Input!$C$48:$C$54,1),6)))*(INDEX(Input!$Q$48:$Q$54,MIN(MATCH(MIN(MAX(AR33,30),120),Input!$C$48:$C$54,1),6)+1)-INDEX(Input!$Q$48:$Q$54,MIN(MATCH(MIN(MAX(AR33,30),120),Input!$C$48:$C$54,1),6))))) | BM33: =IF(OR(AM33="Sand",BF33=0),0,Input!$AA$38*(AK33/2)^2/(BL33*1E-4*31536000)) | BN33: =MAX(0,MIN(AJ33,Input!$AA$20)-AI33) | BO33: =MAX(0,MIN(AJ33,Input!$AA$20)-MAX(AI33,$AA$22)) | BP33: =MAX(0,MIN(AJ33,$AA$225)-AI33)
C34: 7 | E34: =AI34 | H34: =AJ34 | K34: =AM34 | N34: =AN34 | Q34: =AO34 | T34: =IF(AR34="","-",AR34) | V34: =IF(AT34="","-",AT34) | X34: =AU34 | Z34: =AV34 | AC34: =AW34 | AI34: 9 | AJ34: 10.5 | AK34: =AJ34-AI34 | AL34: =(AI34+AJ34)/2 | AM34: Sand | AN34: 15 | AO34: =IF(AL34>$AA$19,$AA$21,$AA$20) | AP34: =AP33+AO34*AK34 | AQ34: =AP34-AO34*AK34/2-10*MAX(AL34-$AA$19,0) | AT34: =IF(AR34="","",AR34-AS34) | AU34: 0.787 | AV34: =IF(AM34="Sand",0,Input!$AA$31*AN34) | AW34: =IF(AM34="Sand",27.1+0.3*MIN(Input!$AA$32*AN34,60)-0.00054*MIN(Input!$AA$32*AN34,60)^2,MIN(MAX(DEGREES(ASIN(0.8-0.094*LN(MAX(IF(AT34="",10,AT34),5)))),20),30)) | AX34: =IF(AM34="Sand",Input!$AA$33*Input!$AA$32*AN34,Input!$AA$34*AV34) | AY34: =IF(AM34="Sand",Input!$AA$35,0.5) | AZ34: =Input!$AA$15/2/AL34 | BA34: =Input!$AA$16/2/AL34 | BB34: =1/(4*PI())*(2*AZ34*BA34*SQRT(AZ34^2+BA34^2+1)/(AZ34^2+BA34^2+1+AZ34^2*BA34^2)*(AZ34^2+BA34^2+2)/(AZ34^2+BA34^2+1)+ATAN2(AZ34^2+BA34^2+1-AZ34^2*BA34^2,2*AZ34*BA34*SQRT(AZ34^2+BA34^2+1))) | BC34: =4*Input!$AA$14*BB34 | BD34: =((Input!$AA$16/Input!$AA$15)*LN((1+SQRT((Input!$AA$16/Input!$AA$15)^2+1))*SQRT((Input!$AA$16/Input!$AA$15)^2+(AJ34/(Input!$AA$15/2))^2)/((Input!$AA$16/Input!$AA$15)*(1+SQRT((Input!$AA$16/Input!$AA$15)^2+(AJ34/(Input!$AA$15/2))^2+1))))+LN(((Input!$AA$16/Input!$AA$15)+SQRT((Input!$AA$16/Input!$AA$15)^2+1))*SQRT(1+(AJ34/(Input!$AA$15/2))^2)/((Input!$AA$16/Input!$AA$15)+SQRT((Input!$AA$16/Input!$AA$15)^2+(AJ34/(Input!$AA$15/2))^2+1))))/PI() | BE34: =(AJ34/(Input!$AA$15/2))/(2*PI())*ATAN((Input!$AA$16/Input!$AA$15)/((AJ34/(Input!$AA$15/2))*SQRT((Input!$AA$16/Input!$AA$15)^2+(AJ34/(Input!$AA$15/2))^2+1))) | BF34: =MAX(0,AJ34-MAX(AI34,$AA$22))/AK34*IF(BC34>=Input!$AA$21*AQ34,1,0) | BG34: =4*Input!$AA$14*(Input!$AA$15/2)*(1-AY34^2)/AX34*((BD34-BD33)+(1-2*AY34)/(1-AY34)*(BE34-BE33))*1000*BF34 | BH34: =IF(AM34="Sand",0,0.009*(AR34-10)) | BI34: =BH34*Input!$AA$36 | BJ34: =IF(AM34="Sand",0,MAX(AV34/Input!$AA$37,AQ34)) | BK34: =IF(AM34="Sand",0,1000*AK34/(1+AU34)*IF(AQ34+BC34<=BJ34,BI34*LOG10((AQ34+BC34)/AQ34),BI34*LOG10(BJ34/AQ34)+BH34*LOG10((AQ34+BC34)/BJ34)))*BF34 | BL34: =IF(AM34="Sand",0,10^(INDEX(Input!$Q$48:$Q$54,MIN(MATCH(MIN(MAX(AR34,30),120),Input!$C$48:$C$54,1),6))+(MIN(MAX(AR34,30),120)-INDEX(Input!$C$48:$C$54,MIN(MATCH(MIN(MAX(AR34,30),120),Input!$C$48:$C$54,1),6)))/(INDEX(Input!$C$48:$C$54,MIN(MATCH(MIN(MAX(AR34,30),120),Input!$C$48:$C$54,1),6)+1)-INDEX(Input!$C$48:$C$54,MIN(MATCH(MIN(MAX(AR34,30),120),Input!$C$48:$C$54,1),6)))*(INDEX(Input!$Q$48:$Q$54,MIN(MATCH(MIN(MAX(AR34,30),120),Input!$C$48:$C$54,1),6)+1)-INDEX(Input!$Q$48:$Q$54,MIN(MATCH(MIN(MAX(AR34,30),120),Input!$C$48:$C$54,1),6))))) | BM34: =IF(OR(AM34="Sand",BF34=0),0,Input!$AA$38*(AK34/2)^2/(BL34*1E-4*31536000)) | BN34: =MAX(0,MIN(AJ34,Input!$AA$20)-AI34) | BO34: =MAX(0,MIN(AJ34,Input!$AA$20)-MAX(AI34,$AA$22)) | BP34: =MAX(0,MIN(AJ34,$AA$225)-AI34)
C35: 8 | E35: =AI35 | H35: =AJ35 | K35: =AM35 | N35: =AN35 | Q35: =AO35 | T35: =IF(AR35="","-",AR35) | V35: =IF(AT35="","-",AT35) | X35: =AU35 | Z35: =AV35 | AC35: =AW35 | AI35: 10.5 | AJ35: 12 | AK35: =AJ35-AI35 | AL35: =(AI35+AJ35)/2 | AM35: Sand | AN35: 25 | AO35: =IF(AL35>$AA$19,$AA$21,$AA$20) | AP35: =AP34+AO35*AK35 | AQ35: =AP35-AO35*AK35/2-10*MAX(AL35-$AA$19,0) | AT35: =IF(AR35="","",AR35-AS35) | AU35: 0.645 | AV35: =IF(AM35="Sand",0,Input!$AA$31*AN35) | AW35: =IF(AM35="Sand",27.1+0.3*MIN(Input!$AA$32*AN35,60)-0.00054*MIN(Input!$AA$32*AN35,60)^2,MIN(MAX(DEGREES(ASIN(0.8-0.094*LN(MAX(IF(AT35="",10,AT35),5)))),20),30)) | AX35: =IF(AM35="Sand",Input!$AA$33*Input!$AA$32*AN35,Input!$AA$34*AV35) | AY35: =IF(AM35="Sand",Input!$AA$35,0.5) | AZ35: =Input!$AA$15/2/AL35 | BA35: =Input!$AA$16/2/AL35 | BB35: =1/(4*PI())*(2*AZ35*BA35*SQRT(AZ35^2+BA35^2+1)/(AZ35^2+BA35^2+1+AZ35^2*BA35^2)*(AZ35^2+BA35^2+2)/(AZ35^2+BA35^2+1)+ATAN2(AZ35^2+BA35^2+1-AZ35^2*BA35^2,2*AZ35*BA35*SQRT(AZ35^2+BA35^2+1))) | BC35: =4*Input!$AA$14*BB35 | BD35: =((Input!$AA$16/Input!$AA$15)*LN((1+SQRT((Input!$AA$16/Input!$AA$15)^2+1))*SQRT((Input!$AA$16/Input!$AA$15)^2+(AJ35/(Input!$AA$15/2))^2)/((Input!$AA$16/Input!$AA$15)*(1+SQRT((Input!$AA$16/Input!$AA$15)^2+(AJ35/(Input!$AA$15/2))^2+1))))+LN(((Input!$AA$16/Input!$AA$15)+SQRT((Input!$AA$16/Input!$AA$15)^2+1))*SQRT(1+(AJ35/(Input!$AA$15/2))^2)/((Input!$AA$16/Input!$AA$15)+SQRT((Input!$AA$16/Input!$AA$15)^2+(AJ35/(Input!$AA$15/2))^2+1))))/PI() | BE35: =(AJ35/(Input!$AA$15/2))/(2*PI())*ATAN((Input!$AA$16/Input!$AA$15)/((AJ35/(Input!$AA$15/2))*SQRT((Input!$AA$16/Input!$AA$15)^2+(AJ35/(Input!$AA$15/2))^2+1))) | BF35: =MAX(0,AJ35-MAX(AI35,$AA$22))/AK35*IF(BC35>=Input!$AA$21*AQ35,1,0) | BG35: =4*Input!$AA$14*(Input!$AA$15/2)*(1-AY35^2)/AX35*((BD35-BD34)+(1-2*AY35)/(1-AY35)*(BE35-BE34))*1000*BF35 | BH35: =IF(AM35="Sand",0,0.009*(AR35-10)) | BI35: =BH35*Input!$AA$36 | BJ35: =IF(AM35="Sand",0,MAX(AV35/Input!$AA$37,AQ35)) | BK35: =IF(AM35="Sand",0,1000*AK35/(1+AU35)*IF(AQ35+BC35<=BJ35,BI35*LOG10((AQ35+BC35)/AQ35),BI35*LOG10(BJ35/AQ35)+BH35*LOG10((AQ35+BC35)/BJ35)))*BF35 | BL35: =IF(AM35="Sand",0,10^(INDEX(Input!$Q$48:$Q$54,MIN(MATCH(MIN(MAX(AR35,30),120),Input!$C$48:$C$54,1),6))+(MIN(MAX(AR35,30),120)-INDEX(Input!$C$48:$C$54,MIN(MATCH(MIN(MAX(AR35,30),120),Input!$C$48:$C$54,1),6)))/(INDEX(Input!$C$48:$C$54,MIN(MATCH(MIN(MAX(AR35,30),120),Input!$C$48:$C$54,1),6)+1)-INDEX(Input!$C$48:$C$54,MIN(MATCH(MIN(MAX(AR35,30),120),Input!$C$48:$C$54,1),6)))*(INDEX(Input!$Q$48:$Q$54,MIN(MATCH(MIN(MAX(AR35,30),120),Input!$C$48:$C$54,1),6)+1)-INDEX(Input!$Q$48:$Q$54,MIN(MATCH(MIN(MAX(AR35,30),120),Input!$C$48:$C$54,1),6))))) | BM35: =IF(OR(AM35="Sand",BF35=0),0,Input!$AA$38*(AK35/2)^2/(BL35*1E-4*31536000)) | BN35: =MAX(0,MIN(AJ35,Input!$AA$20)-AI35) | BO35: =MAX(0,MIN(AJ35,Input!$AA$20)-MAX(AI35,$AA$22)) | BP35: =MAX(0,MIN(AJ35,$AA$225)-AI35)
C36: 9 | E36: =AI36 | H36: =AJ36 | K36: =AM36 | N36: =AN36 | Q36: =AO36 | T36: =IF(AR36="","-",AR36) | V36: =IF(AT36="","-",AT36) | X36: =AU36 | Z36: =AV36 | AC36: =AW36 | AI36: 12 | AJ36: 13.5 | AK36: =AJ36-AI36 | AL36: =(AI36+AJ36)/2 | AM36: Sand | AN36: 20 | AO36: =IF(AL36>$AA$19,$AA$21,$AA$20) | AP36: =AP35+AO36*AK36 | AQ36: =AP36-AO36*AK36/2-10*MAX(AL36-$AA$19,0) | AT36: =IF(AR36="","",AR36-AS36) | AU36: 0.628 | AV36: =IF(AM36="Sand",0,Input!$AA$31*AN36) | AW36: =IF(AM36="Sand",27.1+0.3*MIN(Input!$AA$32*AN36,60)-0.00054*MIN(Input!$AA$32*AN36,60)^2,MIN(MAX(DEGREES(ASIN(0.8-0.094*LN(MAX(IF(AT36="",10,AT36),5)))),20),30)) | AX36: =IF(AM36="Sand",Input!$AA$33*Input!$AA$32*AN36,Input!$AA$34*AV36) | AY36: =IF(AM36="Sand",Input!$AA$35,0.5) | AZ36: =Input!$AA$15/2/AL36 | BA36: =Input!$AA$16/2/AL36 | BB36: =1/(4*PI())*(2*AZ36*BA36*SQRT(AZ36^2+BA36^2+1)/(AZ36^2+BA36^2+1+AZ36^2*BA36^2)*(AZ36^2+BA36^2+2)/(AZ36^2+BA36^2+1)+ATAN2(AZ36^2+BA36^2+1-AZ36^2*BA36^2,2*AZ36*BA36*SQRT(AZ36^2+BA36^2+1))) | BC36: =4*Input!$AA$14*BB36 | BD36: =((Input!$AA$16/Input!$AA$15)*LN((1+SQRT((Input!$AA$16/Input!$AA$15)^2+1))*SQRT((Input!$AA$16/Input!$AA$15)^2+(AJ36/(Input!$AA$15/2))^2)/((Input!$AA$16/Input!$AA$15)*(1+SQRT((Input!$AA$16/Input!$AA$15)^2+(AJ36/(Input!$AA$15/2))^2+1))))+LN(((Input!$AA$16/Input!$AA$15)+SQRT((Input!$AA$16/Input!$AA$15)^2+1))*SQRT(1+(AJ36/(Input!$AA$15/2))^2)/((Input!$AA$16/Input!$AA$15)+SQRT((Input!$AA$16/Input!$AA$15)^2+(AJ36/(Input!$AA$15/2))^2+1))))/PI() | BE36: =(AJ36/(Input!$AA$15/2))/(2*PI())*ATAN((Input!$AA$16/Input!$AA$15)/((AJ36/(Input!$AA$15/2))*SQRT((Input!$AA$16/Input!$AA$15)^2+(AJ36/(Input!$AA$15/2))^2+1))) | BF36: =MAX(0,AJ36-MAX(AI36,$AA$22))/AK36*IF(BC36>=Input!$AA$21*AQ36,1,0) | BG36: =4*Input!$AA$14*(Input!$AA$15/2)*(1-AY36^2)/AX36*((BD36-BD35)+(1-2*AY36)/(1-AY36)*(BE36-BE35))*1000*BF36 | BH36: =IF(AM36="Sand",0,0.009*(AR36-10)) | BI36: =BH36*Input!$AA$36 | BJ36: =IF(AM36="Sand",0,MAX(AV36/Input!$AA$37,AQ36)) | BK36: =IF(AM36="Sand",0,1000*AK36/(1+AU36)*IF(AQ36+BC36<=BJ36,BI36*LOG10((AQ36+BC36)/AQ36),BI36*LOG10(BJ36/AQ36)+BH36*LOG10((AQ36+BC36)/BJ36)))*BF36 | BL36: =IF(AM36="Sand",0,10^(INDEX(Input!$Q$48:$Q$54,MIN(MATCH(MIN(MAX(AR36,30),120),Input!$C$48:$C$54,1),6))+(MIN(MAX(AR36,30),120)-INDEX(Input!$C$48:$C$54,MIN(MATCH(MIN(MAX(AR36,30),120),Input!$C$48:$C$54,1),6)))/(INDEX(Input!$C$48:$C$54,MIN(MATCH(MIN(MAX(AR36,30),120),Input!$C$48:$C$54,1),6)+1)-INDEX(Input!$C$48:$C$54,MIN(MATCH(MIN(MAX(AR36,30),120),Input!$C$48:$C$54,1),6)))*(INDEX(Input!$Q$48:$Q$54,MIN(MATCH(MIN(MAX(AR36,30),120),Input!$C$48:$C$54,1),6)+1)-INDEX(Input!$Q$48:$Q$54,MIN(MATCH(MIN(MAX(AR36,30),120),Input!$C$48:$C$54,1),6))))) | BM36: =IF(OR(AM36="Sand",BF36=0),0,Input!$AA$38*(AK36/2)^2/(BL36*1E-4*31536000)) | BN36: =MAX(0,MIN(AJ36,Input!$AA$20)-AI36) | BO36: =MAX(0,MIN(AJ36,Input!$AA$20)-MAX(AI36,$AA$22)) | BP36: =MAX(0,MIN(AJ36,$AA$225)-AI36)
C37: 10 | E37: =AI37 | H37: =AJ37 | K37: =AM37 | N37: =AN37 | Q37: =AO37 | T37: =IF(AR37="","-",AR37) | V37: =IF(AT37="","-",AT37) | X37: =AU37 | Z37: =AV37 | AC37: =AW37 | AI37: 13.5 | AJ37: 15 | AK37: =AJ37-AI37 | AL37: =(AI37+AJ37)/2 | AM37: Sand | AN37: 47 | AO37: =IF(AL37>$AA$19,$AA$21,$AA$20) | AP37: =AP36+AO37*AK37 | AQ37: =AP37-AO37*AK37/2-10*MAX(AL37-$AA$19,0) | AT37: =IF(AR37="","",AR37-AS37) | AU37: 0.565 | AV37: =IF(AM37="Sand",0,Input!$AA$31*AN37) | AW37: =IF(AM37="Sand",27.1+0.3*MIN(Input!$AA$32*AN37,60)-0.00054*MIN(Input!$AA$32*AN37,60)^2,MIN(MAX(DEGREES(ASIN(0.8-0.094*LN(MAX(IF(AT37="",10,AT37),5)))),20),30)) | AX37: =IF(AM37="Sand",Input!$AA$33*Input!$AA$32*AN37,Input!$AA$34*AV37) | AY37: =IF(AM37="Sand",Input!$AA$35,0.5) | AZ37: =Input!$AA$15/2/AL37 | BA37: =Input!$AA$16/2/AL37 | BB37: =1/(4*PI())*(2*AZ37*BA37*SQRT(AZ37^2+BA37^2+1)/(AZ37^2+BA37^2+1+AZ37^2*BA37^2)*(AZ37^2+BA37^2+2)/(AZ37^2+BA37^2+1)+ATAN2(AZ37^2+BA37^2+1-AZ37^2*BA37^2,2*AZ37*BA37*SQRT(AZ37^2+BA37^2+1))) | BC37: =4*Input!$AA$14*BB37 | BD37: =((Input!$AA$16/Input!$AA$15)*LN((1+SQRT((Input!$AA$16/Input!$AA$15)^2+1))*SQRT((Input!$AA$16/Input!$AA$15)^2+(AJ37/(Input!$AA$15/2))^2)/((Input!$AA$16/Input!$AA$15)*(1+SQRT((Input!$AA$16/Input!$AA$15)^2+(AJ37/(Input!$AA$15/2))^2+1))))+LN(((Input!$AA$16/Input!$AA$15)+SQRT((Input!$AA$16/Input!$AA$15)^2+1))*SQRT(1+(AJ37/(Input!$AA$15/2))^2)/((Input!$AA$16/Input!$AA$15)+SQRT((Input!$AA$16/Input!$AA$15)^2+(AJ37/(Input!$AA$15/2))^2+1))))/PI() | BE37: =(AJ37/(Input!$AA$15/2))/(2*PI())*ATAN((Input!$AA$16/Input!$AA$15)/((AJ37/(Input!$AA$15/2))*SQRT((Input!$AA$16/Input!$AA$15)^2+(AJ37/(Input!$AA$15/2))^2+1))) | BF37: =MAX(0,AJ37-MAX(AI37,$AA$22))/AK37*IF(BC37>=Input!$AA$21*AQ37,1,0) | BG37: =4*Input!$AA$14*(Input!$AA$15/2)*(1-AY37^2)/AX37*((BD37-BD36)+(1-2*AY37)/(1-AY37)*(BE37-BE36))*1000*BF37 | BH37: =IF(AM37="Sand",0,0.009*(AR37-10)) | BI37: =BH37*Input!$AA$36 | BJ37: =IF(AM37="Sand",0,MAX(AV37/Input!$AA$37,AQ37)) | BK37: =IF(AM37="Sand",0,1000*AK37/(1+AU37)*IF(AQ37+BC37<=BJ37,BI37*LOG10((AQ37+BC37)/AQ37),BI37*LOG10(BJ37/AQ37)+BH37*LOG10((AQ37+BC37)/BJ37)))*BF37 | BL37: =IF(AM37="Sand",0,10^(INDEX(Input!$Q$48:$Q$54,MIN(MATCH(MIN(MAX(AR37,30),120),Input!$C$48:$C$54,1),6))+(MIN(MAX(AR37,30),120)-INDEX(Input!$C$48:$C$54,MIN(MATCH(MIN(MAX(AR37,30),120),Input!$C$48:$C$54,1),6)))/(INDEX(Input!$C$48:$C$54,MIN(MATCH(MIN(MAX(AR37,30),120),Input!$C$48:$C$54,1),6)+1)-INDEX(Input!$C$48:$C$54,MIN(MATCH(MIN(MAX(AR37,30),120),Input!$C$48:$C$54,1),6)))*(INDEX(Input!$Q$48:$Q$54,MIN(MATCH(MIN(MAX(AR37,30),120),Input!$C$48:$C$54,1),6)+1)-INDEX(Input!$Q$48:$Q$54,MIN(MATCH(MIN(MAX(AR37,30),120),Input!$C$48:$C$54,1),6))))) | BM37: =IF(OR(AM37="Sand",BF37=0),0,Input!$AA$38*(AK37/2)^2/(BL37*1E-4*31536000)) | BN37: =MAX(0,MIN(AJ37,Input!$AA$20)-AI37) | BO37: =MAX(0,MIN(AJ37,Input!$AA$20)-MAX(AI37,$AA$22)) | BP37: =MAX(0,MIN(AJ37,$AA$225)-AI37)
C38: 11 | E38: =AI38 | H38: =AJ38 | K38: =AM38 | N38: =AN38 | Q38: =AO38 | T38: =IF(AR38="","-",AR38) | V38: =IF(AT38="","-",AT38) | X38: =AU38 | Z38: =AV38 | AC38: =AW38 | AI38: 15 | AJ38: 16.5 | AK38: =AJ38-AI38 | AL38: =(AI38+AJ38)/2 | AM38: Sand | AN38: 12 | AO38: =IF(AL38>$AA$19,$AA$21,$AA$20) | AP38: =AP37+AO38*AK38 | AQ38: =AP38-AO38*AK38/2-10*MAX(AL38-$AA$19,0) | AT38: =IF(AR38="","",AR38-AS38) | AU38: 0.464 | AV38: =IF(AM38="Sand",0,Input!$AA$31*AN38) | AW38: =IF(AM38="Sand",27.1+0.3*MIN(Input!$AA$32*AN38,60)-0.00054*MIN(Input!$AA$32*AN38,60)^2,MIN(MAX(DEGREES(ASIN(0.8-0.094*LN(MAX(IF(AT38="",10,AT38),5)))),20),30)) | AX38: =IF(AM38="Sand",Input!$AA$33*Input!$AA$32*AN38,Input!$AA$34*AV38) | AY38: =IF(AM38="Sand",Input!$AA$35,0.5) | AZ38: =Input!$AA$15/2/AL38 | BA38: =Input!$AA$16/2/AL38 | BB38: =1/(4*PI())*(2*AZ38*BA38*SQRT(AZ38^2+BA38^2+1)/(AZ38^2+BA38^2+1+AZ38^2*BA38^2)*(AZ38^2+BA38^2+2)/(AZ38^2+BA38^2+1)+ATAN2(AZ38^2+BA38^2+1-AZ38^2*BA38^2,2*AZ38*BA38*SQRT(AZ38^2+BA38^2+1))) | BC38: =4*Input!$AA$14*BB38 | BD38: =((Input!$AA$16/Input!$AA$15)*LN((1+SQRT((Input!$AA$16/Input!$AA$15)^2+1))*SQRT((Input!$AA$16/Input!$AA$15)^2+(AJ38/(Input!$AA$15/2))^2)/((Input!$AA$16/Input!$AA$15)*(1+SQRT((Input!$AA$16/Input!$AA$15)^2+(AJ38/(Input!$AA$15/2))^2+1))))+LN(((Input!$AA$16/Input!$AA$15)+SQRT((Input!$AA$16/Input!$AA$15)^2+1))*SQRT(1+(AJ38/(Input!$AA$15/2))^2)/((Input!$AA$16/Input!$AA$15)+SQRT((Input!$AA$16/Input!$AA$15)^2+(AJ38/(Input!$AA$15/2))^2+1))))/PI() | BE38: =(AJ38/(Input!$AA$15/2))/(2*PI())*ATAN((Input!$AA$16/Input!$AA$15)/((AJ38/(Input!$AA$15/2))*SQRT((Input!$AA$16/Input!$AA$15)^2+(AJ38/(Input!$AA$15/2))^2+1))) | BF38: =MAX(0,AJ38-MAX(AI38,$AA$22))/AK38*IF(BC38>=Input!$AA$21*AQ38,1,0) | BG38: =4*Input!$AA$14*(Input!$AA$15/2)*(1-AY38^2)/AX38*((BD38-BD37)+(1-2*AY38)/(1-AY38)*(BE38-BE37))*1000*BF38 | BH38: =IF(AM38="Sand",0,0.009*(AR38-10)) | BI38: =BH38*Input!$AA$36 | BJ38: =IF(AM38="Sand",0,MAX(AV38/Input!$AA$37,AQ38)) | BK38: =IF(AM38="Sand",0,1000*AK38/(1+AU38)*IF(AQ38+BC38<=BJ38,BI38*LOG10((AQ38+BC38)/AQ38),BI38*LOG10(BJ38/AQ38)+BH38*LOG10((AQ38+BC38)/BJ38)))*BF38 | BL38: =IF(AM38="Sand",0,10^(INDEX(Input!$Q$48:$Q$54,MIN(MATCH(MIN(MAX(AR38,30),120),Input!$C$48:$C$54,1),6))+(MIN(MAX(AR38,30),120)-INDEX(Input!$C$48:$C$54,MIN(MATCH(MIN(MAX(AR38,30),120),Input!$C$48:$C$54,1),6)))/(INDEX(Input!$C$48:$C$54,MIN(MATCH(MIN(MAX(AR38,30),120),Input!$C$48:$C$54,1),6)+1)-INDEX(Input!$C$48:$C$54,MIN(MATCH(MIN(MAX(AR38,30),120),Input!$C$48:$C$54,1),6)))*(INDEX(Input!$Q$48:$Q$54,MIN(MATCH(MIN(MAX(AR38,30),120),Input!$C$48:$C$54,1),6)+1)-INDEX(Input!$Q$48:$Q$54,MIN(MATCH(MIN(MAX(AR38,30),120),Input!$C$48:$C$54,1),6))))) | BM38: =IF(OR(AM38="Sand",BF38=0),0,Input!$AA$38*(AK38/2)^2/(BL38*1E-4*31536000)) | BN38: =MAX(0,MIN(AJ38,Input!$AA$20)-AI38) | BO38: =MAX(0,MIN(AJ38,Input!$AA$20)-MAX(AI38,$AA$22)) | BP38: =MAX(0,MIN(AJ38,$AA$225)-AI38)
C39: 12 | E39: =AI39 | H39: =AJ39 | K39: =AM39 | N39: =AN39 | Q39: =AO39 | T39: =IF(AR39="","-",AR39) | V39: =IF(AT39="","-",AT39) | X39: =AU39 | Z39: =AV39 | AC39: =AW39 | AI39: 16.5 | AJ39: 18 | AK39: =AJ39-AI39 | AL39: =(AI39+AJ39)/2 | AM39: Sand | AN39: 23 | AO39: =IF(AL39>$AA$19,$AA$21,$AA$20) | AP39: =AP38+AO39*AK39 | AQ39: =AP39-AO39*AK39/2-10*MAX(AL39-$AA$19,0) | AT39: =IF(AR39="","",AR39-AS39) | AU39: 0.65 | AV39: =IF(AM39="Sand",0,Input!$AA$31*AN39) | AW39: =IF(AM39="Sand",27.1+0.3*MIN(Input!$AA$32*AN39,60)-0.00054*MIN(Input!$AA$32*AN39,60)^2,MIN(MAX(DEGREES(ASIN(0.8-0.094*LN(MAX(IF(AT39="",10,AT39),5)))),20),30)) | AX39: =IF(AM39="Sand",Input!$AA$33*Input!$AA$32*AN39,Input!$AA$34*AV39) | AY39: =IF(AM39="Sand",Input!$AA$35,0.5) | AZ39: =Input!$AA$15/2/AL39 | BA39: =Input!$AA$16/2/AL39 | BB39: =1/(4*PI())*(2*AZ39*BA39*SQRT(AZ39^2+BA39^2+1)/(AZ39^2+BA39^2+1+AZ39^2*BA39^2)*(AZ39^2+BA39^2+2)/(AZ39^2+BA39^2+1)+ATAN2(AZ39^2+BA39^2+1-AZ39^2*BA39^2,2*AZ39*BA39*SQRT(AZ39^2+BA39^2+1))) | BC39: =4*Input!$AA$14*BB39 | BD39: =((Input!$AA$16/Input!$AA$15)*LN((1+SQRT((Input!$AA$16/Input!$AA$15)^2+1))*SQRT((Input!$AA$16/Input!$AA$15)^2+(AJ39/(Input!$AA$15/2))^2)/((Input!$AA$16/Input!$AA$15)*(1+SQRT((Input!$AA$16/Input!$AA$15)^2+(AJ39/(Input!$AA$15/2))^2+1))))+LN(((Input!$AA$16/Input!$AA$15)+SQRT((Input!$AA$16/Input!$AA$15)^2+1))*SQRT(1+(AJ39/(Input!$AA$15/2))^2)/((Input!$AA$16/Input!$AA$15)+SQRT((Input!$AA$16/Input!$AA$15)^2+(AJ39/(Input!$AA$15/2))^2+1))))/PI() | BE39: =(AJ39/(Input!$AA$15/2))/(2*PI())*ATAN((Input!$AA$16/Input!$AA$15)/((AJ39/(Input!$AA$15/2))*SQRT((Input!$AA$16/Input!$AA$15)^2+(AJ39/(Input!$AA$15/2))^2+1))) | BF39: =MAX(0,AJ39-MAX(AI39,$AA$22))/AK39*IF(BC39>=Input!$AA$21*AQ39,1,0) | BG39: =4*Input!$AA$14*(Input!$AA$15/2)*(1-AY39^2)/AX39*((BD39-BD38)+(1-2*AY39)/(1-AY39)*(BE39-BE38))*1000*BF39 | BH39: =IF(AM39="Sand",0,0.009*(AR39-10)) | BI39: =BH39*Input!$AA$36 | BJ39: =IF(AM39="Sand",0,MAX(AV39/Input!$AA$37,AQ39)) | BK39: =IF(AM39="Sand",0,1000*AK39/(1+AU39)*IF(AQ39+BC39<=BJ39,BI39*LOG10((AQ39+BC39)/AQ39),BI39*LOG10(BJ39/AQ39)+BH39*LOG10((AQ39+BC39)/BJ39)))*BF39 | BL39: =IF(AM39="Sand",0,10^(INDEX(Input!$Q$48:$Q$54,MIN(MATCH(MIN(MAX(AR39,30),120),Input!$C$48:$C$54,1),6))+(MIN(MAX(AR39,30),120)-INDEX(Input!$C$48:$C$54,MIN(MATCH(MIN(MAX(AR39,30),120),Input!$C$48:$C$54,1),6)))/(INDEX(Input!$C$48:$C$54,MIN(MATCH(MIN(MAX(AR39,30),120),Input!$C$48:$C$54,1),6)+1)-INDEX(Input!$C$48:$C$54,MIN(MATCH(MIN(MAX(AR39,30),120),Input!$C$48:$C$54,1),6)))*(INDEX(Input!$Q$48:$Q$54,MIN(MATCH(MIN(MAX(AR39,30),120),Input!$C$48:$C$54,1),6)+1)-INDEX(Input!$Q$48:$Q$54,MIN(MATCH(MIN(MAX(AR39,30),120),Input!$C$48:$C$54,1),6))))) | BM39: =IF(OR(AM39="Sand",BF39=0),0,Input!$AA$38*(AK39/2)^2/(BL39*1E-4*31536000)) | BN39: =MAX(0,MIN(AJ39,Input!$AA$20)-AI39) | BO39: =MAX(0,MIN(AJ39,Input!$AA$20)-MAX(AI39,$AA$22)) | BP39: =MAX(0,MIN(AJ39,$AA$225)-AI39)
C40: 13 | E40: =AI40 | H40: =AJ40 | K40: =AM40 | N40: =AN40 | Q40: =AO40 | T40: =IF(AR40="","-",AR40) | V40: =IF(AT40="","-",AT40) | X40: =AU40 | Z40: =AV40 | AC40: =AW40 | AI40: 18 | AJ40: 19.5 | AK40: =AJ40-AI40 | AL40: =(AI40+AJ40)/2 | AM40: Sand | AN40: 30 | AO40: =IF(AL40>$AA$19,$AA$21,$AA$20) | AP40: =AP39+AO40*AK40 | AQ40: =AP40-AO40*AK40/2-10*MAX(AL40-$AA$19,0) | AT40: =IF(AR40="","",AR40-AS40) | AU40: 0.65 | AV40: =IF(AM40="Sand",0,Input!$AA$31*AN40) | AW40: =IF(AM40="Sand",27.1+0.3*MIN(Input!$AA$32*AN40,60)-0.00054*MIN(Input!$AA$32*AN40,60)^2,MIN(MAX(DEGREES(ASIN(0.8-0.094*LN(MAX(IF(AT40="",10,AT40),5)))),20),30)) | AX40: =IF(AM40="Sand",Input!$AA$33*Input!$AA$32*AN40,Input!$AA$34*AV40) | AY40: =IF(AM40="Sand",Input!$AA$35,0.5) | AZ40: =Input!$AA$15/2/AL40 | BA40: =Input!$AA$16/2/AL40 | BB40: =1/(4*PI())*(2*AZ40*BA40*SQRT(AZ40^2+BA40^2+1)/(AZ40^2+BA40^2+1+AZ40^2*BA40^2)*(AZ40^2+BA40^2+2)/(AZ40^2+BA40^2+1)+ATAN2(AZ40^2+BA40^2+1-AZ40^2*BA40^2,2*AZ40*BA40*SQRT(AZ40^2+BA40^2+1))) | BC40: =4*Input!$AA$14*BB40 | BD40: =((Input!$AA$16/Input!$AA$15)*LN((1+SQRT((Input!$AA$16/Input!$AA$15)^2+1))*SQRT((Input!$AA$16/Input!$AA$15)^2+(AJ40/(Input!$AA$15/2))^2)/((Input!$AA$16/Input!$AA$15)*(1+SQRT((Input!$AA$16/Input!$AA$15)^2+(AJ40/(Input!$AA$15/2))^2+1))))+LN(((Input!$AA$16/Input!$AA$15)+SQRT((Input!$AA$16/Input!$AA$15)^2+1))*SQRT(1+(AJ40/(Input!$AA$15/2))^2)/((Input!$AA$16/Input!$AA$15)+SQRT((Input!$AA$16/Input!$AA$15)^2+(AJ40/(Input!$AA$15/2))^2+1))))/PI() | BE40: =(AJ40/(Input!$AA$15/2))/(2*PI())*ATAN((Input!$AA$16/Input!$AA$15)/((AJ40/(Input!$AA$15/2))*SQRT((Input!$AA$16/Input!$AA$15)^2+(AJ40/(Input!$AA$15/2))^2+1))) | BF40: =MAX(0,AJ40-MAX(AI40,$AA$22))/AK40*IF(BC40>=Input!$AA$21*AQ40,1,0) | BG40: =4*Input!$AA$14*(Input!$AA$15/2)*(1-AY40^2)/AX40*((BD40-BD39)+(1-2*AY40)/(1-AY40)*(BE40-BE39))*1000*BF40 | BH40: =IF(AM40="Sand",0,0.009*(AR40-10)) | BI40: =BH40*Input!$AA$36 | BJ40: =IF(AM40="Sand",0,MAX(AV40/Input!$AA$37,AQ40)) | BK40: =IF(AM40="Sand",0,1000*AK40/(1+AU40)*IF(AQ40+BC40<=BJ40,BI40*LOG10((AQ40+BC40)/AQ40),BI40*LOG10(BJ40/AQ40)+BH40*LOG10((AQ40+BC40)/BJ40)))*BF40 | BL40: =IF(AM40="Sand",0,10^(INDEX(Input!$Q$48:$Q$54,MIN(MATCH(MIN(MAX(AR40,30),120),Input!$C$48:$C$54,1),6))+(MIN(MAX(AR40,30),120)-INDEX(Input!$C$48:$C$54,MIN(MATCH(MIN(MAX(AR40,30),120),Input!$C$48:$C$54,1),6)))/(INDEX(Input!$C$48:$C$54,MIN(MATCH(MIN(MAX(AR40,30),120),Input!$C$48:$C$54,1),6)+1)-INDEX(Input!$C$48:$C$54,MIN(MATCH(MIN(MAX(AR40,30),120),Input!$C$48:$C$54,1),6)))*(INDEX(Input!$Q$48:$Q$54,MIN(MATCH(MIN(MAX(AR40,30),120),Input!$C$48:$C$54,1),6)+1)-INDEX(Input!$Q$48:$Q$54,MIN(MATCH(MIN(MAX(AR40,30),120),Input!$C$48:$C$54,1),6))))) | BM40: =IF(OR(AM40="Sand",BF40=0),0,Input!$AA$38*(AK40/2)^2/(BL40*1E-4*31536000)) | BN40: =MAX(0,MIN(AJ40,Input!$AA$20)-AI40) | BO40: =MAX(0,MIN(AJ40,Input!$AA$20)-MAX(AI40,$AA$22)) | BP40: =MAX(0,MIN(AJ40,$AA$225)-AI40)
... C68: 41 | E68: =AI68 | H68: =AJ68 | K68: =AM68 | N68: =AN68 | Q68: =AO68 | T68: =IF(AR68="","-",AR68) | V68: =IF(AT68="","-",AT68) | X68: =AU68 | Z68: =AV68 | AC68: =AW68 | AI68: 59.5 | AJ68: 60 | AK68: =AJ68-AI68 | AL68: =(AI68+AJ68)/2 | AM68: Sand | AN68: 44 | AO68: =IF(AL68>$AA$19,$AA$21,$AA$20) | AP68: =AP67+AO68*AK68 | AQ68: =AP68-AO68*AK68/2-10*MAX(AL68-$AA$19,0) | AT68: =IF(AR68="","",AR68-AS68) | AU68: 0.65 | AV68: =IF(AM68="Sand",0,Input!$AA$31*AN68) | AW68: =IF(AM68="Sand",27.1+0.3*MIN(Input!$AA$32*AN68,60)-0.00054*MIN(Input!$AA$32*AN68,60)^2,MIN(MAX(DEGREES(ASIN(0.8-0.094*LN(MAX(IF(AT68="",10,AT68),5)))),20),30)) | AX68: =IF(AM68="Sand",Input!$AA$33*Input!$AA$32*AN68,Input!$AA$34*AV68) | AY68: =IF(AM68="Sand",Input!$AA$35,0.5) | AZ68: =Input!$AA$15/2/AL68 | BA68: =Input!$AA$16/2/AL68 | BB68: =1/(4*PI())*(2*AZ68*BA68*SQRT(AZ68^2+BA68^2+1)/(AZ68^2+BA68^2+1+AZ68^2*BA68^2)*(AZ68^2+BA68^2+2)/(AZ68^2+BA68^2+1)+ATAN2(AZ68^2+BA68^2+1-AZ68^2*BA68^2,2*AZ68*BA68*SQRT(AZ68^2+BA68^2+1))) | BC68: =4*Input!$AA$14*BB68 | BD68: =((Input!$AA$16/Input!$AA$15)*LN((1+SQRT((Input!$AA$16/Input!$AA$15)^2+1))*SQRT((Input!$AA$16/Input!$AA$15)^2+(AJ68/(Input!$AA$15/2))^2)/((Input!$AA$16/Input!$AA$15)*(1+SQRT((Input!$AA$16/Input!$AA$15)^2+(AJ68/(Input!$AA$15/2))^2+1))))+LN(((Input!$AA$16/Input!$AA$15)+SQRT((Input!$AA$16/Input!$AA$15)^2+1))*SQRT(1+(AJ68/(Input!$AA$15/2))^2)/((Input!$AA$16/Input!$AA$15)+SQRT((Input!$AA$16/Input!$AA$15)^2+(AJ68/(Input!$AA$15/2))^2+1))))/PI() | BE68: =(AJ68/(Input!$AA$15/2))/(2*PI())*ATAN((Input!$AA$16/Input!$AA$15)/((AJ68/(Input!$AA$15/2))*SQRT((Input!$AA$16/Input!$AA$15)^2+(AJ68/(Input!$AA$15/2))^2+1))) | BF68: =MAX(0,AJ68-MAX(AI68,$AA$22))/AK68*IF(BC68>=Input!$AA$21*AQ68,1,0) | BG68: =4*Input!$AA$14*(Input!$AA$15/2)*(1-AY68^2)/AX68*((BD68-BD67)+(1-2*AY68)/(1-AY68)*(BE68-BE67))*1000*BF68 | BH68: =IF(AM68="Sand",0,0.009*(AR68-10)) | BI68: =BH68*Input!$AA$36 | BJ68: =IF(AM68="Sand",0,MAX(AV68/Input!$AA$37,AQ68)) | BK68: =IF(AM68="Sand",0,1000*AK68/(1+AU68)*IF(AQ68+BC68<=BJ68,BI68*LOG10((AQ68+BC68)/AQ68),BI68*LOG10(BJ68/AQ68)+BH68*LOG10((AQ68+BC68)/BJ68)))*BF68 | BL68: =IF(AM68="Sand",0,10^(INDEX(Input!$Q$48:$Q$54,MIN(MATCH(MIN(MAX(AR68,30),120),Input!$C$48:$C$54,1),6))+(MIN(MAX(AR68,30),120)-INDEX(Input!$C$48:$C$54,MIN(MATCH(MIN(MAX(AR68,30),120),Input!$C$48:$C$54,1),6)))/(INDEX(Input!$C$48:$C$54,MIN(MATCH(MIN(MAX(AR68,30),120),Input!$C$48:$C$54,1),6)+1)-INDEX(Input!$C$48:$C$54,MIN(MATCH(MIN(MAX(AR68,30),120),Input!$C$48:$C$54,1),6)))*(INDEX(Input!$Q$48:$Q$54,MIN(MATCH(MIN(MAX(AR68,30),120),Input!$C$48:$C$54,1),6)+1)-INDEX(Input!$Q$48:$Q$54,MIN(MATCH(MIN(MAX(AR68,30),120),Input!$C$48:$C$54,1),6))))) | BM68: =IF(OR(AM68="Sand",BF68=0),0,Input!$AA$38*(AK68/2)^2/(BL68*1E-4*31536000)) | BN68: =MAX(0,MIN(AJ68,Input!$AA$20)-AI68) | BO68: =MAX(0,MIN(AJ68,Input!$AA$20)-MAX(AI68,$AA$22)) | BP68: =MAX(0,MIN(AJ68,$AA$225)-AI68)
C69: cu = k·N (silt/clay); φ' sand from Wolff (1989), silt/clay from PI; γ from laboratory average above/below GWL.
X73: Sheet : | AB73: 1
C74: PROJECT : | H74: GEOTHERMAL WELLPAD PSPE BORA PULU - SIGI, CENTRAL SULAWESI | X74: Prepared by : | AB74: Date
C75: CLIENT : | H75: PT EDC PANAS BUMI INDONESIA | X75: DF | AB75: 46301
C76: LOCATION : | H76: BH-02 (Wellpad A) | X76: Verified by : | AB76: Date
C77: SHEET : | H77: BEARING CAPACITY AND SETTLEMENT OF SUBGRADE | X77: BC | AB77: 46301
C79: 3. BEARING CAPACITY OF SUBGRADE
C80: The bearing capacity is evaluated with the general bearing capacity equation (Terzaghi 1943, Vesic 1975; SNI 8460:2017).
C81: Undrained (short-term) condition governs where silt/clay exists within 0 - Hb: qu = cu·Nc·sc.
C82: Drained (long-term) condition for granular soil: qu = 0.5·γ'·B·Nγ·sγ·rγ (c' = 0, load at ground surface, q = 0).
C83: The governing ultimate capacity is the smaller of the two; qall = qu / SF.
C85: 3.1. Without ground improvement
C86: Thickness of silt/clay within 0 - Hb | O86: Σh (fine soil) | X86: Σh = | AA86: =SUMPRODUCT(--(AM28:AM68<>"Sand"),BN28:BN68) | AD86: m
C87: Average undrained shear strength | O87: weighted by thickness | X87: cu = | AA87: =IF($AA$86=0,0,SUMPRODUCT(--(AM28:AM68<>"Sand"),BN28:BN68,AV28:AV68)/$AA$86) | AD87: kPa
C88: Average effective friction angle | O88: incl. replacement fill | X88: φ' = | AA88: =(SUMPRODUCT(BN28:BN68,AW28:AW68)+MIN(0,Input!$AA$20)*Input!$AA$26)/Input!$AA$20 | AD88: °
C89: Average effective unit weight | O89: 0 - Hb | X89: γ' = | AA89: =(SUMPRODUCT(BN28:BN68,AO28:AO68)+MIN(0,Input!$AA$20)*Input!$AA$25)/Input!$AA$20-10*MAX(0,Input!$AA$20-$AA$19)/Input!$AA$20 | AD89: kN/m³
C90: Shape factor (undrained), Nc = 5.14 | O90: sc = 1 + 0.2 B/L | X90: sc = | AA90: =1+0.2*Input!$AA$15/Input!$AA$16 | AD90: -
C91: Ultimate capacity, undrained | O91: qu = cu·Nc·sc | X91: qu,u = | AA91: =IF($AA$86=0,"n/a",$AA$87*5.14*$AA$90) | AD91: kPa
C92: Bearing capacity factor | O92: Nq = e^(π·tanφ)·tan²(45+φ/2) | X92: Nq = | AA92: =EXP(PI()*TAN(RADIANS($AA$88)))*TAN(RADIANS(45+$AA$88/2))^2 | AD92: -
C93: Bearing capacity factor (Vesic) | O93: Nγ = 2(Nq+1)·tanφ | X93: Nγ = | AA93: =2*($AA$92+1)*TAN(RADIANS($AA$88)) | AD93: -
C94: Shape and size factors | O94: sγ = 1-0.4B/L; rγ = 1-0.25log(B/2) | X94: sγ·rγ = | AA94: =(1-0.4*Input!$AA$15/Input!$AA$16)*IF(Input!$AA$15>2,1-0.25*LOG10(Input!$AA$15/2),1) | AD94: -
C95: Ultimate capacity, drained | O95: qu = 0.5·γ'·B·Nγ·sγ·rγ | X95: qu,d = | AA95: =0.5*$AA$89*Input!$AA$15*$AA$93*$AA$94 | AD95: kPa
C96: Governing ultimate bearing capacity | O96: min (undrained, drained) | X96: qu = | AA96: =IF($AA$86=0,$AA$95,MIN($AA$91,$AA$95)) | AD96: kPa
C97: Allowable bearing capacity | O97: qall = qu / SF | X97: qall = | AA97: =$AA$96/Input!$AA$19 | AD97: kPa
C98: Working pressure | O98: q = Hf·γf + qs | X98: q = | AA98: =Input!$AA$14 | AD98: kPa
C99: Actual factor of safety | O99: FS = qu / q | X99: FS = | AA99: =$AA$96/Input!$AA$14 | AD99: -
C100: Allowable fill height with surcharge | O100: Hall = (qall - qs) / γf | X100: Hall = | AA100: =MAX(0,($AA$97-Input!$AA$13)/Input!$AA$12) | AD100: m
C101: Bearing capacity check | X101: =IF($AA$97>=Input!$AA$14,"qall ≥ q …. OK!!","qall < q …. NG!!")
C103: 3.2. With replacement of soil 0 - Dr (design condition)
C104: Thickness of silt/clay within 0 - Hb | O104: Σh (fine soil) | X104: Σh = | AA104: =SUMPRODUCT(--(AM28:AM68<>"Sand"),BO28:BO68) | AD104: m
C105: Average undrained shear strength | O105: weighted by thickness | X105: cu = | AA105: =IF($AA$104=0,0,SUMPRODUCT(--(AM28:AM68<>"Sand"),BO28:BO68,AV28:AV68)/$AA$104) | AD105: kPa
C106: Average effective friction angle | O106: incl. replacement fill | X106: φ' = | AA106: =(SUMPRODUCT(BO28:BO68,AW28:AW68)+MIN($AA$22,Input!$AA$20)*Input!$AA$26)/Input!$AA$20 | AD106: °
C107: Average effective unit weight | O107: 0 - Hb | X107: γ' = | AA107: =(SUMPRODUCT(BO28:BO68,AO28:AO68)+MIN($AA$22,Input!$AA$20)*Input!$AA$25)/Input!$AA$20-10*MAX(0,Input!$AA$20-$AA$19)/Input!$AA$20 | AD107: kN/m³
C108: Shape factor (undrained), Nc = 5.14 | O108: sc = 1 + 0.2 B/L | X108: sc = | AA108: =1+0.2*Input!$AA$15/Input!$AA$16 | AD108: -
C109: Ultimate capacity, undrained | O109: qu = cu·Nc·sc | X109: qu,u = | AA109: =IF($AA$104=0,"n/a",$AA$105*5.14*$AA$108) | AD109: kPa
C110: Bearing capacity factor | O110: Nq = e^(π·tanφ)·tan²(45+φ/2) | X110: Nq = | AA110: =EXP(PI()*TAN(RADIANS($AA$106)))*TAN(RADIANS(45+$AA$106/2))^2 | AD110: -
C111: Bearing capacity factor (Vesic) | O111: Nγ = 2(Nq+1)·tanφ | X111: Nγ = | AA111: =2*($AA$110+1)*TAN(RADIANS($AA$106)) | AD111: -
C112: Shape and size factors | O112: sγ = 1-0.4B/L; rγ = 1-0.25log(B/2) | X112: sγ·rγ = | AA112: =(1-0.4*Input!$AA$15/Input!$AA$16)*IF(Input!$AA$15>2,1-0.25*LOG10(Input!$AA$15/2),1) | AD112: -
C113: Ultimate capacity, drained | O113: qu = 0.5·γ'·B·Nγ·sγ·rγ | X113: qu,d = | AA113: =0.5*$AA$107*Input!$AA$15*$AA$111*$AA$112 | AD113: kPa
C114: Governing ultimate bearing capacity | O114: min (undrained, drained) | X114: qu = | AA114: =IF($AA$104=0,$AA$113,MIN($AA$109,$AA$113)) | AD114: kPa
C115: Allowable bearing capacity | O115: qall = qu / SF | X115: qall = | AA115: =$AA$114/Input!$AA$19 | AD115: kPa
C116: Working pressure | O116: q = Hf·γf + qs | X116: q = | AA116: =Input!$AA$14 | AD116: kPa
C117: Actual factor of safety | O117: FS = qu / q | X117: FS = | AA117: =$AA$114/Input!$AA$14 | AD117: -
C118: Allowable fill height with surcharge | O118: Hall = (qall - qs) / γf | X118: Hall = | AA118: =MAX(0,($AA$115-Input!$AA$13)/Input!$AA$12) | AD118: m
C119: Bearing capacity check | X119: =IF($AA$115>=Input!$AA$14,"qall ≥ q …. OK!!","qall < q …. NG!!")
C121: 3.3. Granular soil - allowable pressure for 25 mm settlement (Meyerhof 1965, Bowles 1996)
C122: Average N60 of sand layers within 0 - Hb | X122: N60 = | AA122: =IFERROR(SUMPRODUCT(--(AM28:AM68="Sand"),BN28:BN68,AN28:AN68)/SUMPRODUCT(--(AM28:AM68="Sand"),BN28:BN68)*Input!$AA$32,"n/a") | AD122: -
C123: Allowable pressure (S = 25 mm, Kd = 1) | O123: qa = (N55/0.08)·((B+0.3)/B)² | X123: qa = | AA123: =IFERROR(($AA$122*60/55)/0.08*((Input!$AA$15+0.3)/Input!$AA$15)^2,"n/a") | AD123: kPa
C124: For granular soil the shear capacity is normally far above the applied load; settlement governs the design (Section 4).
X145: Sheet : | AB145: 2
C146: PROJECT : | H146: GEOTHERMAL WELLPAD PSPE BORA PULU - SIGI, CENTRAL SULAWESI | X146: Prepared by : | AB146: Date
C147: CLIENT : | H147: PT EDC PANAS BUMI INDONESIA | X147: DF | AB147: 46301
C148: LOCATION : | H148: BH-02 (Wellpad A) | X148: Verified by : | AB148: Date
C149: SHEET : | H149: BEARING CAPACITY AND SETTLEMENT OF SUBGRADE | X149: BC | AB149: 46301
C151: 4. IMMEDIATE SETTLEMENT (design condition)
C152: Layered elastic method (Steinbrenner 1934; Bowles 1996) at the centre of a flexible B × L area:
C153: Si = 4·q·(B/2)·(1 - ν²)/E · [ΔF1 + (1 - 2ν)/(1 - ν)·ΔF2] for each sub-layer.
C154: Sand: drained modulus E = k·N60 and ν of sand; silt/clay: undrained modulus Eu = k·cu and ν = 0.5.
C155: Layers with Δσz < 10 % σ'v0 (below the influence depth) and soil replaced to depth Dr are excluded.
C156: Table 2. Immediate settlement of BH-02
C157: No | E157: Top | H157: Bottom | K157: Soil | N157: E | Q157: ν | S157: σ'v0 | V157: Δσz | Y157: F1 | AA157: F2 | AC157: Si
E158: m | H158: m | N158: kPa | Q158: - | S158: kPa | V158: kPa | Y158: - | AA158: - | AC158: mm
C159: 1 | E159: =AI28 | H159: =AJ28 | K159: =AM28 | N159: =AX28 | Q159: =AY28 | S159: =AQ28 | V159: =BC28 | Y159: =BD28 | AA159: =BE28 | AC159: =BG28
C160: 2 | E160: =AI29 | H160: =AJ29 | K160: =AM29 | N160: =AX29 | Q160: =AY29 | S160: =AQ29 | V160: =BC29 | Y160: =BD29 | AA160: =BE29 | AC160: =BG29
...

Sheet BH-03
C2: PROJECT : | H2: GEOTHERMAL WELLPAD PSPE BORA PULU - SIGI, CENTRAL SULAWESI | X2: Prepared by : | AB2: Date
C3: CLIENT : | H3: PT EDC PANAS BUMI INDONESIA | X3: DF | AB3: 46301
C4: LOCATION : | H4: BH-03 (Log Yard) | X4: Verified by : | AB4: Date
C5: SHEET : | H5: BEARING CAPACITY AND SETTLEMENT OF SUBGRADE | X5: BC | AB5: 46301
C7: 1. GENERAL
C8: This sheet evaluates the bearing capacity, immediate settlement and primary consolidation settlement of the subgrade
C9: below the wellpad embankment (2 m fill + 100 kPa uniform surcharge) at the borehole location.
C11: 1.1. Load and loaded area
C12: Height of embankment fill | O12: (Input) | X12: Hf = | AA12: =Input!$AA$11 | AD12: m
C13: Uniform surcharge | O13: (Input) | X13: qs = | AA13: =Input!$AA$13 | AD13: kPa
C14: Total pressure on subgrade | O14: q = Hf·γf + qs | X14: q = | AA14: =Input!$AA$14 | AD14: kPa
C15: Loaded area (assumed) | O15: B × L | X15: B = | AA15: =Input!$AA$15 | AD15: m
X16: L = | AA16: =Input!$AA$16 | AD16: m
C18: 1.2. Borehole data
C19: Design groundwater level (below ground) | O19: liquefaction report | X19: GWL = | AA19: 8 | AD19: m
C20: Unit weight above GWL | O20: report Table 5.1 | X20: γ = | AA20: 16.5 | AD20: kN/m³
C21: Unit weight below GWL | O21: report Table 5.1 | X21: γsat = | AA21: 19 | AD21: kN/m³
C22: Replacement depth (design condition) | O22: 0 = no improvement | X22: Dr = | AA22: 0 | AD22: m
C24: 2. SOIL PARAMETERS
C25: Table 1. Soil parameters of BH-03 (sub-layers = SPT intervals) | AI25: Helper calculation per sub-layer (not printed)
C26: No | E26: Top | H26: Bottom | K26: Soil | N26: N-SPT | Q26: γ | T26: LL | V26: PI | X26: e0 | Z26: cu | AC26: φ' | AI26: top | AJ26: bot | AK26: h | AL26: z | AM26: typ | AN26: N | AO26: g | AP26: sv | AQ26: s0 | AR26: LL | AS26: PL | AT26: PI | AU26: e0 | AV26: cu | AW26: phi | AX26: E | AY26: nu | AZ26: m | BA26: n | BB26: I | BC26: ds | BD26: F1 | BE26: F2 | BF26: keep | BG26: Si | BH26: Cc | BI26: Cr | BJ26: sp | BK26: Sc | BL26: Cv | BM26: t90 | BN26: hb0 | BO26: hbr | BP26: hzi | BQ26: ket
E27: m | H27: m | Q27: kN/m³ | T27: % | V27: % | X27: - | Z27: kPa | AC27: °
C28: 1 | E28: =AI28 | H28: =AJ28 | K28: =AM28 | N28: =AN28 | Q28: =AO28 | T28: =IF(AR28="","-",AR28) | V28: =IF(AT28="","-",AT28) | X28: =AU28 | Z28: =AV28 | AC28: =AW28 | AI28: 0 | AJ28: 1.5 | AK28: =AJ28-AI28 | AL28: =(AI28+AJ28)/2 | AM28: Sand | AN28: 10 | AO28: =IF(AL28>$AA$19,$AA$21,$AA$20) | AP28: =AO28*AK28 | AQ28: =AP28-AO28*AK28/2-10*MAX(AL28-$AA$19,0) | AT28: =IF(AR28="","",AR28-AS28) | AU28: 0.65 | AV28: =IF(AM28="Sand",0,Input!$AA$31*AN28) | AW28: =IF(AM28="Sand",27.1+0.3*MIN(Input!$AA$32*AN28,60)-0.00054*MIN(Input!$AA$32*AN28,60)^2,MIN(MAX(DEGREES(ASIN(0.8-0.094*LN(MAX(IF(AT28="",10,AT28),5)))),20),30)) | AX28: =IF(AM28="Sand",Input!$AA$33*Input!$AA$32*AN28,Input!$AA$34*AV28) | AY28: =IF(AM28="Sand",Input!$AA$35,0.5) | AZ28: =Input!$AA$15/2/AL28 | BA28: =Input!$AA$16/2/AL28 | BB28: =1/(4*PI())*(2*AZ28*BA28*SQRT(AZ28^2+BA28^2+1)/(AZ28^2+BA28^2+1+AZ28^2*BA28^2)*(AZ28^2+BA28^2+2)/(AZ28^2+BA28^2+1)+ATAN2(AZ28^2+BA28^2+1-AZ28^2*BA28^2,2*AZ28*BA28*SQRT(AZ28^2+BA28^2+1))) | BC28: =4*Input!$AA$14*BB28 | BD28: =((Input!$AA$16/Input!$AA$15)*LN((1+SQRT((Input!$AA$16/Input!$AA$15)^2+1))*SQRT((Input!$AA$16/Input!$AA$15)^2+(AJ28/(Input!$AA$15/2))^2)/((Input!$AA$16/Input!$AA$15)*(1+SQRT((Input!$AA$16/Input!$AA$15)^2+(AJ28/(Input!$AA$15/2))^2+1))))+LN(((Input!$AA$16/Input!$AA$15)+SQRT((Input!$AA$16/Input!$AA$15)^2+1))*SQRT(1+(AJ28/(Input!$AA$15/2))^2)/((Input!$AA$16/Input!$AA$15)+SQRT((Input!$AA$16/Input!$AA$15)^2+(AJ28/(Input!$AA$15/2))^2+1))))/PI() | BE28: =(AJ28/(Input!$AA$15/2))/(2*PI())*ATAN((Input!$AA$16/Input!$AA$15)/((AJ28/(Input!$AA$15/2))*SQRT((Input!$AA$16/Input!$AA$15)^2+(AJ28/(Input!$AA$15/2))^2+1))) | BF28: =MAX(0,AJ28-MAX(AI28,$AA$22))/AK28*IF(BC28>=Input!$AA$21*AQ28,1,0) | BG28: =4*Input!$AA$14*(Input!$AA$15/2)*(1-AY28^2)/AX28*((BD28-0)+(1-2*AY28)/(1-AY28)*(BE28-0))*1000*BF28 | BH28: =IF(AM28="Sand",0,0.009*(AR28-10)) | BI28: =BH28*Input!$AA$36 | BJ28: =IF(AM28="Sand",0,MAX(AV28/Input!$AA$37,AQ28)) | BK28: =IF(AM28="Sand",0,1000*AK28/(1+AU28)*IF(AQ28+BC28<=BJ28,BI28*LOG10((AQ28+BC28)/AQ28),BI28*LOG10(BJ28/AQ28)+BH28*LOG10((AQ28+BC28)/BJ28)))*BF28 | BL28: =IF(AM28="Sand",0,10^(INDEX(Input!$Q$48:$Q$54,MIN(MATCH(MIN(MAX(AR28,30),120),Input!$C$48:$C$54,1),6))+(MIN(MAX(AR28,30),120)-INDEX(Input!$C$48:$C$54,MIN(MATCH(MIN(MAX(AR28,30),120),Input!$C$48:$C$54,1),6)))/(INDEX(Input!$C$48:$C$54,MIN(MATCH(MIN(MAX(AR28,30),120),Input!$C$48:$C$54,1),6)+1)-INDEX(Input!$C$48:$C$54,MIN(MATCH(MIN(MAX(AR28,30),120),Input!$C$48:$C$54,1),6)))*(INDEX(Input!$Q$48:$Q$54,MIN(MATCH(MIN(MAX(AR28,30),120),Input!$C$48:$C$54,1),6)+1)-INDEX(Input!$Q$48:$Q$54,MIN(MATCH(MIN(MAX(AR28,30),120),Input!$C$48:$C$54,1),6))))) | BM28: =IF(OR(AM28="Sand",BF28=0),0,Input!$AA$38*(AK28/2)^2/(BL28*1E-4*31536000)) | BN28: =MAX(0,MIN(AJ28,Input!$AA$20)-AI28) | BO28: =MAX(0,MIN(AJ28,Input!$AA$20)-MAX(AI28,$AA$22)) | BP28: =MAX(0,MIN(AJ28,$AA$225)-AI28) | BQ28: 0-1.5 m not tested: N of next layer
C29: 2 | E29: =AI29 | H29: =AJ29 | K29: =AM29 | N29: =AN29 | Q29: =AO29 | T29: =IF(AR29="","-",AR29) | V29: =IF(AT29="","-",AT29) | X29: =AU29 | Z29: =AV29 | AC29: =AW29 | AI29: 1.5 | AJ29: 3 | AK29: =AJ29-AI29 | AL29: =(AI29+AJ29)/2 | AM29: Sand | AN29: 10 | AO29: =IF(AL29>$AA$19,$AA$21,$AA$20) | AP29: =AP28+AO29*AK29 | AQ29: =AP29-AO29*AK29/2-10*MAX(AL29-$AA$19,0) | AT29: =IF(AR29="","",AR29-AS29) | AU29: 0.643 | AV29: =IF(AM29="Sand",0,Input!$AA$31*AN29) | AW29: =IF(AM29="Sand",27.1+0.3*MIN(Input!$AA$32*AN29,60)-0.00054*MIN(Input!$AA$32*AN29,60)^2,MIN(MAX(DEGREES(ASIN(0.8-0.094*LN(MAX(IF(AT29="",10,AT29),5)))),20),30)) | AX29: =IF(AM29="Sand",Input!$AA$33*Input!$AA$32*AN29,Input!$AA$34*AV29) | AY29: =IF(AM29="Sand",Input!$AA$35,0.5) | AZ29: =Input!$AA$15/2/AL29 | BA29: =Input!$AA$16/2/AL29 | BB29: =1/(4*PI())*(2*AZ29*BA29*SQRT(AZ29^2+BA29^2+1)/(AZ29^2+BA29^2+1+AZ29^2*BA29^2)*(AZ29^2+BA29^2+2)/(AZ29^2+BA29^2+1)+ATAN2(AZ29^2+BA29^2+1-AZ29^2*BA29^2,2*AZ29*BA29*SQRT(AZ29^2+BA29^2+1))) | BC29: =4*Input!$AA$14*BB29 | BD29: =((Input!$AA$16/Input!$AA$15)*LN((1+SQRT((Input!$AA$16/Input!$AA$15)^2+1))*SQRT((Input!$AA$16/Input!$AA$15)^2+(AJ29/(Input!$AA$15/2))^2)/((Input!$AA$16/Input!$AA$15)*(1+SQRT((Input!$AA$16/Input!$AA$15)^2+(AJ29/(Input!$AA$15/2))^2+1))))+LN(((Input!$AA$16/Input!$AA$15)+SQRT((Input!$AA$16/Input!$AA$15)^2+1))*SQRT(1+(AJ29/(Input!$AA$15/2))^2)/((Input!$AA$16/Input!$AA$15)+SQRT((Input!$AA$16/Input!$AA$15)^2+(AJ29/(Input!$AA$15/2))^2+1))))/PI() | BE29: =(AJ29/(Input!$AA$15/2))/(2*PI())*ATAN((Input!$AA$16/Input!$AA$15)/((AJ29/(Input!$AA$15/2))*SQRT((Input!$AA$16/Input!$AA$15)^2+(AJ29/(Input!$AA$15/2))^2+1))) | BF29: =MAX(0,AJ29-MAX(AI29,$AA$22))/AK29*IF(BC29>=Input!$AA$21*AQ29,1,0) | BG29: =4*Input!$AA$14*(Input!$AA$15/2)*(1-AY29^2)/AX29*((BD29-BD28)+(1-2*AY29)/(1-AY29)*(BE29-BE28))*1000*BF29 | BH29: =IF(AM29="Sand",0,0.009*(AR29-10)) | BI29: =BH29*Input!$AA$36 | BJ29: =IF(AM29="Sand",0,MAX(AV29/Input!$AA$37,AQ29)) | BK29: =IF(AM29="Sand",0,1000*AK29/(1+AU29)*IF(AQ29+BC29<=BJ29,BI29*LOG10((AQ29+BC29)/AQ29),BI29*LOG10(BJ29/AQ29)+BH29*LOG10((AQ29+BC29)/BJ29)))*BF29 | BL29: =IF(AM29="Sand",0,10^(INDEX(Input!$Q$48:$Q$54,MIN(MATCH(MIN(MAX(AR29,30),120),Input!$C$48:$C$54,1),6))+(MIN(MAX(AR29,30),120)-INDEX(Input!$C$48:$C$54,MIN(MATCH(MIN(MAX(AR29,30),120),Input!$C$48:$C$54,1),6)))/(INDEX(Input!$C$48:$C$54,MIN(MATCH(MIN(MAX(AR29,30),120),Input!$C$48:$C$54,1),6)+1)-INDEX(Input!$C$48:$C$54,MIN(MATCH(MIN(MAX(AR29,30),120),Input!$C$48:$C$54,1),6)))*(INDEX(Input!$Q$48:$Q$54,MIN(MATCH(MIN(MAX(AR29,30),120),Input!$C$48:$C$54,1),6)+1)-INDEX(Input!$Q$48:$Q$54,MIN(MATCH(MIN(MAX(AR29,30),120),Input!$C$48:$C$54,1),6))))) | BM29: =IF(OR(AM29="Sand",BF29=0),0,Input!$AA$38*(AK29/2)^2/(BL29*1E-4*31536000)) | BN29: =MAX(0,MIN(AJ29,Input!$AA$20)-AI29) | BO29: =MAX(0,MIN(AJ29,Input!$AA$20)-MAX(AI29,$AA$22)) | BP29: =MAX(0,MIN(AJ29,$AA$225)-AI29)
C30: 3 | E30: =AI30 | H30: =AJ30 | K30: =AM30 | N30: =AN30 | Q30: =AO30 | T30: =IF(AR30="","-",AR30) | V30: =IF(AT30="","-",AT30) | X30: =AU30 | Z30: =AV30 | AC30: =AW30 | AI30: 3 | AJ30: 4.5 | AK30: =AJ30-AI30 | AL30: =(AI30+AJ30)/2 | AM30: Sand | AN30: 18 | AO30: =IF(AL30>$AA$19,$AA$21,$AA$20) | AP30: =AP29+AO30*AK30 | AQ30: =AP30-AO30*AK30/2-10*MAX(AL30-$AA$19,0) | AT30: =IF(AR30="","",AR30-AS30) | AU30: 0.881 | AV30: =IF(AM30="Sand",0,Input!$AA$31*AN30) | AW30: =IF(AM30="Sand",27.1+0.3*MIN(Input!$AA$32*AN30,60)-0.00054*MIN(Input!$AA$32*AN30,60)^2,MIN(MAX(DEGREES(ASIN(0.8-0.094*LN(MAX(IF(AT30="",10,AT30),5)))),20),30)) | AX30: =IF(AM30="Sand",Input!$AA$33*Input!$AA$32*AN30,Input!$AA$34*AV30) | AY30: =IF(AM30="Sand",Input!$AA$35,0.5) | AZ30: =Input!$AA$15/2/AL30 | BA30: =Input!$AA$16/2/AL30 | BB30: =1/(4*PI())*(2*AZ30*BA30*SQRT(AZ30^2+BA30^2+1)/(AZ30^2+BA30^2+1+AZ30^2*BA30^2)*(AZ30^2+BA30^2+2)/(AZ30^2+BA30^2+1)+ATAN2(AZ30^2+BA30^2+1-AZ30^2*BA30^2,2*AZ30*BA30*SQRT(AZ30^2+BA30^2+1))) | BC30: =4*Input!$AA$14*BB30 | BD30: =((Input!$AA$16/Input!$AA$15)*LN((1+SQRT((Input!$AA$16/Input!$AA$15)^2+1))*SQRT((Input!$AA$16/Input!$AA$15)^2+(AJ30/(Input!$AA$15/2))^2)/((Input!$AA$16/Input!$AA$15)*(1+SQRT((Input!$AA$16/Input!$AA$15)^2+(AJ30/(Input!$AA$15/2))^2+1))))+LN(((Input!$AA$16/Input!$AA$15)+SQRT((Input!$AA$16/Input!$AA$15)^2+1))*SQRT(1+(AJ30/(Input!$AA$15/2))^2)/((Input!$AA$16/Input!$AA$15)+SQRT((Input!$AA$16/Input!$AA$15)^2+(AJ30/(Input!$AA$15/2))^2+1))))/PI() | BE30: =(AJ30/(Input!$AA$15/2))/(2*PI())*ATAN((Input!$AA$16/Input!$AA$15)/((AJ30/(Input!$AA$15/2))*SQRT((Input!$AA$16/Input!$AA$15)^2+(AJ30/(Input!$AA$15/2))^2+1))) | BF30: =MAX(0,AJ30-MAX(AI30,$AA$22))/AK30*IF(BC30>=Input!$AA$21*AQ30,1,0) | BG30: =4*Input!$AA$14*(Input!$AA$15/2)*(1-AY30^2)/AX30*((BD30-BD29)+(1-2*AY30)/(1-AY30)*(BE30-BE29))*1000*BF30 | BH30: =IF(AM30="Sand",0,0.009*(AR30-10)) | BI30: =BH30*Input!$AA$36 | BJ30: =IF(AM30="Sand",0,MAX(AV30/Input!$AA$37,AQ30)) | BK30: =IF(AM30="Sand",0,1000*AK30/(1+AU30)*IF(AQ30+BC30<=BJ30,BI30*LOG10((AQ30+BC30)/AQ30),BI30*LOG10(BJ30/AQ30)+BH30*LOG10((AQ30+BC30)/BJ30)))*BF30 | BL30: =IF(AM30="Sand",0,10^(INDEX(Input!$Q$48:$Q$54,MIN(MATCH(MIN(MAX(AR30,30),120),Input!$C$48:$C$54,1),6))+(MIN(MAX(AR30,30),120)-INDEX(Input!$C$48:$C$54,MIN(MATCH(MIN(MAX(AR30,30),120),Input!$C$48:$C$54,1),6)))/(INDEX(Input!$C$48:$C$54,MIN(MATCH(MIN(MAX(AR30,30),120),Input!$C$48:$C$54,1),6)+1)-INDEX(Input!$C$48:$C$54,MIN(MATCH(MIN(MAX(AR30,30),120),Input!$C$48:$C$54,1),6)))*(INDEX(Input!$Q$48:$Q$54,MIN(MATCH(MIN(MAX(AR30,30),120),Input!$C$48:$C$54,1),6)+1)-INDEX(Input!$Q$48:$Q$54,MIN(MATCH(MIN(MAX(AR30,30),120),Input!$C$48:$C$54,1),6))))) | BM30: =IF(OR(AM30="Sand",BF30=0),0,Input!$AA$38*(AK30/2)^2/(BL30*1E-4*31536000)) | BN30: =MAX(0,MIN(AJ30,Input!$AA$20)-AI30) | BO30: =MAX(0,MIN(AJ30,Input!$AA$20)-MAX(AI30,$AA$22)) | BP30: =MAX(0,MIN(AJ30,$AA$225)-AI30)
C31: 4 | E31: =AI31 | H31: =AJ31 | K31: =AM31 | N31: =AN31 | Q31: =AO31 | T31: =IF(AR31="","-",AR31) | V31: =IF(AT31="","-",AT31) | X31: =AU31 | Z31: =AV31 | AC31: =AW31 | AI31: 4.5 | AJ31: 6 | AK31: =AJ31-AI31 | AL31: =(AI31+AJ31)/2 | AM31: Sand | AN31: 13 | AO31: =IF(AL31>$AA$19,$AA$21,$AA$20) | AP31: =AP30+AO31*AK31 | AQ31: =AP31-AO31*AK31/2-10*MAX(AL31-$AA$19,0) | AT31: =IF(AR31="","",AR31-AS31) | AU31: 0.928 | AV31: =IF(AM31="Sand",0,Input!$AA$31*AN31) | AW31: =IF(AM31="Sand",27.1+0.3*MIN(Input!$AA$32*AN31,60)-0.00054*MIN(Input!$AA$32*AN31,60)^2,MIN(MAX(DEGREES(ASIN(0.8-0.094*LN(MAX(IF(AT31="",10,AT31),5)))),20),30)) | AX31: =IF(AM31="Sand",Input!$AA$33*Input!$AA$32*AN31,Input!$AA$34*AV31) | AY31: =IF(AM31="Sand",Input!$AA$35,0.5) | AZ31: =Input!$AA$15/2/AL31 | BA31: =Input!$AA$16/2/AL31 | BB31: =1/(4*PI())*(2*AZ31*BA31*SQRT(AZ31^2+BA31^2+1)/(AZ31^2+BA31^2+1+AZ31^2*BA31^2)*(AZ31^2+BA31^2+2)/(AZ31^2+BA31^2+1)+ATAN2(AZ31^2+BA31^2+1-AZ31^2*BA31^2,2*AZ31*BA31*SQRT(AZ31^2+BA31^2+1))) | BC31: =4*Input!$AA$14*BB31 | BD31: =((Input!$AA$16/Input!$AA$15)*LN((1+SQRT((Input!$AA$16/Input!$AA$15)^2+1))*SQRT((Input!$AA$16/Input!$AA$15)^2+(AJ31/(Input!$AA$15/2))^2)/((Input!$AA$16/Input!$AA$15)*(1+SQRT((Input!$AA$16/Input!$AA$15)^2+(AJ31/(Input!$AA$15/2))^2+1))))+LN(((Input!$AA$16/Input!$AA$15)+SQRT((Input!$AA$16/Input!$AA$15)^2+1))*SQRT(1+(AJ31/(Input!$AA$15/2))^2)/((Input!$AA$16/Input!$AA$15)+SQRT((Input!$AA$16/Input!$AA$15)^2+(AJ31/(Input!$AA$15/2))^2+1))))/PI() | BE31: =(AJ31/(Input!$AA$15/2))/(2*PI())*ATAN((Input!$AA$16/Input!$AA$15)/((AJ31/(Input!$AA$15/2))*SQRT((Input!$AA$16/Input!$AA$15)^2+(AJ31/(Input!$AA$15/2))^2+1))) | BF31: =MAX(0,AJ31-MAX(AI31,$AA$22))/AK31*IF(BC31>=Input!$AA$21*AQ31,1,0) | BG31: =4*Input!$AA$14*(Input!$AA$15/2)*(1-AY31^2)/AX31*((BD31-BD30)+(1-2*AY31)/(1-AY31)*(BE31-BE30))*1000*BF31 | BH31: =IF(AM31="Sand",0,0.009*(AR31-10)) | BI31: =BH31*Input!$AA$36 | BJ31: =IF(AM31="Sand",0,MAX(AV31/Input!$AA$37,AQ31)) | BK31: =IF(AM31="Sand",0,1000*AK31/(1+AU31)*IF(AQ31+BC31<=BJ31,BI31*LOG10((AQ31+BC31)/AQ31),BI31*LOG10(BJ31/AQ31)+BH31*LOG10((AQ31+BC31)/BJ31)))*BF31 | BL31: =IF(AM31="Sand",0,10^(INDEX(Input!$Q$48:$Q$54,MIN(MATCH(MIN(MAX(AR31,30),120),Input!$C$48:$C$54,1),6))+(MIN(MAX(AR31,30),120)-INDEX(Input!$C$48:$C$54,MIN(MATCH(MIN(MAX(AR31,30),120),Input!$C$48:$C$54,1),6)))/(INDEX(Input!$C$48:$C$54,MIN(MATCH(MIN(MAX(AR31,30),120),Input!$C$48:$C$54,1),6)+1)-INDEX(Input!$C$48:$C$54,MIN(MATCH(MIN(MAX(AR31,30),120),Input!$C$48:$C$54,1),6)))*(INDEX(Input!$Q$48:$Q$54,MIN(MATCH(MIN(MAX(AR31,30),120),Input!$C$48:$C$54,1),6)+1)-INDEX(Input!$Q$48:$Q$54,MIN(MATCH(MIN(MAX(AR31,30),120),Input!$C$48:$C$54,1),6))))) | BM31: =IF(OR(AM31="Sand",BF31=0),0,Input!$AA$38*(AK31/2)^2/(BL31*1E-4*31536000)) | BN31: =MAX(0,MIN(AJ31,Input!$AA$20)-AI31) | BO31: =MAX(0,MIN(AJ31,Input!$AA$20)-MAX(AI31,$AA$22)) | BP31: =MAX(0,MIN(AJ31,$AA$225)-AI31)
